DATAFLOW,LIVESTOCK_AGR_AGR_003,AREA_AGR_AGR_003,YEAR_AGR_AGR_003,OBS_VALUE,OBS_STATUS
STATSNZ:AGR_AGR_003(1.0),6731,8,1994,7458218,
STATSNZ:AGR_AGR_003(1.0),7685,20,1994,221897,
STATSNZ:AGR_AGR_003(1.0),7699,8,1994,128676,
STATSNZ:AGR_AGR_003(1.0),6723,5,1994,77322,
STATSNZ:AGR_AGR_003(1.0),7190,17,1994,69008,
STATSNZ:AGR_AGR_003(1.0),7074,14,1994,16317,
STATSNZ:AGR_AGR_003(1.0),6738,11,1994,14722,
STATSNZ:AGR_AGR_003(1.0),7696,13,1994,5905,
STATSNZ:AGR_AGR_003(1.0),7186,11,1994,72,
STATSNZ:AGR_AGR_003(1.0),6721,20,2002,26784582,
STATSNZ:AGR_AGR_003(1.0),6702,19,2002,17421302,
STATSNZ:AGR_AGR_003(1.0),6721,16,2002,4229999,
STATSNZ:AGR_AGR_003(1.0),7056,20,2002,1101633,
STATSNZ:AGR_AGR_003(1.0),7190,19,2002,741208,
STATSNZ:AGR_AGR_003(1.0),7073,20,2002,452828,
STATSNZ:AGR_AGR_003(1.0),7072,8,2002,61802,
STATSNZ:AGR_AGR_003(1.0),6738,4,2002,25330,
STATSNZ:AGR_AGR_003(1.0),7059,5,2002,24636,
STATSNZ:AGR_AGR_003(1.0),7067,2,2002,19077,
STATSNZ:AGR_AGR_003(1.0),7188,2,2002,7122,
STATSNZ:AGR_AGR_003(1.0),7687,7,2002,5479,
STATSNZ:AGR_AGR_003(1.0),7810,1,2002,3097,
STATSNZ:AGR_AGR_003(1.0),6949,4,2002,1173,
STATSNZ:AGR_AGR_003(1.0),7185,13,2002,253,
STATSNZ:AGR_AGR_003(1.0),7810,18,2002,43,
STATSNZ:AGR_AGR_003(1.0),6720,10,2003,194968,
STATSNZ:AGR_AGR_003(1.0),6720,17,2003,56478,
STATSNZ:AGR_AGR_003(1.0),6723,6,2003,254389,
STATSNZ:AGR_AGR_003(1.0),7066,3,2003,83970,
STATSNZ:AGR_AGR_003(1.0),7187,3,2003,1307610,
STATSNZ:AGR_AGR_003(1.0),7685,10,2003,58948,
STATSNZ:AGR_AGR_003(1.0),7686,8,2003,26396,
STATSNZ:AGR_AGR_003(1.0),7696,14,2003,16804,
STATSNZ:AGR_AGR_003(1.0),7057,9,2004,6406,
STATSNZ:AGR_AGR_003(1.0),7064,15,2004,68753,
STATSNZ:AGR_AGR_003(1.0),7068,12,2004,34,
STATSNZ:AGR_AGR_003(1.0),7071,3,2004,26500,
STATSNZ:AGR_AGR_003(1.0),7074,9,2004,45533,
STATSNZ:AGR_AGR_003(1.0),7193,17,2004,349021,
STATSNZ:AGR_AGR_003(1.0),7186,6,2004,286,
STATSNZ:AGR_AGR_003(1.0),6731,3,2004,2457368,
STATSNZ:AGR_AGR_003(1.0),6723,10,2004,1452590,
STATSNZ:AGR_AGR_003(1.0),6703,14,2004,76915,
STATSNZ:AGR_AGR_003(1.0),7699,3,2004,144469,
STATSNZ:AGR_AGR_003(1.0),7688,17,2004,78905,
STATSNZ:AGR_AGR_003(1.0),7077,1,2005,469262,
STATSNZ:AGR_AGR_003(1.0),7059,15,2005,42005,
STATSNZ:AGR_AGR_003(1.0),6721,9,2005,1269559,
STATSNZ:AGR_AGR_003(1.0),6702,3,2005,2139699,
STATSNZ:AGR_AGR_003(1.0),7687,10,2005,256276,
STATSNZ:AGR_AGR_003(1.0),6955,3,2005,100768,
STATSNZ:AGR_AGR_003(1.0),7058,10,2006,102620,
STATSNZ:AGR_AGR_003(1.0),7058,17,2006,3647,
STATSNZ:AGR_AGR_003(1.0),7065,6,2006,20502,
STATSNZ:AGR_AGR_003(1.0),7071,3,2006,21166,
STATSNZ:AGR_AGR_003(1.0),7193,10,2006,3714682,
STATSNZ:AGR_AGR_003(1.0),7193,17,2006,375911,
STATSNZ:AGR_AGR_003(1.0),7184,8,2006,67268,
STATSNZ:AGR_AGR_003(1.0),7187,14,2006,119219,
STATSNZ:AGR_AGR_003(1.0),6720,11,2006,3435,
STATSNZ:AGR_AGR_003(1.0),6723,17,2006,552897,
STATSNZ:AGR_AGR_003(1.0),6701,5,2006,71419,
STATSNZ:AGR_AGR_003(1.0),7685,11,2006,1797,
STATSNZ:AGR_AGR_003(1.0),7696,8,2006,47443,
STATSNZ:AGR_AGR_003(1.0),6953,5,2006,823,
STATSNZ:AGR_AGR_003(1.0),7057,3,2007,22124,
STATSNZ:AGR_AGR_003(1.0),7064,9,2007,20013,
STATSNZ:AGR_AGR_003(1.0),7074,3,2007,110668,
STATSNZ:AGR_AGR_003(1.0),7186,10,2007,12814,
STATSNZ:AGR_AGR_003(1.0),7186,17,2007,1558,
STATSNZ:AGR_AGR_003(1.0),7190,6,2007,48849,
STATSNZ:AGR_AGR_003(1.0),6731,14,2007,54094,
STATSNZ:AGR_AGR_003(1.0),6723,11,2007,27659,
STATSNZ:AGR_AGR_003(1.0),6703,8,2007,5717867,
STATSNZ:AGR_AGR_003(1.0),7699,14,2007,41755,
STATSNZ:AGR_AGR_003(1.0),7688,11,2007,4866,
STATSNZ:AGR_AGR_003(1.0),7696,2,2007,3473,
STATSNZ:AGR_AGR_003(1.0),6951,8,2007,403,
STATSNZ:AGR_AGR_003(1.0),7077,15,2008,533665,
STATSNZ:AGR_AGR_003(1.0),7073,6,2008,47746,
STATSNZ:AGR_AGR_003(1.0),7185,3,2008,14240,
STATSNZ:AGR_AGR_003(1.0),7190,10,2008,2421990,
STATSNZ:AGR_AGR_003(1.0),6722,14,2008,355,
STATSNZ:AGR_AGR_003(1.0),6727,3,2008,4711,
STATSNZ:AGR_AGR_003(1.0),6702,17,2008,5582869,
STATSNZ:AGR_AGR_003(1.0),7688,5,2008,4230,
STATSNZ:AGR_AGR_003(1.0),7810,8,2008,5338,
STATSNZ:AGR_AGR_003(1.0),7077,8,2009,609701,
STATSNZ:AGR_AGR_003(1.0),7066,11,2009,8830,
STATSNZ:AGR_AGR_003(1.0),6720,8,2009,60070,
STATSNZ:AGR_AGR_003(1.0),6727,13,2009,36586,
STATSNZ:AGR_AGR_003(1.0),7686,16,2009,32857,
STATSNZ:AGR_AGR_003(1.0),7686,20,2009,261102,
STATSNZ:AGR_AGR_003(1.0),6955,19,2009,436177,
STATSNZ:AGR_AGR_003(1.0),7077,13,2010,60852,
STATSNZ:AGR_AGR_003(1.0),7056,4,2010,17759,
STATSNZ:AGR_AGR_003(1.0),7064,1,2010,52957,
STATSNZ:AGR_AGR_003(1.0),7064,18,2010,2553,
STATSNZ:AGR_AGR_003(1.0),7068,15,2010,8184,
STATSNZ:AGR_AGR_003(1.0),7073,4,2010,3809,
STATSNZ:AGR_AGR_003(1.0),7186,9,2010,684,
STATSNZ:AGR_AGR_003(1.0),7190,15,2010,499969,
STATSNZ:AGR_AGR_003(1.0),7699,6,2010,66573,
STATSNZ:AGR_AGR_003(1.0),6951,10,2010,2280,
STATSNZ:AGR_AGR_003(1.0),7077,9,2011,150561,
STATSNZ:AGR_AGR_003(1.0),7059,6,2011,38292,
STATSNZ:AGR_AGR_003(1.0),7067,3,2011,54833,
STATSNZ:AGR_AGR_003(1.0),7073,10,2011,217821,
STATSNZ:AGR_AGR_003(1.0),7184,6,2011,18979,
STATSNZ:AGR_AGR_003(1.0),7185,14,2011,2306,
STATSNZ:AGR_AGR_003(1.0),7190,11,2011,42721,
STATSNZ:AGR_AGR_003(1.0),6702,11,2011,198340,
STATSNZ:AGR_AGR_003(1.0),7699,2,2011,10593,
STATSNZ:AGR_AGR_003(1.0),7687,8,2011,43765,
STATSNZ:AGR_AGR_003(1.0),7057,14,2012,2324,
STATSNZ:AGR_AGR_003(1.0),7065,11,2012,2896,
STATSNZ:AGR_AGR_003(1.0),7071,8,2012,16863,
STATSNZ:AGR_AGR_003(1.0),7072,20,2012,246684,
STATSNZ:AGR_AGR_003(1.0),7193,5,2012,17095,
STATSNZ:AGR_AGR_003(1.0),7187,2,2012,88822,
STATSNZ:AGR_AGR_003(1.0),6731,8,2012,5612743,
STATSNZ:AGR_AGR_003(1.0),6703,2,2012,152369,
STATSNZ:AGR_AGR_003(1.0),7685,16,2012,8628,
STATSNZ:AGR_AGR_003(1.0),7685,20,2012,87898,
STATSNZ:AGR_AGR_003(1.0),7696,13,2012,2809,
STATSNZ:AGR_AGR_003(1.0),6954,4,2012,4542,
STATSNZ:AGR_AGR_003(1.0),6953,19,2012,164544,
STATSNZ:AGR_AGR_003(1.0),7056,14,2013,10091,
STATSNZ:AGR_AGR_003(1.0),7059,3,2013,42172,
STATSNZ:AGR_AGR_003(1.0),7067,17,2013,26726,
STATSNZ:AGR_AGR_003(1.0),7073,14,2013,,s
STATSNZ:AGR_AGR_003(1.0),7185,11,2013,,s
STATSNZ:AGR_AGR_003(1.0),7188,10,2013,247341,
STATSNZ:AGR_AGR_003(1.0),6722,5,2013,50175,
STATSNZ:AGR_AGR_003(1.0),6738,2,2013,32212,
STATSNZ:AGR_AGR_003(1.0),6702,8,2013,4361630,
STATSNZ:AGR_AGR_003(1.0),6949,2,2013,,c
STATSNZ:AGR_AGR_003(1.0),7810,16,2013,2286,
STATSNZ:AGR_AGR_003(1.0),7810,20,2013,57427,
STATSNZ:AGR_AGR_003(1.0),7077,3,2014,469331,
STATSNZ:AGR_AGR_003(1.0),7059,17,2014,9085,
STATSNZ:AGR_AGR_003(1.0),7067,14,2014,6398,
STATSNZ:AGR_AGR_003(1.0),7073,11,2014,2296,
STATSNZ:AGR_AGR_003(1.0),7184,10,2014,522692,
STATSNZ:AGR_AGR_003(1.0),7184,17,2014,109974,
STATSNZ:AGR_AGR_003(1.0),7190,5,2014,6306,
STATSNZ:AGR_AGR_003(1.0),6721,11,2014,141221,
STATSNZ:AGR_AGR_003(1.0),6727,8,2014,8499,
STATSNZ:AGR_AGR_003(1.0),7687,2,2014,2075,
STATSNZ:AGR_AGR_003(1.0),6949,16,2014,710,
STATSNZ:AGR_AGR_003(1.0),6949,20,2014,27616,
STATSNZ:AGR_AGR_003(1.0),6955,5,2014,,c
STATSNZ:AGR_AGR_003(1.0),7057,8,2015,27148,
STATSNZ:AGR_AGR_003(1.0),7065,5,2015,16341,
STATSNZ:AGR_AGR_003(1.0),7068,11,2015,1137,
STATSNZ:AGR_AGR_003(1.0),7071,2,2015,818,
STATSNZ:AGR_AGR_003(1.0),7193,16,2015,384979,
STATSNZ:AGR_AGR_003(1.0),7193,20,2015,6485535,
STATSNZ:AGR_AGR_003(1.0),7187,13,2015,20929,
STATSNZ:AGR_AGR_003(1.0),6731,2,2015,240830,
STATSNZ:AGR_AGR_003(1.0),6723,16,2015,228426,
STATSNZ:AGR_AGR_003(1.0),6724,7,2015,85579,
STATSNZ:AGR_AGR_003(1.0),6703,13,2015,317361,
STATSNZ:AGR_AGR_003(1.0),7685,19,2015,61972,
STATSNZ:AGR_AGR_003(1.0),7688,16,2015,25124,
STATSNZ:AGR_AGR_003(1.0),7696,7,2015,,s
STATSNZ:AGR_AGR_003(1.0),6953,4,2015,1527,
STATSNZ:AGR_AGR_003(1.0),7057,6,2016,10103,
STATSNZ:AGR_AGR_003(1.0),7065,3,2016,46375,
STATSNZ:AGR_AGR_003(1.0),7068,9,2016,1720,
STATSNZ:AGR_AGR_003(1.0),7071,10,2016,91297,
STATSNZ:AGR_AGR_003(1.0),7193,14,2016,180956,
STATSNZ:AGR_AGR_003(1.0),7186,3,2016,16682,
STATSNZ:AGR_AGR_003(1.0),7187,11,2016,41534,
STATSNZ:AGR_AGR_003(1.0),6731,10,2016,13693541,
STATSNZ:AGR_AGR_003(1.0),6731,17,2016,3711484,
STATSNZ:AGR_AGR_003(1.0),6724,5,2016,247450,
STATSNZ:AGR_AGR_003(1.0),6703,11,2016,218461,
STATSNZ:AGR_AGR_003(1.0),7685,8,2016,6930,
STATSNZ:AGR_AGR_003(1.0),7688,14,2016,5014,
STATSNZ:AGR_AGR_003(1.0),7696,5,2016,3275,
STATSNZ:AGR_AGR_003(1.0),6953,2,2016,,c
STATSNZ:AGR_AGR_003(1.0),7058,15,2017,16768,
STATSNZ:AGR_AGR_003(1.0),7065,4,2017,4580,
STATSNZ:AGR_AGR_003(1.0),7071,18,2017,17,
STATSNZ:AGR_AGR_003(1.0),7072,9,2017,13130,
STATSNZ:AGR_AGR_003(1.0),7187,12,2017,1948,
STATSNZ:AGR_AGR_003(1.0),6720,9,2017,13526,
STATSNZ:AGR_AGR_003(1.0),6721,10,2017,8642645,
STATSNZ:AGR_AGR_003(1.0),6724,6,2017,551201,
STATSNZ:AGR_AGR_003(1.0),6701,3,2017,87394,
STATSNZ:AGR_AGR_003(1.0),7685,9,2017,2393,
STATSNZ:AGR_AGR_003(1.0),6954,14,2017,71,
STATSNZ:AGR_AGR_003(1.0),6953,3,2017,26772,
STATSNZ:AGR_AGR_003(1.0),6955,11,2017,301,
STATSNZ:AGR_AGR_003(1.0),7077,19,2018,1101174,
STATSNZ:AGR_AGR_003(1.0),7058,16,2018,5552,
STATSNZ:AGR_AGR_003(1.0),7058,20,2018,129108,
STATSNZ:AGR_AGR_003(1.0),7066,13,2018,3602,
STATSNZ:AGR_AGR_003(1.0),7067,4,2018,12291,
STATSNZ:AGR_AGR_003(1.0),7072,19,2018,50126,
STATSNZ:AGR_AGR_003(1.0),7073,18,2018,0,
STATSNZ:AGR_AGR_003(1.0),7184,7,2018,65801,
STATSNZ:AGR_AGR_003(1.0),7188,4,2018,20990,
STATSNZ:AGR_AGR_003(1.0),6721,1,2018,164116,
STATSNZ:AGR_AGR_003(1.0),6727,15,2018,78245,
STATSNZ:AGR_AGR_003(1.0),6701,4,2018,25761,
STATSNZ:AGR_AGR_003(1.0),7686,18,2018,0,
STATSNZ:AGR_AGR_003(1.0),6954,15,2018,185924,
STATSNZ:AGR_AGR_003(1.0),6955,12,2018,,s
STATSNZ:AGR_AGR_003(1.0),7057,10,2019,115148,
STATSNZ:AGR_AGR_003(1.0),7057,17,2019,16941,
STATSNZ:AGR_AGR_003(1.0),7065,14,2019,1099,
STATSNZ:AGR_AGR_003(1.0),7193,8,2019,467626,
STATSNZ:AGR_AGR_003(1.0),7186,14,2019,374,
STATSNZ:AGR_AGR_003(1.0),6731,11,2019,234007,
STATSNZ:AGR_AGR_003(1.0),6723,8,2019,432109,
STATSNZ:AGR_AGR_003(1.0),6724,16,2019,689736,
STATSNZ:AGR_AGR_003(1.0),6703,5,2019,1216035,
STATSNZ:AGR_AGR_003(1.0),7685,2,2019,2118,
STATSNZ:AGR_AGR_003(1.0),7696,20,2019,304621,
STATSNZ:AGR_AGR_003(1.0),6953,13,2019,723,
STATSNZ:AGR_AGR_003(1.0),7077,4,2020,110112,
STATSNZ:AGR_AGR_003(1.0),7058,19,2020,44701,
STATSNZ:AGR_AGR_003(1.0),7066,7,2020,17303,
STATSNZ:AGR_AGR_003(1.0),7071,13,2020,,s
STATSNZ:AGR_AGR_003(1.0),7184,1,2020,41650,
STATSNZ:AGR_AGR_003(1.0),7187,7,2020,431053,
STATSNZ:AGR_AGR_003(1.0),6720,4,2020,2853,
STATSNZ:AGR_AGR_003(1.0),6724,1,2020,40346,
STATSNZ:AGR_AGR_003(1.0),6724,18,2020,,s
STATSNZ:AGR_AGR_003(1.0),6701,15,2020,236756,
STATSNZ:AGR_AGR_003(1.0),7686,12,2020,0,
STATSNZ:AGR_AGR_003(1.0),7696,1,2020,,s
STATSNZ:AGR_AGR_003(1.0),7696,18,2020,0,
STATSNZ:AGR_AGR_003(1.0),6955,6,2020,9716,
STATSNZ:AGR_AGR_003(1.0),7058,9,2021,,s
STATSNZ:AGR_AGR_003(1.0),7059,10,2021,247204,
STATSNZ:AGR_AGR_003(1.0),7066,6,2021,39252,
STATSNZ:AGR_AGR_003(1.0),7072,3,2021,56025,
STATSNZ:AGR_AGR_003(1.0),7193,9,2021,92511,
STATSNZ:AGR_AGR_003(1.0),7188,14,2021,,s
STATSNZ:AGR_AGR_003(1.0),6720,3,2021,18153,
STATSNZ:AGR_AGR_003(1.0),6724,10,2021,1986142,
STATSNZ:AGR_AGR_003(1.0),6724,17,2021,529741,
STATSNZ:AGR_AGR_003(1.0),6701,14,2021,,s
STATSNZ:AGR_AGR_003(1.0),6702,5,2021,1278046,
STATSNZ:AGR_AGR_003(1.0),7686,11,2021,1830,
STATSNZ:AGR_AGR_003(1.0),6954,8,2021,13170,
STATSNZ:AGR_AGR_003(1.0),6953,14,2021,115,
STATSNZ:AGR_AGR_003(1.0),7057,11,2022,1918,
STATSNZ:AGR_AGR_003(1.0),7064,10,2022,318543,
STATSNZ:AGR_AGR_003(1.0),7064,17,2022,28590,
STATSNZ:AGR_AGR_003(1.0),7068,14,2022,1047,
STATSNZ:AGR_AGR_003(1.0),7071,5,2022,5251,
STATSNZ:AGR_AGR_003(1.0),7193,2,2022,90594,
STATSNZ:AGR_AGR_003(1.0),7186,8,2022,5983,
STATSNZ:AGR_AGR_003(1.0),6731,5,2022,1321554,
STATSNZ:AGR_AGR_003(1.0),6723,2,2022,13667,
STATSNZ:AGR_AGR_003(1.0),6703,16,2022,4005825,
STATSNZ:AGR_AGR_003(1.0),6703,20,2022,21952415,
STATSNZ:AGR_AGR_003(1.0),7699,5,2022,11917,
STATSNZ:AGR_AGR_003(1.0),7696,19,2022,215665,
STATSNZ:AGR_AGR_003(1.0),6951,20,2022,5791,
STATSNZ:AGR_AGR_003(1.0),6953,7,2022,10280,
STATSNZ:AGR_AGR_003(1.0),7058,4,2023,,s
STATSNZ:AGR_AGR_003(1.0),7065,19,2023,55465,
STATSNZ:AGR_AGR_003(1.0),7066,18,2023,,s
STATSNZ:AGR_AGR_003(1.0),7071,7,2023,,s
STATSNZ:AGR_AGR_003(1.0),7184,12,2023,310,
STATSNZ:AGR_AGR_003(1.0),7187,1,2023,215134,
STATSNZ:AGR_AGR_003(1.0),7187,18,2023,0,
STATSNZ:AGR_AGR_003(1.0),6720,15,2023,38997,
STATSNZ:AGR_AGR_003(1.0),6701,9,2023,98296,
STATSNZ:AGR_AGR_003(1.0),7696,12,2023,,s
STATSNZ:AGR_AGR_003(1.0),6954,3,2023,39579,
STATSNZ:AGR_AGR_003(1.0),6955,10,2023,211593,
STATSNZ:AGR_AGR_003(1.0),6955,17,2023,,s
STATSNZ:AGR_AGR_003(1.0),7058,15,2024,,s
STATSNZ:AGR_AGR_003(1.0),7065,4,2024,,s
STATSNZ:AGR_AGR_003(1.0),7071,18,2024,0,
STATSNZ:AGR_AGR_003(1.0),7072,9,2024,8693,
STATSNZ:AGR_AGR_003(1.0),7187,12,2024,1082,
STATSNZ:AGR_AGR_003(1.0),6720,9,2024,,s
STATSNZ:AGR_AGR_003(1.0),6721,10,2024,7066127,
STATSNZ:AGR_AGR_003(1.0),6724,6,2024,527358,
STATSNZ:AGR_AGR_003(1.0),6701,3,2024,80357,
STATSNZ:AGR_AGR_003(1.0),7685,9,2024,2124,
STATSNZ:AGR_AGR_003(1.0),6954,14,2024,,s
STATSNZ:AGR_AGR_003(1.0),6953,3,2024,17630,
STATSNZ:AGR_AGR_003(1.0),6955,11,2024,,s
STATSNZ:AGR_AGR_003(1.0),6724,10,1994,4048860,
STATSNZ:AGR_AGR_003(1.0),6724,17,1994,1319411,
STATSNZ:AGR_AGR_003(1.0),6722,19,1994,417795,
STATSNZ:AGR_AGR_003(1.0),7699,4,1994,81873,
STATSNZ:AGR_AGR_003(1.0),6954,8,1994,37628,
STATSNZ:AGR_AGR_003(1.0),6731,12,1994,15099,
STATSNZ:AGR_AGR_003(1.0),7688,18,1994,30,
STATSNZ:AGR_AGR_003(1.0),6703,20,2002,32647387,
STATSNZ:AGR_AGR_003(1.0),7187,7,2002,498883,
STATSNZ:AGR_AGR_003(1.0),7077,4,2002,134815,
STATSNZ:AGR_AGR_003(1.0),6724,1,2002,85794,
STATSNZ:AGR_AGR_003(1.0),7073,3,2002,82355,
STATSNZ:AGR_AGR_003(1.0),6727,9,2002,11230,
STATSNZ:AGR_AGR_003(1.0),6722,11,2002,3935,
STATSNZ:AGR_AGR_003(1.0),7185,17,2002,3445,
STATSNZ:AGR_AGR_003(1.0),6702,6,2003,2922112,
STATSNZ:AGR_AGR_003(1.0),6703,16,2003,5045625,
STATSNZ:AGR_AGR_003(1.0),6703,20,2003,33247115,
STATSNZ:AGR_AGR_003(1.0),6723,2,2003,24056,
STATSNZ:AGR_AGR_003(1.0),6731,5,2003,1869777,
STATSNZ:AGR_AGR_003(1.0),6953,7,2003,15521,
STATSNZ:AGR_AGR_003(1.0),7057,11,2003,1955,
STATSNZ:AGR_AGR_003(1.0),7059,1,2003,41015,
STATSNZ:AGR_AGR_003(1.0),7067,15,2003,60293,
STATSNZ:AGR_AGR_003(1.0),7077,4,2003,125306,
STATSNZ:AGR_AGR_003(1.0),7193,2,2003,167559,
STATSNZ:AGR_AGR_003(1.0),7687,3,2003,67815,
STATSNZ:AGR_AGR_003(1.0),7056,14,2004,10364,
STATSNZ:AGR_AGR_003(1.0),7067,17,2004,31040,
STATSNZ:AGR_AGR_003(1.0),7073,14,2004,1220,
STATSNZ:AGR_AGR_003(1.0),7185,11,2004,531,
STATSNZ:AGR_AGR_003(1.0),7187,1,2004,311758,
STATSNZ:AGR_AGR_003(1.0),7190,8,2004,233660,
STATSNZ:AGR_AGR_003(1.0),6720,15,2004,76029,
STATSNZ:AGR_AGR_003(1.0),6722,5,2004,28442,
STATSNZ:AGR_AGR_003(1.0),6738,2,2004,43705,
STATSNZ:AGR_AGR_003(1.0),6701,9,2004,46698,
STATSNZ:AGR_AGR_003(1.0),7699,20,2004,1756888,
STATSNZ:AGR_AGR_003(1.0),6949,2,2004,1120,
STATSNZ:AGR_AGR_003(1.0),7810,16,2004,3473,
STATSNZ:AGR_AGR_003(1.0),7810,20,2004,76918,
STATSNZ:AGR_AGR_003(1.0),7056,13,2005,21348,
STATSNZ:AGR_AGR_003(1.0),7064,19,2005,163826,
STATSNZ:AGR_AGR_003(1.0),7066,10,2005,353741,
STATSNZ:AGR_AGR_003(1.0),7066,17,2005,18566,
STATSNZ:AGR_AGR_003(1.0),7074,4,2005,24550,
STATSNZ:AGR_AGR_003(1.0),7190,7,2005,423795,
STATSNZ:AGR_AGR_003(1.0),6720,14,2005,1031,
STATSNZ:AGR_AGR_003(1.0),6724,11,2005,36426,
STATSNZ:AGR_AGR_003(1.0),7699,15,2005,482605,
STATSNZ:AGR_AGR_003(1.0),7686,5,2005,7430,
STATSNZ:AGR_AGR_003(1.0),7057,5,2006,12404,
STATSNZ:AGR_AGR_003(1.0),7067,9,2006,15908,
STATSNZ:AGR_AGR_003(1.0),7071,20,2006,130089,
STATSNZ:AGR_AGR_003(1.0),7185,3,2006,15979,
STATSNZ:AGR_AGR_003(1.0),7190,8,2006,243518,
STATSNZ:AGR_AGR_003(1.0),6731,20,2006,40081594,
STATSNZ:AGR_AGR_003(1.0),6721,6,2006,2502742,
STATSNZ:AGR_AGR_003(1.0),6723,13,2006,23918,
STATSNZ:AGR_AGR_003(1.0),6703,19,2006,17960036,
STATSNZ:AGR_AGR_003(1.0),6702,10,2006,15004068,
STATSNZ:AGR_AGR_003(1.0),7687,14,2006,24237,
STATSNZ:AGR_AGR_003(1.0),7696,4,2006,21693,
STATSNZ:AGR_AGR_003(1.0),7058,15,2007,13464,
STATSNZ:AGR_AGR_003(1.0),7071,1,2007,20154,
STATSNZ:AGR_AGR_003(1.0),7071,18,2007,13,
STATSNZ:AGR_AGR_003(1.0),7073,8,2007,53692,
STATSNZ:AGR_AGR_003(1.0),7190,2,2007,72377,
STATSNZ:AGR_AGR_003(1.0),6720,9,2007,19686,
STATSNZ:AGR_AGR_003(1.0),6722,16,2007,39820,
STATSNZ:AGR_AGR_003(1.0),6722,20,2007,286441,
STATSNZ:AGR_AGR_003(1.0),6724,6,2007,607949,
STATSNZ:AGR_AGR_003(1.0),6738,13,2007,43073,
STATSNZ:AGR_AGR_003(1.0),6701,3,2007,141104,
STATSNZ:AGR_AGR_003(1.0),6953,3,2007,40839,
STATSNZ:AGR_AGR_003(1.0),7810,19,2007,23152,
STATSNZ:AGR_AGR_003(1.0),7066,14,2008,3284,
STATSNZ:AGR_AGR_003(1.0),7072,11,2008,2551,
STATSNZ:AGR_AGR_003(1.0),7074,1,2008,91637,
STATSNZ:AGR_AGR_003(1.0),7074,18,2008,5203,
STATSNZ:AGR_AGR_003(1.0),7184,8,2008,73755,
STATSNZ:AGR_AGR_003(1.0),7186,15,2008,1981,
STATSNZ:AGR_AGR_003(1.0),7188,5,2008,1623,
STATSNZ:AGR_AGR_003(1.0),6724,8,2008,985712,
STATSNZ:AGR_AGR_003(1.0),7686,2,2008,2926,
STATSNZ:AGR_AGR_003(1.0),6954,16,2008,13001,
STATSNZ:AGR_AGR_003(1.0),6954,20,2008,324594,
STATSNZ:AGR_AGR_003(1.0),6951,6,2008,61,
STATSNZ:AGR_AGR_003(1.0),7067,6,2009,36993,
STATSNZ:AGR_AGR_003(1.0),7193,19,2009,2064292,
STATSNZ:AGR_AGR_003(1.0),7185,10,2009,38075,
STATSNZ:AGR_AGR_003(1.0),7190,14,2009,113271,
STATSNZ:AGR_AGR_003(1.0),6720,4,2009,3657,
STATSNZ:AGR_AGR_003(1.0),6703,7,2009,406402,
STATSNZ:AGR_AGR_003(1.0),6702,14,2009,43574,
STATSNZ:AGR_AGR_003(1.0),7687,11,2009,6590,
STATSNZ:AGR_AGR_003(1.0),7696,1,2009,1869,
STATSNZ:AGR_AGR_003(1.0),6949,8,2009,3007,
STATSNZ:AGR_AGR_003(1.0),6953,15,2009,142932,
STATSNZ:AGR_AGR_003(1.0),7077,9,2010,143398,
STATSNZ:AGR_AGR_003(1.0),7057,16,2010,13095,
STATSNZ:AGR_AGR_003(1.0),7057,20,2010,153098,
STATSNZ:AGR_AGR_003(1.0),7059,6,2010,39975,
STATSNZ:AGR_AGR_003(1.0),7073,10,2010,210378,
STATSNZ:AGR_AGR_003(1.0),7188,3,2010,97562,
STATSNZ:AGR_AGR_003(1.0),6731,19,2010,16533535,
STATSNZ:AGR_AGR_003(1.0),6721,17,2010,3491689,
STATSNZ:AGR_AGR_003(1.0),6727,14,2010,315,
STATSNZ:AGR_AGR_003(1.0),7685,1,2010,657,
STATSNZ:AGR_AGR_003(1.0),7696,15,2010,115525,
STATSNZ:AGR_AGR_003(1.0),7056,4,2011,16934,
STATSNZ:AGR_AGR_003(1.0),7064,1,2011,50758,
STATSNZ:AGR_AGR_003(1.0),7064,18,2011,2329,
STATSNZ:AGR_AGR_003(1.0),7066,8,2011,65951,
STATSNZ:AGR_AGR_003(1.0),7068,15,2011,9429,
STATSNZ:AGR_AGR_003(1.0),7072,5,2011,18308,
STATSNZ:AGR_AGR_003(1.0),7074,12,2011,507,
STATSNZ:AGR_AGR_003(1.0),7186,9,2011,465,
STATSNZ:AGR_AGR_003(1.0),7188,20,2011,403704,
STATSNZ:AGR_AGR_003(1.0),6721,13,2011,264908,
STATSNZ:AGR_AGR_003(1.0),6724,2,2011,30891,
STATSNZ:AGR_AGR_003(1.0),7699,6,2011,63512,
STATSNZ:AGR_AGR_003(1.0),7688,3,2011,16790,
STATSNZ:AGR_AGR_003(1.0),6954,19,2011,191031,
STATSNZ:AGR_AGR_003(1.0),6951,10,2011,2011,
STATSNZ:AGR_AGR_003(1.0),6955,7,2011,41771,
STATSNZ:AGR_AGR_003(1.0),7059,10,2012,230357,
STATSNZ:AGR_AGR_003(1.0),7059,17,2012,8685,
STATSNZ:AGR_AGR_003(1.0),7185,20,2012,70410,
STATSNZ:AGR_AGR_003(1.0),7190,13,2012,15679,
STATSNZ:AGR_AGR_003(1.0),6720,3,2012,19363,
STATSNZ:AGR_AGR_003(1.0),6723,1,2012,31632,
STATSNZ:AGR_AGR_003(1.0),6724,17,2012,549368,
STATSNZ:AGR_AGR_003(1.0),6702,5,2012,1233867,
STATSNZ:AGR_AGR_003(1.0),6953,14,2012,,c
STATSNZ:AGR_AGR_003(1.0),7058,8,2013,18133,
STATSNZ:AGR_AGR_003(1.0),7059,20,2013,308066,
STATSNZ:AGR_AGR_003(1.0),7064,15,2013,67305,
STATSNZ:AGR_AGR_003(1.0),7067,13,2013,5256,
STATSNZ:AGR_AGR_003(1.0),6722,9,2013,,s
STATSNZ:AGR_AGR_003(1.0),6724,20,2013,4681623,
STATSNZ:AGR_AGR_003(1.0),6701,13,2013,10164,
STATSNZ:AGR_AGR_003(1.0),7699,3,2013,78947,
STATSNZ:AGR_AGR_003(1.0),7687,1,2013,1677,
STATSNZ:AGR_AGR_003(1.0),7688,10,2013,67868,
STATSNZ:AGR_AGR_003(1.0),7688,17,2013,44774,
STATSNZ:AGR_AGR_003(1.0),6954,7,2013,14596,
STATSNZ:AGR_AGR_003(1.0),7056,15,2014,114853,
STATSNZ:AGR_AGR_003(1.0),7058,5,2014,14699,
STATSNZ:AGR_AGR_003(1.0),7064,12,2014,116,
STATSNZ:AGR_AGR_003(1.0),7066,2,2014,15087,
STATSNZ:AGR_AGR_003(1.0),7068,9,2014,1866,
STATSNZ:AGR_AGR_003(1.0),7072,16,2014,8289,
STATSNZ:AGR_AGR_003(1.0),7072,20,2014,253174,
STATSNZ:AGR_AGR_003(1.0),7074,6,2014,70746,
STATSNZ:AGR_AGR_003(1.0),7188,19,2014,197245,
STATSNZ:AGR_AGR_003(1.0),6731,10,2014,14362495,
STATSNZ:AGR_AGR_003(1.0),6723,14,2014,6503,
STATSNZ:AGR_AGR_003(1.0),6738,3,2014,162620,
STATSNZ:AGR_AGR_003(1.0),6701,19,2014,516494,
STATSNZ:AGR_AGR_003(1.0),7699,10,2014,289954,
STATSNZ:AGR_AGR_003(1.0),7699,17,2014,223025,
STATSNZ:AGR_AGR_003(1.0),7686,7,2014,923,
STATSNZ:AGR_AGR_003(1.0),7688,14,2014,6101,
STATSNZ:AGR_AGR_003(1.0),6954,4,2014,3904,
STATSNZ:AGR_AGR_003(1.0),6951,11,2014,,c
STATSNZ:AGR_AGR_003(1.0),6955,1,2014,1687,
STATSNZ:AGR_AGR_003(1.0),7185,19,2015,28948,
STATSNZ:AGR_AGR_003(1.0),6720,14,2015,517,
STATSNZ:AGR_AGR_003(1.0),6724,11,2015,50395,
STATSNZ:AGR_AGR_003(1.0),6727,2,2015,2239,
STATSNZ:AGR_AGR_003(1.0),6738,18,2015,14295,
STATSNZ:AGR_AGR_003(1.0),7810,15,2015,8342,
STATSNZ:AGR_AGR_003(1.0),7071,4,2016,1084,
STATSNZ:AGR_AGR_003(1.0),7193,18,2016,0,
STATSNZ:AGR_AGR_003(1.0),7185,8,2016,8164,
STATSNZ:AGR_AGR_003(1.0),6720,12,2016,,c
STATSNZ:AGR_AGR_003(1.0),6722,2,2016,4326,
STATSNZ:AGR_AGR_003(1.0),6724,9,2016,202117,
STATSNZ:AGR_AGR_003(1.0),6727,10,2016,46116,
STATSNZ:AGR_AGR_003(1.0),6738,16,2016,327469,
STATSNZ:AGR_AGR_003(1.0),7696,9,2016,6464,
STATSNZ:AGR_AGR_003(1.0),7810,13,2016,315,
STATSNZ:AGR_AGR_003(1.0),7057,3,2017,15538,
STATSNZ:AGR_AGR_003(1.0),7059,19,2017,80307,
STATSNZ:AGR_AGR_003(1.0),7065,10,2017,172199,
STATSNZ:AGR_AGR_003(1.0),7071,14,2017,209,
STATSNZ:AGR_AGR_003(1.0),7185,1,2017,3680,
STATSNZ:AGR_AGR_003(1.0),7185,18,2017,0,
STATSNZ:AGR_AGR_003(1.0),7699,14,2017,28340,
STATSNZ:AGR_AGR_003(1.0),7685,5,2017,1647,
STATSNZ:AGR_AGR_003(1.0),7686,4,2017,7018,
STATSNZ:AGR_AGR_003(1.0),7687,12,2017,0,
STATSNZ:AGR_AGR_003(1.0),7696,2,2017,3742,
STATSNZ:AGR_AGR_003(1.0),7810,6,2017,1908,
STATSNZ:AGR_AGR_003(1.0),7056,5,2018,78216,
STATSNZ:AGR_AGR_003(1.0),7067,8,2018,57512,
STATSNZ:AGR_AGR_003(1.0),7071,15,2018,,s
STATSNZ:AGR_AGR_003(1.0),7193,12,2018,,s
STATSNZ:AGR_AGR_003(1.0),7185,2,2018,992,
STATSNZ:AGR_AGR_003(1.0),7190,16,2018,219989,
STATSNZ:AGR_AGR_003(1.0),7190,20,2018,4455952,
STATSNZ:AGR_AGR_003(1.0),6720,6,2018,25511,
STATSNZ:AGR_AGR_003(1.0),6724,3,2018,,s
STATSNZ:AGR_AGR_003(1.0),6738,19,2018,1432436,
STATSNZ:AGR_AGR_003(1.0),7686,14,2018,4734,
STATSNZ:AGR_AGR_003(1.0),6953,10,2018,72138,
STATSNZ:AGR_AGR_003(1.0),6953,17,2018,,s
STATSNZ:AGR_AGR_003(1.0),7810,7,2018,834,
STATSNZ:AGR_AGR_003(1.0),7059,11,2019,3552,
STATSNZ:AGR_AGR_003(1.0),7071,15,2019,,s
STATSNZ:AGR_AGR_003(1.0),7185,2,2019,1346,
STATSNZ:AGR_AGR_003(1.0),7187,9,2019,62900,
STATSNZ:AGR_AGR_003(1.0),7190,16,2019,270146,
STATSNZ:AGR_AGR_003(1.0),6720,6,2019,31009,
STATSNZ:AGR_AGR_003(1.0),6722,13,2019,11460,
STATSNZ:AGR_AGR_003(1.0),6738,19,2019,1315754,
STATSNZ:AGR_AGR_003(1.0),6701,17,2019,115007,
STATSNZ:AGR_AGR_003(1.0),7696,3,2019,24301,
STATSNZ:AGR_AGR_003(1.0),7810,7,2019,1046,
STATSNZ:AGR_AGR_003(1.0),7077,8,2020,571743,
STATSNZ:AGR_AGR_003(1.0),7057,15,2020,28326,
STATSNZ:AGR_AGR_003(1.0),7059,5,2020,20597,
STATSNZ:AGR_AGR_003(1.0),7065,12,2020,,s
STATSNZ:AGR_AGR_003(1.0),7067,2,2020,,s
STATSNZ:AGR_AGR_003(1.0),7071,9,2020,2541,
STATSNZ:AGR_AGR_003(1.0),7188,2,2020,7142,
STATSNZ:AGR_AGR_003(1.0),6731,9,2020,1443407,
STATSNZ:AGR_AGR_003(1.0),6721,16,2020,3340315,
STATSNZ:AGR_AGR_003(1.0),6721,20,2020,16569832,
STATSNZ:AGR_AGR_003(1.0),6723,6,2020,176760,
STATSNZ:AGR_AGR_003(1.0),6727,13,2020,23097,
STATSNZ:AGR_AGR_003(1.0),6703,3,2020,1314325,
STATSNZ:AGR_AGR_003(1.0),6702,19,2020,11321269,
STATSNZ:AGR_AGR_003(1.0),7685,17,2020,,s
STATSNZ:AGR_AGR_003(1.0),7687,7,2020,,s
STATSNZ:AGR_AGR_003(1.0),6953,11,2020,,s
STATSNZ:AGR_AGR_003(1.0),7810,1,2020,1450,
STATSNZ:AGR_AGR_003(1.0),7068,10,2021,44503,
STATSNZ:AGR_AGR_003(1.0),7074,14,2021,7389,
STATSNZ:AGR_AGR_003(1.0),7184,4,2021,,s
STATSNZ:AGR_AGR_003(1.0),7188,18,2021,0,
STATSNZ:AGR_AGR_003(1.0),6731,8,2021,4709345,
STATSNZ:AGR_AGR_003(1.0),6723,5,2021,148312,
STATSNZ:AGR_AGR_003(1.0),6727,12,2021,,s
STATSNZ:AGR_AGR_003(1.0),6955,9,2021,21016,
STATSNZ:AGR_AGR_003(1.0),7056,16,2022,91988,
STATSNZ:AGR_AGR_003(1.0),7059,5,2022,19999,
STATSNZ:AGR_AGR_003(1.0),7071,9,2022,7476,
STATSNZ:AGR_AGR_003(1.0),7073,16,2022,12759,
STATSNZ:AGR_AGR_003(1.0),7073,20,2022,231700,
STATSNZ:AGR_AGR_003(1.0),7185,13,2022,245,
STATSNZ:AGR_AGR_003(1.0),7187,3,2022,1342487,
STATSNZ:AGR_AGR_003(1.0),6720,10,2022,125510,
STATSNZ:AGR_AGR_003(1.0),6720,17,2022,32113,
STATSNZ:AGR_AGR_003(1.0),6722,7,2022,8779,
STATSNZ:AGR_AGR_003(1.0),6738,4,2022,16451,
STATSNZ:AGR_AGR_003(1.0),6701,11,2022,9079,
STATSNZ:AGR_AGR_003(1.0),7696,14,2022,9614,
STATSNZ:AGR_AGR_003(1.0),6949,4,2022,55,
STATSNZ:AGR_AGR_003(1.0),7810,1,2022,1202,
STATSNZ:AGR_AGR_003(1.0),7810,18,2022,,s
STATSNZ:AGR_AGR_003(1.0),7057,9,2023,4720,
STATSNZ:AGR_AGR_003(1.0),7059,16,2023,23241,
STATSNZ:AGR_AGR_003(1.0),7059,20,2023,313422,
STATSNZ:AGR_AGR_003(1.0),7067,13,2023,4497,
STATSNZ:AGR_AGR_003(1.0),7071,3,2023,,s
STATSNZ:AGR_AGR_003(1.0),7193,17,2023,654208,
STATSNZ:AGR_AGR_003(1.0),6721,19,2023,7647529,
STATSNZ:AGR_AGR_003(1.0),6723,10,2023,1030561,
STATSNZ:AGR_AGR_003(1.0),6723,17,2023,233337,
STATSNZ:AGR_AGR_003(1.0),6703,14,2023,,s
STATSNZ:AGR_AGR_003(1.0),6702,4,2023,182006,
STATSNZ:AGR_AGR_003(1.0),7687,1,2023,,s
STATSNZ:AGR_AGR_003(1.0),7687,18,2023,0,
STATSNZ:AGR_AGR_003(1.0),7696,8,2023,16613,
STATSNZ:AGR_AGR_003(1.0),7057,3,2024,17642,
STATSNZ:AGR_AGR_003(1.0),7059,19,2024,99652,
STATSNZ:AGR_AGR_003(1.0),7065,10,2024,183392,
STATSNZ:AGR_AGR_003(1.0),7071,14,2024,,s
STATSNZ:AGR_AGR_003(1.0),7185,1,2024,2607,
STATSNZ:AGR_AGR_003(1.0),7185,18,2024,0,
STATSNZ:AGR_AGR_003(1.0),6703,8,2024,4028529,
STATSNZ:AGR_AGR_003(1.0),6702,15,2024,2939657,
STATSNZ:AGR_AGR_003(1.0),7699,14,2024,11387,
STATSNZ:AGR_AGR_003(1.0),7685,5,2024,1990,
STATSNZ:AGR_AGR_003(1.0),7687,12,2024,124,
STATSNZ:AGR_AGR_003(1.0),7696,2,2024,2570,
STATSNZ:AGR_AGR_003(1.0),7810,6,2024,,s
STATSNZ:AGR_AGR_003(1.0),6721,15,1994,6698770,
STATSNZ:AGR_AGR_003(1.0),7686,15,1994,51244,
STATSNZ:AGR_AGR_003(1.0),7184,4,1994,51184,
STATSNZ:AGR_AGR_003(1.0),7188,1,1994,13075,
STATSNZ:AGR_AGR_003(1.0),7810,17,1994,4252,
STATSNZ:AGR_AGR_003(1.0),6954,12,1994,219,
STATSNZ:AGR_AGR_003(1.0),7188,18,1994,2,
STATSNZ:AGR_AGR_003(1.0),6703,3,2002,2171607,
STATSNZ:AGR_AGR_003(1.0),6723,6,2002,236370,
STATSNZ:AGR_AGR_003(1.0),6720,10,2002,214316,
STATSNZ:AGR_AGR_003(1.0),7193,6,2002,88982,
STATSNZ:AGR_AGR_003(1.0),7066,3,2002,68115,
STATSNZ:AGR_AGR_003(1.0),6720,17,2002,60422,
STATSNZ:AGR_AGR_003(1.0),7685,10,2002,52582,
STATSNZ:AGR_AGR_003(1.0),7686,8,2002,30088,
STATSNZ:AGR_AGR_003(1.0),7685,17,2002,25616,
STATSNZ:AGR_AGR_003(1.0),7057,15,2002,19210,
STATSNZ:AGR_AGR_003(1.0),7696,14,2002,14320,
STATSNZ:AGR_AGR_003(1.0),7071,9,2002,5552,
STATSNZ:AGR_AGR_003(1.0),6953,11,2002,591,
STATSNZ:AGR_AGR_003(1.0),6702,19,2003,17733979,
STATSNZ:AGR_AGR_003(1.0),6722,7,2003,4346,
STATSNZ:AGR_AGR_003(1.0),6731,1,2003,530059,
STATSNZ:AGR_AGR_003(1.0),6949,4,2003,1280,
STATSNZ:AGR_AGR_003(1.0),7056,16,2003,93155,
STATSNZ:AGR_AGR_003(1.0),7056,20,2003,1135527,
STATSNZ:AGR_AGR_003(1.0),7059,5,2003,28682,
STATSNZ:AGR_AGR_003(1.0),7068,19,2003,22054,
STATSNZ:AGR_AGR_003(1.0),7073,20,2003,410448,
STATSNZ:AGR_AGR_003(1.0),7190,19,2003,710041,
STATSNZ:AGR_AGR_003(1.0),7688,15,2003,79631,
STATSNZ:AGR_AGR_003(1.0),7810,1,2003,4264,
STATSNZ:AGR_AGR_003(1.0),7059,20,2004,350439,
STATSNZ:AGR_AGR_003(1.0),7067,13,2004,6808,
STATSNZ:AGR_AGR_003(1.0),7072,2,2004,5848,
STATSNZ:AGR_AGR_003(1.0),7184,16,2004,29077,
STATSNZ:AGR_AGR_003(1.0),7188,13,2004,1024,
STATSNZ:AGR_AGR_003(1.0),6721,19,2004,14313144,
STATSNZ:AGR_AGR_003(1.0),6724,20,2004,5364817,
STATSNZ:AGR_AGR_003(1.0),6702,4,2004,320891,
STATSNZ:AGR_AGR_003(1.0),7687,1,2004,7717,
STATSNZ:AGR_AGR_003(1.0),6954,7,2004,20126,
STATSNZ:AGR_AGR_003(1.0),6955,4,2004,17993,
STATSNZ:AGR_AGR_003(1.0),7056,17,2005,59395,
STATSNZ:AGR_AGR_003(1.0),7065,5,2005,14171,
STATSNZ:AGR_AGR_003(1.0),7068,11,2005,748,
STATSNZ:AGR_AGR_003(1.0),7074,8,2005,165919,
STATSNZ:AGR_AGR_003(1.0),7193,20,2005,5087176,
STATSNZ:AGR_AGR_003(1.0),7187,13,2005,21347,
STATSNZ:AGR_AGR_003(1.0),6731,2,2005,318201,
STATSNZ:AGR_AGR_003(1.0),6723,16,2005,376913,
STATSNZ:AGR_AGR_003(1.0),6723,20,2005,3130399,
STATSNZ:AGR_AGR_003(1.0),6703,13,2005,428295,
STATSNZ:AGR_AGR_003(1.0),7685,19,2005,80826,
STATSNZ:AGR_AGR_003(1.0),7688,16,2005,41689,
STATSNZ:AGR_AGR_003(1.0),7688,20,2005,380418,
STATSNZ:AGR_AGR_003(1.0),7077,2,2006,147748,
STATSNZ:AGR_AGR_003(1.0),7056,19,2006,343269,
STATSNZ:AGR_AGR_003(1.0),7059,16,2006,18926,
STATSNZ:AGR_AGR_003(1.0),7068,4,2006,3214,
STATSNZ:AGR_AGR_003(1.0),7073,19,2006,83567,
STATSNZ:AGR_AGR_003(1.0),7185,7,2006,4486,
STATSNZ:AGR_AGR_003(1.0),7188,13,2006,1557,
STATSNZ:AGR_AGR_003(1.0),7190,4,2006,194045,
STATSNZ:AGR_AGR_003(1.0),6722,1,2006,2603,
STATSNZ:AGR_AGR_003(1.0),6738,15,2006,796104,
STATSNZ:AGR_AGR_003(1.0),6702,4,2006,300083,
STATSNZ:AGR_AGR_003(1.0),7688,9,2006,5170,
STATSNZ:AGR_AGR_003(1.0),6949,15,2006,20199,
STATSNZ:AGR_AGR_003(1.0),7059,19,2007,95897,
STATSNZ:AGR_AGR_003(1.0),7066,20,2007,483442,
STATSNZ:AGR_AGR_003(1.0),7072,13,2007,2587,
STATSNZ:AGR_AGR_003(1.0),7184,19,2007,253339,
STATSNZ:AGR_AGR_003(1.0),7185,1,2007,3154,
STATSNZ:AGR_AGR_003(1.0),7188,7,2007,32528,
STATSNZ:AGR_AGR_003(1.0),6721,4,2007,257886,
STATSNZ:AGR_AGR_003(1.0),6724,19,2007,2652246,
STATSNZ:AGR_AGR_003(1.0),7686,4,2007,12232,
STATSNZ:AGR_AGR_003(1.0),6954,1,2007,3959,
STATSNZ:AGR_AGR_003(1.0),6955,15,2007,441909,
STATSNZ:AGR_AGR_003(1.0),7810,6,2007,2960,
STATSNZ:AGR_AGR_003(1.0),7058,13,2008,2293,
STATSNZ:AGR_AGR_003(1.0),7065,2,2008,13619,
STATSNZ:AGR_AGR_003(1.0),7071,20,2008,132057,
STATSNZ:AGR_AGR_003(1.0),7193,13,2008,33544,
STATSNZ:AGR_AGR_003(1.0),7187,19,2008,1384290,
STATSNZ:AGR_AGR_003(1.0),6731,20,2008,34087864,
STATSNZ:AGR_AGR_003(1.0),6720,7,2008,6587,
STATSNZ:AGR_AGR_003(1.0),6723,13,2008,13231,
STATSNZ:AGR_AGR_003(1.0),6724,4,2008,44894,
STATSNZ:AGR_AGR_003(1.0),6701,1,2008,14334,
STATSNZ:AGR_AGR_003(1.0),7696,4,2008,21654,
STATSNZ:AGR_AGR_003(1.0),6953,1,2008,3907,
STATSNZ:AGR_AGR_003(1.0),7056,7,2009,24173,
STATSNZ:AGR_AGR_003(1.0),7068,1,2009,4822,
STATSNZ:AGR_AGR_003(1.0),7068,18,2009,108,
STATSNZ:AGR_AGR_003(1.0),7074,15,2009,148491,
STATSNZ:AGR_AGR_003(1.0),6731,9,2009,1659327,
STATSNZ:AGR_AGR_003(1.0),6722,15,2009,48452,
STATSNZ:AGR_AGR_003(1.0),7688,6,2009,15398,
STATSNZ:AGR_AGR_003(1.0),6951,3,2009,1010,
STATSNZ:AGR_AGR_003(1.0),7058,11,2010,1495,
STATSNZ:AGR_AGR_003(1.0),7065,17,2010,7701,
STATSNZ:AGR_AGR_003(1.0),7072,5,2010,15025,
STATSNZ:AGR_AGR_003(1.0),7193,11,2010,71088,
STATSNZ:AGR_AGR_003(1.0),7187,8,2010,384202,
STATSNZ:AGR_AGR_003(1.0),7188,20,2010,339286,
STATSNZ:AGR_AGR_003(1.0),6720,5,2010,16123,
STATSNZ:AGR_AGR_003(1.0),6721,13,2010,334072,
STATSNZ:AGR_AGR_003(1.0),6724,2,2010,33653,
STATSNZ:AGR_AGR_003(1.0),6701,16,2010,81015,
STATSNZ:AGR_AGR_003(1.0),6701,20,2010,836409,
STATSNZ:AGR_AGR_003(1.0),6954,19,2010,194810,
STATSNZ:AGR_AGR_003(1.0),6953,16,2010,10092,
STATSNZ:AGR_AGR_003(1.0),6953,20,2010,294679,
STATSNZ:AGR_AGR_003(1.0),7057,20,2011,148302,
STATSNZ:AGR_AGR_003(1.0),7058,7,2011,4669,
STATSNZ:AGR_AGR_003(1.0),7193,7,2011,625315,
STATSNZ:AGR_AGR_003(1.0),7187,4,2011,253864,
STATSNZ:AGR_AGR_003(1.0),6731,19,2011,15671703,
STATSNZ:AGR_AGR_003(1.0),6703,4,2011,248106,
STATSNZ:AGR_AGR_003(1.0),6701,12,2011,208,
STATSNZ:AGR_AGR_003(1.0),7696,15,2011,114981,
STATSNZ:AGR_AGR_003(1.0),7077,7,2012,103546,
STATSNZ:AGR_AGR_003(1.0),7067,1,2012,35950,
STATSNZ:AGR_AGR_003(1.0),7067,18,2012,1400,
STATSNZ:AGR_AGR_003(1.0),7073,15,2012,26451,
STATSNZ:AGR_AGR_003(1.0),7184,4,2012,50127,
STATSNZ:AGR_AGR_003(1.0),7188,18,2012,,c
STATSNZ:AGR_AGR_003(1.0),7190,9,2012,66278,
STATSNZ:AGR_AGR_003(1.0),6722,6,2012,51767,
STATSNZ:AGR_AGR_003(1.0),6727,12,2012,,c
STATSNZ:AGR_AGR_003(1.0),6702,9,2012,1229967,
STATSNZ:AGR_AGR_003(1.0),7699,10,2012,320002,
STATSNZ:AGR_AGR_003(1.0),7687,6,2012,30673,
STATSNZ:AGR_AGR_003(1.0),6949,3,2012,3619,
STATSNZ:AGR_AGR_003(1.0),6955,9,2012,38331,
STATSNZ:AGR_AGR_003(1.0),7810,10,2012,37733,
STATSNZ:AGR_AGR_003(1.0),7810,17,2012,3468,
STATSNZ:AGR_AGR_003(1.0),7057,13,2013,3000,
STATSNZ:AGR_AGR_003(1.0),7058,4,2013,4181,
STATSNZ:AGR_AGR_003(1.0),7065,19,2013,43153,
STATSNZ:AGR_AGR_003(1.0),7066,18,2013,622,
STATSNZ:AGR_AGR_003(1.0),7071,7,2013,2742,
STATSNZ:AGR_AGR_003(1.0),7193,4,2013,314679,
STATSNZ:AGR_AGR_003(1.0),7187,1,2013,299465,
STATSNZ:AGR_AGR_003(1.0),7187,18,2013,0,
STATSNZ:AGR_AGR_003(1.0),6720,15,2013,48980,
STATSNZ:AGR_AGR_003(1.0),6723,4,2013,32706,
STATSNZ:AGR_AGR_003(1.0),6703,18,2013,40950,
STATSNZ:AGR_AGR_003(1.0),6701,9,2013,84513,
STATSNZ:AGR_AGR_003(1.0),7696,12,2013,0,
STATSNZ:AGR_AGR_003(1.0),6953,9,2013,,c
STATSNZ:AGR_AGR_003(1.0),6955,10,2013,243037,
STATSNZ:AGR_AGR_003(1.0),7057,19,2014,56086,
STATSNZ:AGR_AGR_003(1.0),7065,7,2014,15165,
STATSNZ:AGR_AGR_003(1.0),7068,13,2014,1539,
STATSNZ:AGR_AGR_003(1.0),7193,1,2014,352834,
STATSNZ:AGR_AGR_003(1.0),7193,18,2014,0,
STATSNZ:AGR_AGR_003(1.0),7187,15,2014,1028254,
STATSNZ:AGR_AGR_003(1.0),6731,4,2014,250299,
STATSNZ:AGR_AGR_003(1.0),6723,18,2014,4100,
STATSNZ:AGR_AGR_003(1.0),6724,9,2014,224680,
STATSNZ:AGR_AGR_003(1.0),6703,15,2014,3893876,
STATSNZ:AGR_AGR_003(1.0),7685,12,2014,0,
STATSNZ:AGR_AGR_003(1.0),6953,6,2014,6095,
STATSNZ:AGR_AGR_003(1.0),7077,1,2015,354569,
STATSNZ:AGR_AGR_003(1.0),7077,18,2015,10462,
STATSNZ:AGR_AGR_003(1.0),7059,15,2015,41606,
STATSNZ:AGR_AGR_003(1.0),7064,6,2015,45217,
STATSNZ:AGR_AGR_003(1.0),7067,12,2015,117,
STATSNZ:AGR_AGR_003(1.0),7073,9,2015,9049,
STATSNZ:AGR_AGR_003(1.0),7184,15,2015,209687,
STATSNZ:AGR_AGR_003(1.0),7190,3,2015,1214803,
STATSNZ:AGR_AGR_003(1.0),6721,9,2015,911457,
STATSNZ:AGR_AGR_003(1.0),6727,6,2015,5497,
STATSNZ:AGR_AGR_003(1.0),7699,11,2015,12732,
STATSNZ:AGR_AGR_003(1.0),7687,10,2015,132068,
STATSNZ:AGR_AGR_003(1.0),7687,17,2015,98205,
STATSNZ:AGR_AGR_003(1.0),6949,14,2015,,s
STATSNZ:AGR_AGR_003(1.0),7077,16,2016,256178,
STATSNZ:AGR_AGR_003(1.0),7077,20,2016,3533054,
STATSNZ:AGR_AGR_003(1.0),7059,13,2016,3195,
STATSNZ:AGR_AGR_003(1.0),7067,19,2016,118579,
STATSNZ:AGR_AGR_003(1.0),7073,7,2016,5741,
STATSNZ:AGR_AGR_003(1.0),7184,13,2016,,c
STATSNZ:AGR_AGR_003(1.0),7190,1,2016,273963,
STATSNZ:AGR_AGR_003(1.0),7190,18,2016,0,
STATSNZ:AGR_AGR_003(1.0),6721,7,2016,296981,
STATSNZ:AGR_AGR_003(1.0),6727,4,2016,1157,
STATSNZ:AGR_AGR_003(1.0),6702,1,2016,282575,
STATSNZ:AGR_AGR_003(1.0),6702,18,2016,30956,
STATSNZ:AGR_AGR_003(1.0),7699,9,2016,17772,
STATSNZ:AGR_AGR_003(1.0),7687,15,2016,108115,
STATSNZ:AGR_AGR_003(1.0),6949,12,2016,,c
STATSNZ:AGR_AGR_003(1.0),6955,18,2016,0,
STATSNZ:AGR_AGR_003(1.0),7077,10,2017,2576824,
STATSNZ:AGR_AGR_003(1.0),7064,5,2017,31466,
STATSNZ:AGR_AGR_003(1.0),7068,2,2017,1723,
STATSNZ:AGR_AGR_003(1.0),7073,8,2017,46254,
STATSNZ:AGR_AGR_003(1.0),7190,2,2017,88319,
STATSNZ:AGR_AGR_003(1.0),6722,16,2017,50750,
STATSNZ:AGR_AGR_003(1.0),6722,20,2017,371132,
STATSNZ:AGR_AGR_003(1.0),6727,5,2017,1704,
STATSNZ:AGR_AGR_003(1.0),6738,13,2017,58609,
STATSNZ:AGR_AGR_003(1.0),7699,19,2017,591608,
STATSNZ:AGR_AGR_003(1.0),7688,7,2017,621,
STATSNZ:AGR_AGR_003(1.0),6949,13,2017,145,
STATSNZ:AGR_AGR_003(1.0),7056,9,2018,32551,
STATSNZ:AGR_AGR_003(1.0),7057,10,2018,101654,
STATSNZ:AGR_AGR_003(1.0),7065,14,2018,835,
STATSNZ:AGR_AGR_003(1.0),7068,3,2018,16062,
STATSNZ:AGR_AGR_003(1.0),7074,17,2018,47853,
STATSNZ:AGR_AGR_003(1.0),7186,14,2018,916,
STATSNZ:AGR_AGR_003(1.0),6731,11,2018,246328,
STATSNZ:AGR_AGR_003(1.0),6722,10,2018,156916,
STATSNZ:AGR_AGR_003(1.0),6722,17,2018,,s
STATSNZ:AGR_AGR_003(1.0),6738,14,2018,,s
STATSNZ:AGR_AGR_003(1.0),6703,5,2018,1306440,
STATSNZ:AGR_AGR_003(1.0),7685,2,2018,2083,
STATSNZ:AGR_AGR_003(1.0),7688,8,2018,9128,
STATSNZ:AGR_AGR_003(1.0),6951,5,2018,,s
STATSNZ:AGR_AGR_003(1.0),7077,19,2019,1182710,
STATSNZ:AGR_AGR_003(1.0),7058,16,2019,8295,
STATSNZ:AGR_AGR_003(1.0),7059,7,2019,9242,
STATSNZ:AGR_AGR_003(1.0),7067,4,2019,12510,
STATSNZ:AGR_AGR_003(1.0),7072,19,2019,58462,
STATSNZ:AGR_AGR_003(1.0),7073,18,2019,,s
STATSNZ:AGR_AGR_003(1.0),7184,7,2019,77836,
STATSNZ:AGR_AGR_003(1.0),7190,12,2019,,s
STATSNZ:AGR_AGR_003(1.0),6721,1,2019,141615,
STATSNZ:AGR_AGR_003(1.0),6721,18,2019,,s
STATSNZ:AGR_AGR_003(1.0),6727,15,2019,68736,
STATSNZ:AGR_AGR_003(1.0),6702,12,2019,7654,
STATSNZ:AGR_AGR_003(1.0),7687,9,2019,,s
STATSNZ:AGR_AGR_003(1.0),6954,15,2019,161553,
STATSNZ:AGR_AGR_003(1.0),6955,12,2019,9,
STATSNZ:AGR_AGR_003(1.0),7810,3,2019,11295,
STATSNZ:AGR_AGR_003(1.0),7056,3,2020,72694,
STATSNZ:AGR_AGR_003(1.0),7059,9,2020,11779,
STATSNZ:AGR_AGR_003(1.0),7064,10,2020,336754,
STATSNZ:AGR_AGR_003(1.0),7068,14,2020,937,
STATSNZ:AGR_AGR_003(1.0),7073,3,2020,42987,
STATSNZ:AGR_AGR_003(1.0),7074,11,2020,8367,
STATSNZ:AGR_AGR_003(1.0),7185,10,2020,43160,
STATSNZ:AGR_AGR_003(1.0),7185,17,2020,,s
STATSNZ:AGR_AGR_003(1.0),7190,14,2020,116201,
STATSNZ:AGR_AGR_003(1.0),6731,5,2020,1365329,
STATSNZ:AGR_AGR_003(1.0),6722,11,2020,,s
STATSNZ:AGR_AGR_003(1.0),6738,8,2020,406711,
STATSNZ:AGR_AGR_003(1.0),6702,14,2020,,s
STATSNZ:AGR_AGR_003(1.0),7688,2,2020,,s
STATSNZ:AGR_AGR_003(1.0),6951,16,2020,153,
STATSNZ:AGR_AGR_003(1.0),7810,5,2020,603,
STATSNZ:AGR_AGR_003(1.0),7056,2,2021,,s
STATSNZ:AGR_AGR_003(1.0),7064,16,2021,48913,
STATSNZ:AGR_AGR_003(1.0),7064,20,2021,517304,
STATSNZ:AGR_AGR_003(1.0),7067,5,2021,27388,
STATSNZ:AGR_AGR_003(1.0),7074,19,2021,340716,
STATSNZ:AGR_AGR_003(1.0),7185,20,2021,84603,
STATSNZ:AGR_AGR_003(1.0),7186,7,2021,,s
STATSNZ:AGR_AGR_003(1.0),7190,13,2021,,s
STATSNZ:AGR_AGR_003(1.0),6723,1,2021,19924,
STATSNZ:AGR_AGR_003(1.0),6738,7,2021,32787,
STATSNZ:AGR_AGR_003(1.0),7699,4,2021,,s
STATSNZ:AGR_AGR_003(1.0),7687,19,2021,274056,
STATSNZ:AGR_AGR_003(1.0),7688,1,2021,,s
STATSNZ:AGR_AGR_003(1.0),7688,18,2021,0,
STATSNZ:AGR_AGR_003(1.0),6951,15,2021,4401,
STATSNZ:AGR_AGR_003(1.0),7077,4,2022,131990,
STATSNZ:AGR_AGR_003(1.0),7059,1,2022,38578,
STATSNZ:AGR_AGR_003(1.0),7067,15,2022,69408,
STATSNZ:AGR_AGR_003(1.0),7072,4,2022,9855,
STATSNZ:AGR_AGR_003(1.0),7184,18,2022,0,
STATSNZ:AGR_AGR_003(1.0),7188,15,2022,66001,
STATSNZ:AGR_AGR_003(1.0),6721,12,2022,,s
STATSNZ:AGR_AGR_003(1.0),6724,1,2022,35927,
STATSNZ:AGR_AGR_003(1.0),6727,9,2022,1341,
STATSNZ:AGR_AGR_003(1.0),6702,6,2022,1891237,
STATSNZ:AGR_AGR_003(1.0),7687,3,2022,18962,
STATSNZ:AGR_AGR_003(1.0),6954,9,2022,6886,
STATSNZ:AGR_AGR_003(1.0),7056,14,2023,6708,
STATSNZ:AGR_AGR_003(1.0),7068,8,2023,9152,
STATSNZ:AGR_AGR_003(1.0),7073,14,2023,,s
STATSNZ:AGR_AGR_003(1.0),7185,11,2023,,s
STATSNZ:AGR_AGR_003(1.0),7190,8,2023,253351,
STATSNZ:AGR_AGR_003(1.0),6722,5,2023,,s
STATSNZ:AGR_AGR_003(1.0),6738,2,2023,,s
STATSNZ:AGR_AGR_003(1.0),6702,8,2023,3773000,
STATSNZ:AGR_AGR_003(1.0),7699,20,2023,741598,
STATSNZ:AGR_AGR_003(1.0),7688,13,2023,1216,
STATSNZ:AGR_AGR_003(1.0),6949,2,2023,1098,
STATSNZ:AGR_AGR_003(1.0),7810,16,2023,1491,
STATSNZ:AGR_AGR_003(1.0),7077,10,2024,2475309,
STATSNZ:AGR_AGR_003(1.0),7064,5,2024,27593,
STATSNZ:AGR_AGR_003(1.0),7068,2,2024,1214,
STATSNZ:AGR_AGR_003(1.0),7073,8,2024,,s
STATSNZ:AGR_AGR_003(1.0),7190,2,2024,51663,
STATSNZ:AGR_AGR_003(1.0),6722,16,2024,44146,
STATSNZ:AGR_AGR_003(1.0),6722,20,2024,348265,
STATSNZ:AGR_AGR_003(1.0),6727,5,2024,9858,
STATSNZ:AGR_AGR_003(1.0),6738,13,2024,59942,
STATSNZ:AGR_AGR_003(1.0),7699,19,2024,526586,
STATSNZ:AGR_AGR_003(1.0),7688,7,2024,356,
STATSNZ:AGR_AGR_003(1.0),6949,13,2024,,s
STATSNZ:AGR_AGR_003(1.0),6727,20,1994,1274690,
STATSNZ:AGR_AGR_003(1.0),6727,16,1994,379687,
STATSNZ:AGR_AGR_003(1.0),7687,19,1994,277762,
STATSNZ:AGR_AGR_003(1.0),7193,9,1994,83935,
STATSNZ:AGR_AGR_003(1.0),7077,11,1994,64453,
STATSNZ:AGR_AGR_003(1.0),7696,17,1994,56858,
STATSNZ:AGR_AGR_003(1.0),7185,20,1994,31430,
STATSNZ:AGR_AGR_003(1.0),7685,3,1994,26935,
STATSNZ:AGR_AGR_003(1.0),7187,6,1994,23514,
STATSNZ:AGR_AGR_003(1.0),7190,13,1994,13901,
STATSNZ:AGR_AGR_003(1.0),7185,16,1994,542,
STATSNZ:AGR_AGR_003(1.0),6731,5,2002,1679377,
STATSNZ:AGR_AGR_003(1.0),6738,8,2002,549063,
STATSNZ:AGR_AGR_003(1.0),7064,10,2002,409179,
STATSNZ:AGR_AGR_003(1.0),6701,15,2002,173814,
STATSNZ:AGR_AGR_003(1.0),7184,1,2002,81739,
STATSNZ:AGR_AGR_003(1.0),7064,17,2002,33673,
STATSNZ:AGR_AGR_003(1.0),7058,19,2002,29794,
STATSNZ:AGR_AGR_003(1.0),7699,5,2002,25752,
STATSNZ:AGR_AGR_003(1.0),6954,9,2002,18408,
STATSNZ:AGR_AGR_003(1.0),7066,7,2002,15766,
STATSNZ:AGR_AGR_003(1.0),7074,11,2002,12834,
STATSNZ:AGR_AGR_003(1.0),7072,4,2002,11480,
STATSNZ:AGR_AGR_003(1.0),7688,2,2002,3972,
STATSNZ:AGR_AGR_003(1.0),7186,8,2002,1759,
STATSNZ:AGR_AGR_003(1.0),7068,14,2002,895,
STATSNZ:AGR_AGR_003(1.0),7686,12,2002,466,
STATSNZ:AGR_AGR_003(1.0),6951,16,2002,195,
STATSNZ:AGR_AGR_003(1.0),6701,15,2003,200832,
STATSNZ:AGR_AGR_003(1.0),6724,1,2003,87762,
STATSNZ:AGR_AGR_003(1.0),6951,20,2003,6272,
STATSNZ:AGR_AGR_003(1.0),6954,9,2003,19550,
STATSNZ:AGR_AGR_003(1.0),6955,6,2003,14013,
STATSNZ:AGR_AGR_003(1.0),7058,19,2003,30744,
STATSNZ:AGR_AGR_003(1.0),7064,10,2003,409071,
STATSNZ:AGR_AGR_003(1.0),7064,17,2003,34372,
STATSNZ:AGR_AGR_003(1.0),7068,14,2003,941,
STATSNZ:AGR_AGR_003(1.0),7072,4,2003,10044,
STATSNZ:AGR_AGR_003(1.0),7184,1,2003,70972,
STATSNZ:AGR_AGR_003(1.0),7058,4,2004,3603,
STATSNZ:AGR_AGR_003(1.0),7059,3,2004,52551,
STATSNZ:AGR_AGR_003(1.0),7065,19,2004,57494,
STATSNZ:AGR_AGR_003(1.0),7068,8,2004,8528,
STATSNZ:AGR_AGR_003(1.0),6702,8,2004,4805373,
STATSNZ:AGR_AGR_003(1.0),7688,13,2004,3543,
STATSNZ:AGR_AGR_003(1.0),7696,12,2004,404,
STATSNZ:AGR_AGR_003(1.0),6955,10,2004,349545,
STATSNZ:AGR_AGR_003(1.0),7067,20,2005,478843,
STATSNZ:AGR_AGR_003(1.0),7193,3,2005,1726323,
STATSNZ:AGR_AGR_003(1.0),7187,17,2005,271719,
STATSNZ:AGR_AGR_003(1.0),6703,17,2005,5928553,
STATSNZ:AGR_AGR_003(1.0),7687,4,2005,29104,
STATSNZ:AGR_AGR_003(1.0),6953,8,2005,19037,
STATSNZ:AGR_AGR_003(1.0),7064,11,2006,7649,
STATSNZ:AGR_AGR_003(1.0),7066,1,2006,53561,
STATSNZ:AGR_AGR_003(1.0),7068,8,2006,9158,
STATSNZ:AGR_AGR_003(1.0),7072,15,2006,36103,
STATSNZ:AGR_AGR_003(1.0),7074,5,2006,85131,
STATSNZ:AGR_AGR_003(1.0),7184,12,2006,437,
STATSNZ:AGR_AGR_003(1.0),7186,2,2006,728,
STATSNZ:AGR_AGR_003(1.0),7188,9,2006,4158,
STATSNZ:AGR_AGR_003(1.0),6731,16,2006,5998440,
STATSNZ:AGR_AGR_003(1.0),7699,16,2006,192790,
STATSNZ:AGR_AGR_003(1.0),7699,20,2006,1586918,
STATSNZ:AGR_AGR_003(1.0),7686,6,2006,30174,
STATSNZ:AGR_AGR_003(1.0),7688,13,2006,3441,
STATSNZ:AGR_AGR_003(1.0),6954,3,2006,48733,
STATSNZ:AGR_AGR_003(1.0),6951,19,2006,4646,
STATSNZ:AGR_AGR_003(1.0),6955,17,2006,6644,
STATSNZ:AGR_AGR_003(1.0),7077,10,2007,3148194,
STATSNZ:AGR_AGR_003(1.0),7059,14,2007,1743,
STATSNZ:AGR_AGR_003(1.0),7065,4,2007,7536,
STATSNZ:AGR_AGR_003(1.0),7068,2,2007,1747,
STATSNZ:AGR_AGR_003(1.0),6723,15,2007,406099,
STATSNZ:AGR_AGR_003(1.0),6727,5,2007,6004,
STATSNZ:AGR_AGR_003(1.0),7685,9,2007,1006,
STATSNZ:AGR_AGR_003(1.0),7688,7,2007,879,
STATSNZ:AGR_AGR_003(1.0),7696,6,2007,28627,
STATSNZ:AGR_AGR_003(1.0),6955,11,2007,359,
STATSNZ:AGR_AGR_003(1.0),7059,8,2008,42325,
STATSNZ:AGR_AGR_003(1.0),7190,4,2008,199812,
STATSNZ:AGR_AGR_003(1.0),6721,2,2008,148808,
STATSNZ:AGR_AGR_003(1.0),6723,9,2008,64861,
STATSNZ:AGR_AGR_003(1.0),6703,6,2008,2691180,
STATSNZ:AGR_AGR_003(1.0),6702,13,2008,358468,
STATSNZ:AGR_AGR_003(1.0),7696,10,2008,136848,
STATSNZ:AGR_AGR_003(1.0),7810,4,2008,2434,
STATSNZ:AGR_AGR_003(1.0),7056,3,2009,90846,
STATSNZ:AGR_AGR_003(1.0),7186,20,2009,30047,
STATSNZ:AGR_AGR_003(1.0),6731,13,2009,516391,
STATSNZ:AGR_AGR_003(1.0),6721,3,2009,1446405,
STATSNZ:AGR_AGR_003(1.0),6727,17,2009,5807,
STATSNZ:AGR_AGR_003(1.0),6954,10,2009,137482,
STATSNZ:AGR_AGR_003(1.0),7056,8,2010,153977,
STATSNZ:AGR_AGR_003(1.0),7066,12,2010,92,
STATSNZ:AGR_AGR_003(1.0),7074,16,2010,88715,
STATSNZ:AGR_AGR_003(1.0),7074,20,2010,901258,
STATSNZ:AGR_AGR_003(1.0),7185,14,2010,2464,
STATSNZ:AGR_AGR_003(1.0),7186,13,2010,100,
STATSNZ:AGR_AGR_003(1.0),7187,4,2010,234027,
STATSNZ:AGR_AGR_003(1.0),7686,10,2010,75895,
STATSNZ:AGR_AGR_003(1.0),7686,17,2010,55363,
STATSNZ:AGR_AGR_003(1.0),7059,2,2011,22855,
STATSNZ:AGR_AGR_003(1.0),7071,6,2011,27338,
STATSNZ:AGR_AGR_003(1.0),7193,11,2011,72803,
STATSNZ:AGR_AGR_003(1.0),7190,15,2011,553386,
STATSNZ:AGR_AGR_003(1.0),6720,5,2011,16514,
STATSNZ:AGR_AGR_003(1.0),6723,3,2011,175177,
STATSNZ:AGR_AGR_003(1.0),6702,7,2011,413534,
STATSNZ:AGR_AGR_003(1.0),7696,11,2011,7531,
STATSNZ:AGR_AGR_003(1.0),6953,16,2011,7602,
STATSNZ:AGR_AGR_003(1.0),7056,2,2012,18405,
STATSNZ:AGR_AGR_003(1.0),7064,16,2012,42550,
STATSNZ:AGR_AGR_003(1.0),7064,20,2012,467841,
STATSNZ:AGR_AGR_003(1.0),7066,6,2012,43024,
STATSNZ:AGR_AGR_003(1.0),7068,13,2012,1234,
STATSNZ:AGR_AGR_003(1.0),7072,3,2012,45072,
STATSNZ:AGR_AGR_003(1.0),7074,19,2012,291724,
STATSNZ:AGR_AGR_003(1.0),7184,10,2012,530611,
STATSNZ:AGR_AGR_003(1.0),7186,7,2012,3524,
STATSNZ:AGR_AGR_003(1.0),7188,14,2012,13368,
STATSNZ:AGR_AGR_003(1.0),6731,4,2012,322882,
STATSNZ:AGR_AGR_003(1.0),6723,18,2012,6255,
STATSNZ:AGR_AGR_003(1.0),6738,7,2012,25468,
STATSNZ:AGR_AGR_003(1.0),7699,4,2012,42156,
STATSNZ:AGR_AGR_003(1.0),7686,11,2012,3037,
STATSNZ:AGR_AGR_003(1.0),7688,1,2012,1001,
STATSNZ:AGR_AGR_003(1.0),7688,18,2012,0,
STATSNZ:AGR_AGR_003(1.0),6954,8,2012,29039,
STATSNZ:AGR_AGR_003(1.0),6951,15,2012,2593,
STATSNZ:AGR_AGR_003(1.0),6955,5,2012,,c
STATSNZ:AGR_AGR_003(1.0),7057,9,2013,5825,
STATSNZ:AGR_AGR_003(1.0),7068,12,2013,,s
STATSNZ:AGR_AGR_003(1.0),7072,2,2013,,s
STATSNZ:AGR_AGR_003(1.0),7074,9,2013,33650,
STATSNZ:AGR_AGR_003(1.0),7184,16,2013,53497,
STATSNZ:AGR_AGR_003(1.0),7184,20,2013,931134,
STATSNZ:AGR_AGR_003(1.0),7186,6,2013,1818,
STATSNZ:AGR_AGR_003(1.0),6731,3,2013,1926059,
STATSNZ:AGR_AGR_003(1.0),6721,19,2013,10660084,
STATSNZ:AGR_AGR_003(1.0),6723,10,2013,1006415,
STATSNZ:AGR_AGR_003(1.0),6703,14,2013,31081,
STATSNZ:AGR_AGR_003(1.0),7687,18,2013,0,
STATSNZ:AGR_AGR_003(1.0),6955,4,2013,13281,
STATSNZ:AGR_AGR_003(1.0),7077,20,2014,3669862,
STATSNZ:AGR_AGR_003(1.0),7059,13,2014,4870,
STATSNZ:AGR_AGR_003(1.0),7067,18,2014,1266,
STATSNZ:AGR_AGR_003(1.0),7185,12,2014,0,
STATSNZ:AGR_AGR_003(1.0),7190,9,2014,69256,
STATSNZ:AGR_AGR_003(1.0),6720,16,2014,47242,
STATSNZ:AGR_AGR_003(1.0),6720,20,2014,297419,
STATSNZ:AGR_AGR_003(1.0),6724,13,2014,71190,
STATSNZ:AGR_AGR_003(1.0),6702,18,2014,36260,
STATSNZ:AGR_AGR_003(1.0),7810,10,2014,35720,
STATSNZ:AGR_AGR_003(1.0),7056,13,2015,22755,
STATSNZ:AGR_AGR_003(1.0),7058,3,2015,18211,
STATSNZ:AGR_AGR_003(1.0),7064,19,2015,160839,
STATSNZ:AGR_AGR_003(1.0),7066,10,2015,279697,
STATSNZ:AGR_AGR_003(1.0),7066,17,2015,17956,
STATSNZ:AGR_AGR_003(1.0),7068,7,2015,5781,
STATSNZ:AGR_AGR_003(1.0),7072,14,2015,,c
STATSNZ:AGR_AGR_003(1.0),7074,4,2015,15679,
STATSNZ:AGR_AGR_003(1.0),7184,11,2015,14188,
STATSNZ:AGR_AGR_003(1.0),7188,8,2015,37474,
STATSNZ:AGR_AGR_003(1.0),6723,12,2015,,s
STATSNZ:AGR_AGR_003(1.0),6738,1,2015,55618,
STATSNZ:AGR_AGR_003(1.0),6701,8,2015,234385,
STATSNZ:AGR_AGR_003(1.0),7699,15,2015,243121,
STATSNZ:AGR_AGR_003(1.0),7686,5,2015,2955,
STATSNZ:AGR_AGR_003(1.0),7688,12,2015,0,
STATSNZ:AGR_AGR_003(1.0),6954,2,2015,4129,
STATSNZ:AGR_AGR_003(1.0),6951,9,2015,128,
STATSNZ:AGR_AGR_003(1.0),6955,20,2015,571223,
STATSNZ:AGR_AGR_003(1.0),7056,11,2016,9375,
STATSNZ:AGR_AGR_003(1.0),7058,1,2016,16289,
STATSNZ:AGR_AGR_003(1.0),7058,18,2016,982,
STATSNZ:AGR_AGR_003(1.0),7064,8,2016,66794,
STATSNZ:AGR_AGR_003(1.0),7066,15,2016,58297,
STATSNZ:AGR_AGR_003(1.0),7068,5,2016,3066,
STATSNZ:AGR_AGR_003(1.0),7072,12,2016,0,
STATSNZ:AGR_AGR_003(1.0),7074,2,2016,19510,
STATSNZ:AGR_AGR_003(1.0),7184,9,2016,19899,
STATSNZ:AGR_AGR_003(1.0),7188,6,2016,7919,
STATSNZ:AGR_AGR_003(1.0),6723,19,2016,769620,
STATSNZ:AGR_AGR_003(1.0),6738,20,2016,2573528,
STATSNZ:AGR_AGR_003(1.0),6701,6,2016,96348,
STATSNZ:AGR_AGR_003(1.0),7699,13,2016,,c
STATSNZ:AGR_AGR_003(1.0),7686,3,2016,14158,
STATSNZ:AGR_AGR_003(1.0),7688,19,2016,114032,
STATSNZ:AGR_AGR_003(1.0),6954,17,2016,,s
STATSNZ:AGR_AGR_003(1.0),6951,7,2016,264,
STATSNZ:AGR_AGR_003(1.0),6955,14,2016,36,
STATSNZ:AGR_AGR_003(1.0),7064,9,2017,17603,
STATSNZ:AGR_AGR_003(1.0),7066,20,2017,379215,
STATSNZ:AGR_AGR_003(1.0),7072,13,2017,1940,
STATSNZ:AGR_AGR_003(1.0),7074,3,2017,79777,
STATSNZ:AGR_AGR_003(1.0),7186,10,2017,34827,
STATSNZ:AGR_AGR_003(1.0),7186,17,2017,6029,
STATSNZ:AGR_AGR_003(1.0),7188,7,2017,36138,
STATSNZ:AGR_AGR_003(1.0),6721,4,2017,192882,
STATSNZ:AGR_AGR_003(1.0),6723,11,2017,17822,
STATSNZ:AGR_AGR_003(1.0),6727,1,2017,1486,
STATSNZ:AGR_AGR_003(1.0),6703,8,2017,4536168,
STATSNZ:AGR_AGR_003(1.0),6702,15,2017,3309924,
STATSNZ:AGR_AGR_003(1.0),6954,18,2017,,s
STATSNZ:AGR_AGR_003(1.0),6951,8,2017,294,
STATSNZ:AGR_AGR_003(1.0),7057,4,2018,3961,
STATSNZ:AGR_AGR_003(1.0),7059,11,2018,2799,
STATSNZ:AGR_AGR_003(1.0),7065,18,2018,,s
STATSNZ:AGR_AGR_003(1.0),7066,9,2018,10837,
STATSNZ:AGR_AGR_003(1.0),7186,18,2018,0,
STATSNZ:AGR_AGR_003(1.0),6721,5,2018,904482,
STATSNZ:AGR_AGR_003(1.0),6703,9,2018,1351974,
STATSNZ:AGR_AGR_003(1.0),6702,16,2018,4516080,
STATSNZ:AGR_AGR_003(1.0),6702,20,2018,23387225,
STATSNZ:AGR_AGR_003(1.0),7687,13,2018,2026,
STATSNZ:AGR_AGR_003(1.0),7696,3,2018,22813,
STATSNZ:AGR_AGR_003(1.0),6951,1,2018,47,
STATSNZ:AGR_AGR_003(1.0),7056,5,2019,84844,
STATSNZ:AGR_AGR_003(1.0),7058,12,2019,,s
STATSNZ:AGR_AGR_003(1.0),7066,9,2019,15661,
STATSNZ:AGR_AGR_003(1.0),7068,16,2019,8110,
STATSNZ:AGR_AGR_003(1.0),7068,20,2019,87849,
STATSNZ:AGR_AGR_003(1.0),7074,13,2019,24453,
STATSNZ:AGR_AGR_003(1.0),7184,3,2019,232197,
STATSNZ:AGR_AGR_003(1.0),7188,17,2019,34136,
STATSNZ:AGR_AGR_003(1.0),6731,7,2019,441933,
STATSNZ:AGR_AGR_003(1.0),6701,10,2019,674968,
STATSNZ:AGR_AGR_003(1.0),6702,16,2019,4346888,
STATSNZ:AGR_AGR_003(1.0),7686,14,2019,4127,
STATSNZ:AGR_AGR_003(1.0),7688,4,2019,,s
STATSNZ:AGR_AGR_003(1.0),6951,1,2019,,s
STATSNZ:AGR_AGR_003(1.0),6951,18,2019,0,
STATSNZ:AGR_AGR_003(1.0),6955,8,2019,43082,
STATSNZ:AGR_AGR_003(1.0),7058,14,2020,,s
STATSNZ:AGR_AGR_003(1.0),7064,4,2020,12602,
STATSNZ:AGR_AGR_003(1.0),7068,18,2020,,s
STATSNZ:AGR_AGR_003(1.0),7072,8,2020,21975,
STATSNZ:AGR_AGR_003(1.0),7193,6,2020,,s
STATSNZ:AGR_AGR_003(1.0),7186,12,2020,,s
STATSNZ:AGR_AGR_003(1.0),7190,19,2020,1875228,
STATSNZ:AGR_AGR_003(1.0),6720,10,2020,123695,
STATSNZ:AGR_AGR_003(1.0),6954,13,2020,,s
STATSNZ:AGR_AGR_003(1.0),6955,19,2020,412970,
STATSNZ:AGR_AGR_003(1.0),7077,7,2021,128607,
STATSNZ:AGR_AGR_003(1.0),7057,14,2021,,s
STATSNZ:AGR_AGR_003(1.0),7059,4,2021,7503,
STATSNZ:AGR_AGR_003(1.0),7065,11,2021,2852,
STATSNZ:AGR_AGR_003(1.0),7067,1,2021,30091,
STATSNZ:AGR_AGR_003(1.0),7071,8,2021,,s
STATSNZ:AGR_AGR_003(1.0),7073,15,2021,27840,
STATSNZ:AGR_AGR_003(1.0),7193,5,2021,10144,
STATSNZ:AGR_AGR_003(1.0),7187,2,2021,67953,
STATSNZ:AGR_AGR_003(1.0),6722,6,2021,23387,
STATSNZ:AGR_AGR_003(1.0),6703,2,2021,,s
STATSNZ:AGR_AGR_003(1.0),6702,9,2021,1068831,
STATSNZ:AGR_AGR_003(1.0),7685,16,2021,14431,
STATSNZ:AGR_AGR_003(1.0),7685,20,2021,121446,
STATSNZ:AGR_AGR_003(1.0),7687,6,2021,,s
STATSNZ:AGR_AGR_003(1.0),7696,13,2021,1714,
STATSNZ:AGR_AGR_003(1.0),6949,3,2021,1954,
STATSNZ:AGR_AGR_003(1.0),6953,19,2021,148534,
STATSNZ:AGR_AGR_003(1.0),7810,17,2021,,s
STATSNZ:AGR_AGR_003(1.0),7056,20,2022,852706,
STATSNZ:AGR_AGR_003(1.0),7058,6,2022,22473,
STATSNZ:AGR_AGR_003(1.0),7066,3,2022,76534,
STATSNZ:AGR_AGR_003(1.0),7068,19,2022,27245,
STATSNZ:AGR_AGR_003(1.0),7072,10,2022,218005,
STATSNZ:AGR_AGR_003(1.0),7184,14,2022,36869,
STATSNZ:AGR_AGR_003(1.0),6731,1,2022,224419,
STATSNZ:AGR_AGR_003(1.0),6702,19,2022,10517763,
STATSNZ:AGR_AGR_003(1.0),7699,1,2022,2944,
STATSNZ:AGR_AGR_003(1.0),7685,10,2022,49909,
STATSNZ:AGR_AGR_003(1.0),7686,8,2022,12094,
STATSNZ:AGR_AGR_003(1.0),7688,15,2022,48526,
STATSNZ:AGR_AGR_003(1.0),6955,2,2022,35811,
STATSNZ:AGR_AGR_003(1.0),7064,15,2023,75767,
STATSNZ:AGR_AGR_003(1.0),7072,2,2023,3335,
STATSNZ:AGR_AGR_003(1.0),7074,9,2023,34716,
STATSNZ:AGR_AGR_003(1.0),7184,16,2023,48334,
STATSNZ:AGR_AGR_003(1.0),7185,7,2023,,s
STATSNZ:AGR_AGR_003(1.0),7186,6,2023,,s
STATSNZ:AGR_AGR_003(1.0),7188,13,2023,,s
STATSNZ:AGR_AGR_003(1.0),7699,3,2023,39659,
STATSNZ:AGR_AGR_003(1.0),7688,17,2023,31980,
STATSNZ:AGR_AGR_003(1.0),6954,7,2023,10930,
STATSNZ:AGR_AGR_003(1.0),7064,9,2024,18103,
STATSNZ:AGR_AGR_003(1.0),7066,20,2024,421164,
STATSNZ:AGR_AGR_003(1.0),7072,13,2024,325,
STATSNZ:AGR_AGR_003(1.0),7074,3,2024,91109,
STATSNZ:AGR_AGR_003(1.0),7186,10,2024,41232,
STATSNZ:AGR_AGR_003(1.0),7186,17,2024,,s
STATSNZ:AGR_AGR_003(1.0),7188,7,2024,,s
STATSNZ:AGR_AGR_003(1.0),6721,4,2024,156484,
STATSNZ:AGR_AGR_003(1.0),6723,11,2024,8339,
STATSNZ:AGR_AGR_003(1.0),6727,1,2024,5239,
STATSNZ:AGR_AGR_003(1.0),7686,4,2024,4963,
STATSNZ:AGR_AGR_003(1.0),6954,18,2024,0,
STATSNZ:AGR_AGR_003(1.0),6951,8,2024,185,
STATSNZ:AGR_AGR_003(1.0),6720,20,1994,541283,
STATSNZ:AGR_AGR_003(1.0),7077,15,1994,452832,
STATSNZ:AGR_AGR_003(1.0),6703,2,1994,276776,
STATSNZ:AGR_AGR_003(1.0),7187,2,1994,130552,
STATSNZ:AGR_AGR_003(1.0),7810,8,1994,7211,
STATSNZ:AGR_AGR_003(1.0),7688,5,1994,4459,
STATSNZ:AGR_AGR_003(1.0),6722,14,1994,4332,
STATSNZ:AGR_AGR_003(1.0),6731,1,2002,522189,
STATSNZ:AGR_AGR_003(1.0),7686,20,2002,344678,
STATSNZ:AGR_AGR_003(1.0),6727,13,2002,73316,
STATSNZ:AGR_AGR_003(1.0),6720,8,2002,72998,
STATSNZ:AGR_AGR_003(1.0),6731,18,2002,56723,
STATSNZ:AGR_AGR_003(1.0),7686,16,2002,38099,
STATSNZ:AGR_AGR_003(1.0),7699,1,2002,23412,
STATSNZ:AGR_AGR_003(1.0),7068,19,2002,21976,
STATSNZ:AGR_AGR_003(1.0),7057,7,2002,4656,
STATSNZ:AGR_AGR_003(1.0),7184,5,2002,3362,
STATSNZ:AGR_AGR_003(1.0),7071,17,2002,2842,
STATSNZ:AGR_AGR_003(1.0),7058,14,2002,954,
STATSNZ:AGR_AGR_003(1.0),6724,14,2003,10332,
STATSNZ:AGR_AGR_003(1.0),6731,9,2003,1779872,
STATSNZ:AGR_AGR_003(1.0),6954,5,2003,847,
STATSNZ:AGR_AGR_003(1.0),7057,15,2003,19451,
STATSNZ:AGR_AGR_003(1.0),7067,11,2003,5133,
STATSNZ:AGR_AGR_003(1.0),7068,1,2003,7554,
STATSNZ:AGR_AGR_003(1.0),7077,10,2003,3400859,
STATSNZ:AGR_AGR_003(1.0),7184,14,2003,21429,
STATSNZ:AGR_AGR_003(1.0),7188,11,2003,1840,
STATSNZ:AGR_AGR_003(1.0),7193,6,2003,92852,
STATSNZ:AGR_AGR_003(1.0),7810,19,2003,24854,
STATSNZ:AGR_AGR_003(1.0),7058,10,2004,105981,
STATSNZ:AGR_AGR_003(1.0),7058,17,2004,4933,
STATSNZ:AGR_AGR_003(1.0),7059,7,2004,7124,
STATSNZ:AGR_AGR_003(1.0),7193,10,2004,3787210,
STATSNZ:AGR_AGR_003(1.0),7184,8,2004,69986,
STATSNZ:AGR_AGR_003(1.0),7185,15,2004,4587,
STATSNZ:AGR_AGR_003(1.0),6720,11,2004,3830,
STATSNZ:AGR_AGR_003(1.0),6724,8,2004,916815,
STATSNZ:AGR_AGR_003(1.0),6738,6,2004,644189,
STATSNZ:AGR_AGR_003(1.0),7685,11,2004,2366,
STATSNZ:AGR_AGR_003(1.0),6954,20,2004,388640,
STATSNZ:AGR_AGR_003(1.0),6949,6,2004,860,
STATSNZ:AGR_AGR_003(1.0),7064,6,2005,60095,
STATSNZ:AGR_AGR_003(1.0),7072,1,2005,38698,
STATSNZ:AGR_AGR_003(1.0),7187,4,2005,264018,
STATSNZ:AGR_AGR_003(1.0),6720,1,2005,6217,
STATSNZ:AGR_AGR_003(1.0),6738,14,2005,1814,
STATSNZ:AGR_AGR_003(1.0),6703,4,2005,303869,
STATSNZ:AGR_AGR_003(1.0),7687,17,2005,190151,
STATSNZ:AGR_AGR_003(1.0),7057,9,2006,8128,
STATSNZ:AGR_AGR_003(1.0),7066,14,2006,3164,
STATSNZ:AGR_AGR_003(1.0),7074,9,2006,46383,
STATSNZ:AGR_AGR_003(1.0),6731,3,2006,2706984,
STATSNZ:AGR_AGR_003(1.0),6723,10,2006,1600041,
STATSNZ:AGR_AGR_003(1.0),6724,8,2006,1031827,
STATSNZ:AGR_AGR_003(1.0),6702,13,2006,468289,
STATSNZ:AGR_AGR_003(1.0),7699,3,2006,126585,
STATSNZ:AGR_AGR_003(1.0),6954,16,2006,11955,
STATSNZ:AGR_AGR_003(1.0),6954,20,2006,355501,
STATSNZ:AGR_AGR_003(1.0),7058,11,2007,1467,
STATSNZ:AGR_AGR_003(1.0),7059,1,2007,44390,
STATSNZ:AGR_AGR_003(1.0),7059,18,2007,411,
STATSNZ:AGR_AGR_003(1.0),7068,6,2007,5730,
STATSNZ:AGR_AGR_003(1.0),7071,14,2007,415,
STATSNZ:AGR_AGR_003(1.0),7193,11,2007,63849,
STATSNZ:AGR_AGR_003(1.0),7185,9,2007,926,
STATSNZ:AGR_AGR_003(1.0),6724,2,2007,43779,
STATSNZ:AGR_AGR_003(1.0),6738,10,2007,1795062,
STATSNZ:AGR_AGR_003(1.0),6738,17,2007,132536,
STATSNZ:AGR_AGR_003(1.0),7685,5,2007,1126,
STATSNZ:AGR_AGR_003(1.0),6954,19,2007,230878,
STATSNZ:AGR_AGR_003(1.0),6949,10,2007,14909,
STATSNZ:AGR_AGR_003(1.0),6949,17,2007,518,
STATSNZ:AGR_AGR_003(1.0),7064,3,2008,66144,
STATSNZ:AGR_AGR_003(1.0),7068,10,2008,45191,
STATSNZ:AGR_AGR_003(1.0),7071,8,2008,18748,
STATSNZ:AGR_AGR_003(1.0),7072,15,2008,29107,
STATSNZ:AGR_AGR_003(1.0),6731,8,2008,5916784,
STATSNZ:AGR_AGR_003(1.0),6721,6,2008,2288389,
STATSNZ:AGR_AGR_003(1.0),6738,11,2008,39650,
STATSNZ:AGR_AGR_003(1.0),6701,9,2008,41351,
STATSNZ:AGR_AGR_003(1.0),7685,20,2008,98527,
STATSNZ:AGR_AGR_003(1.0),7686,6,2008,22132,
STATSNZ:AGR_AGR_003(1.0),7687,14,2008,18531,
STATSNZ:AGR_AGR_003(1.0),6955,10,2008,270191,
STATSNZ:AGR_AGR_003(1.0),6955,17,2008,7709,
STATSNZ:AGR_AGR_003(1.0),7056,20,2009,947746,
STATSNZ:AGR_AGR_003(1.0),7057,6,2009,14526,
STATSNZ:AGR_AGR_003(1.0),7073,20,2009,236146,
STATSNZ:AGR_AGR_003(1.0),7193,14,2009,179416,
STATSNZ:AGR_AGR_003(1.0),7188,2,2009,9636,
STATSNZ:AGR_AGR_003(1.0),7190,19,2009,1171604,
STATSNZ:AGR_AGR_003(1.0),6731,10,2009,16077872,
STATSNZ:AGR_AGR_003(1.0),6731,17,2009,4556206,
STATSNZ:AGR_AGR_003(1.0),6724,5,2009,263653,
STATSNZ:AGR_AGR_003(1.0),6702,19,2009,14549880,
STATSNZ:AGR_AGR_003(1.0),7685,8,2009,8150,
STATSNZ:AGR_AGR_003(1.0),7696,5,2009,8419,
STATSNZ:AGR_AGR_003(1.0),7810,1,2009,3175,
STATSNZ:AGR_AGR_003(1.0),7065,9,2010,7715,
STATSNZ:AGR_AGR_003(1.0),7066,20,2010,443804,
STATSNZ:AGR_AGR_003(1.0),7074,12,2010,522,
STATSNZ:AGR_AGR_003(1.0),7187,10,2010,3067979,
STATSNZ:AGR_AGR_003(1.0),7187,17,2010,467758,
STATSNZ:AGR_AGR_003(1.0),6723,3,2010,156316,
STATSNZ:AGR_AGR_003(1.0),6703,10,2010,13196833,
STATSNZ:AGR_AGR_003(1.0),6702,15,2010,4373116,
STATSNZ:AGR_AGR_003(1.0),7688,3,2010,16441,
STATSNZ:AGR_AGR_003(1.0),7696,11,2010,6021,
STATSNZ:AGR_AGR_003(1.0),7810,6,2010,2693,
STATSNZ:AGR_AGR_003(1.0),7186,5,2011,433,
STATSNZ:AGR_AGR_003(1.0),6731,2,2011,219952,
STATSNZ:AGR_AGR_003(1.0),6721,10,2011,9902887,
STATSNZ:AGR_AGR_003(1.0),6721,17,2011,3134924,
STATSNZ:AGR_AGR_003(1.0),6738,5,2011,140314,
STATSNZ:AGR_AGR_003(1.0),7686,10,2011,71271,
STATSNZ:AGR_AGR_003(1.0),7686,17,2011,54111,
STATSNZ:AGR_AGR_003(1.0),6953,3,2011,38812,
STATSNZ:AGR_AGR_003(1.0),7077,20,2012,3734412,
STATSNZ:AGR_AGR_003(1.0),7056,6,2012,109232,
STATSNZ:AGR_AGR_003(1.0),7066,2,2012,16642,
STATSNZ:AGR_AGR_003(1.0),7068,17,2012,7086,
STATSNZ:AGR_AGR_003(1.0),7074,14,2012,7875,
STATSNZ:AGR_AGR_003(1.0),7188,19,2012,160479,
STATSNZ:AGR_AGR_003(1.0),7190,10,2012,2493988,
STATSNZ:AGR_AGR_003(1.0),7190,17,2012,386691,
STATSNZ:AGR_AGR_003(1.0),6723,5,2012,102450,
STATSNZ:AGR_AGR_003(1.0),6724,13,2012,88086,
STATSNZ:AGR_AGR_003(1.0),6701,19,2012,511667,
STATSNZ:AGR_AGR_003(1.0),6702,18,2012,39230,
STATSNZ:AGR_AGR_003(1.0),7699,8,2012,74033,
STATSNZ:AGR_AGR_003(1.0),6955,1,2012,7564,
STATSNZ:AGR_AGR_003(1.0),6955,18,2012,0,
STATSNZ:AGR_AGR_003(1.0),7057,5,2013,9515,
STATSNZ:AGR_AGR_003(1.0),7058,12,2013,,s
STATSNZ:AGR_AGR_003(1.0),7067,10,2013,261389,
STATSNZ:AGR_AGR_003(1.0),7068,8,2013,9571,
STATSNZ:AGR_AGR_003(1.0),7074,5,2013,74645,
STATSNZ:AGR_AGR_003(1.0),7184,3,2013,239014,
STATSNZ:AGR_AGR_003(1.0),7190,8,2013,251174,
STATSNZ:AGR_AGR_003(1.0),6731,16,2013,5325322,
STATSNZ:AGR_AGR_003(1.0),6723,13,2013,20238,
STATSNZ:AGR_AGR_003(1.0),6727,11,2013,985,
STATSNZ:AGR_AGR_003(1.0),7699,16,2013,143235,
STATSNZ:AGR_AGR_003(1.0),7699,20,2013,1028382,
STATSNZ:AGR_AGR_003(1.0),7686,14,2013,7328,
STATSNZ:AGR_AGR_003(1.0),7696,4,2013,16409,
STATSNZ:AGR_AGR_003(1.0),6954,11,2013,263,
STATSNZ:AGR_AGR_003(1.0),7059,10,2014,233879,
STATSNZ:AGR_AGR_003(1.0),7064,8,2014,71066,
STATSNZ:AGR_AGR_003(1.0),7068,5,2014,4228,
STATSNZ:AGR_AGR_003(1.0),7072,3,2014,48080,
STATSNZ:AGR_AGR_003(1.0),7185,8,2014,8639,
STATSNZ:AGR_AGR_003(1.0),6731,13,2014,544578,
STATSNZ:AGR_AGR_003(1.0),6720,3,2014,19316,
STATSNZ:AGR_AGR_003(1.0),6738,16,2014,365917,
STATSNZ:AGR_AGR_003(1.0),6738,20,2014,2920121,
STATSNZ:AGR_AGR_003(1.0),6701,14,2014,4341,
STATSNZ:AGR_AGR_003(1.0),7685,4,2014,2792,
STATSNZ:AGR_AGR_003(1.0),7686,11,2014,2187,
STATSNZ:AGR_AGR_003(1.0),6951,7,2014,166,
STATSNZ:AGR_AGR_003(1.0),6953,14,2014,,s
STATSNZ:AGR_AGR_003(1.0),7077,19,2015,1023297,
STATSNZ:AGR_AGR_003(1.0),7056,10,2015,533647,
STATSNZ:AGR_AGR_003(1.0),7056,17,2015,48569,
STATSNZ:AGR_AGR_003(1.0),7066,13,2015,3608,
STATSNZ:AGR_AGR_003(1.0),7074,8,2015,145960,
STATSNZ:AGR_AGR_003(1.0),7188,4,2015,18391,
STATSNZ:AGR_AGR_003(1.0),7190,11,2015,70388,
STATSNZ:AGR_AGR_003(1.0),6723,20,2015,1750318,
STATSNZ:AGR_AGR_003(1.0),6701,4,2015,16683,
STATSNZ:AGR_AGR_003(1.0),7699,2,2015,8805,
STATSNZ:AGR_AGR_003(1.0),7688,20,2015,180688,
STATSNZ:AGR_AGR_003(1.0),6955,12,2015,0,
STATSNZ:AGR_AGR_003(1.0),7810,2,2015,2903,
STATSNZ:AGR_AGR_003(1.0),7077,8,2016,543526,
STATSNZ:AGR_AGR_003(1.0),7056,15,2016,113312,
STATSNZ:AGR_AGR_003(1.0),7066,11,2016,5247,
STATSNZ:AGR_AGR_003(1.0),7067,18,2016,161,
STATSNZ:AGR_AGR_003(1.0),7074,6,2016,88553,
STATSNZ:AGR_AGR_003(1.0),7190,9,2016,80435,
STATSNZ:AGR_AGR_003(1.0),6723,14,2016,1991,
STATSNZ:AGR_AGR_003(1.0),6701,2,2016,6142,
STATSNZ:AGR_AGR_003(1.0),7699,10,2016,252271,
STATSNZ:AGR_AGR_003(1.0),7699,17,2016,185664,
STATSNZ:AGR_AGR_003(1.0),6955,19,2016,345317,
STATSNZ:AGR_AGR_003(1.0),7810,10,2016,32995,
STATSNZ:AGR_AGR_003(1.0),7077,9,2017,134924,
STATSNZ:AGR_AGR_003(1.0),7057,7,2017,4134,
STATSNZ:AGR_AGR_003(1.0),7066,12,2017,,s
STATSNZ:AGR_AGR_003(1.0),7073,10,2017,227084,
STATSNZ:AGR_AGR_003(1.0),7074,7,2017,24495,
STATSNZ:AGR_AGR_003(1.0),7193,15,2017,1308058,
STATSNZ:AGR_AGR_003(1.0),7188,3,2017,103894,
STATSNZ:AGR_AGR_003(1.0),6731,18,2017,68914,
STATSNZ:AGR_AGR_003(1.0),6723,15,2017,281670,
STATSNZ:AGR_AGR_003(1.0),6702,11,2017,218211,
STATSNZ:AGR_AGR_003(1.0),7699,1,2017,4913,
STATSNZ:AGR_AGR_003(1.0),7699,18,2017,0,
STATSNZ:AGR_AGR_003(1.0),7696,6,2017,15486,
STATSNZ:AGR_AGR_003(1.0),7056,1,2018,66105,
STATSNZ:AGR_AGR_003(1.0),7056,18,2018,,s
STATSNZ:AGR_AGR_003(1.0),7057,8,2018,27419,
STATSNZ:AGR_AGR_003(1.0),7073,1,2018,50081,
STATSNZ:AGR_AGR_003(1.0),7193,16,2018,331151,
STATSNZ:AGR_AGR_003(1.0),7193,20,2018,6385541,
STATSNZ:AGR_AGR_003(1.0),7190,12,2018,,s
STATSNZ:AGR_AGR_003(1.0),6722,9,2018,12310,
STATSNZ:AGR_AGR_003(1.0),6724,7,2018,58155,
STATSNZ:AGR_AGR_003(1.0),6702,12,2018,20929,
STATSNZ:AGR_AGR_003(1.0),7685,19,2018,70620,
STATSNZ:AGR_AGR_003(1.0),7688,10,2018,43913,
STATSNZ:AGR_AGR_003(1.0),7696,7,2018,857,
STATSNZ:AGR_AGR_003(1.0),7810,3,2018,12277,
STATSNZ:AGR_AGR_003(1.0),7056,9,2019,37424,
STATSNZ:AGR_AGR_003(1.0),7066,5,2019,20404,
STATSNZ:AGR_AGR_003(1.0),7067,12,2019,,s
STATSNZ:AGR_AGR_003(1.0),7072,2,2019,,s
STATSNZ:AGR_AGR_003(1.0),7074,10,2019,578945,
STATSNZ:AGR_AGR_003(1.0),7074,17,2019,48290,
STATSNZ:AGR_AGR_003(1.0),7187,5,2019,,s
STATSNZ:AGR_AGR_003(1.0),7190,3,2019,1300459,
STATSNZ:AGR_AGR_003(1.0),6722,10,2019,162886,
STATSNZ:AGR_AGR_003(1.0),6722,17,2019,,s
STATSNZ:AGR_AGR_003(1.0),6701,13,2019,,s
STATSNZ:AGR_AGR_003(1.0),7699,11,2019,5749,
STATSNZ:AGR_AGR_003(1.0),7688,8,2019,9810,
STATSNZ:AGR_AGR_003(1.0),7696,16,2019,50221,
STATSNZ:AGR_AGR_003(1.0),6955,4,2019,3137,
STATSNZ:AGR_AGR_003(1.0),7810,11,2019,473,
STATSNZ:AGR_AGR_003(1.0),7059,1,2020,36027,
STATSNZ:AGR_AGR_003(1.0),7059,18,2020,,s
STATSNZ:AGR_AGR_003(1.0),7065,16,2020,11266,
STATSNZ:AGR_AGR_003(1.0),7065,20,2020,240784,
STATSNZ:AGR_AGR_003(1.0),7072,4,2020,8021,
STATSNZ:AGR_AGR_003(1.0),7185,9,2020,1089,
STATSNZ:AGR_AGR_003(1.0),7186,16,2020,2587,
STATSNZ:AGR_AGR_003(1.0),7186,20,2020,53583,
STATSNZ:AGR_AGR_003(1.0),6721,12,2020,7847,
STATSNZ:AGR_AGR_003(1.0),6723,19,2020,860544,
STATSNZ:AGR_AGR_003(1.0),6738,10,2020,1389498,
STATSNZ:AGR_AGR_003(1.0),6703,7,2020,351124,
STATSNZ:AGR_AGR_003(1.0),7687,3,2020,26112,
STATSNZ:AGR_AGR_003(1.0),7688,19,2020,106781,
STATSNZ:AGR_AGR_003(1.0),6949,10,2020,7804,
STATSNZ:AGR_AGR_003(1.0),6953,15,2020,129710,
STATSNZ:AGR_AGR_003(1.0),7057,1,2021,14058,
STATSNZ:AGR_AGR_003(1.0),7059,17,2021,,s
STATSNZ:AGR_AGR_003(1.0),7067,14,2021,3214,
STATSNZ:AGR_AGR_003(1.0),7071,12,2021,,s
STATSNZ:AGR_AGR_003(1.0),7184,10,2021,481945,
STATSNZ:AGR_AGR_003(1.0),7184,17,2021,,s
STATSNZ:AGR_AGR_003(1.0),7190,5,2021,,s
STATSNZ:AGR_AGR_003(1.0),6731,12,2021,1899,
STATSNZ:AGR_AGR_003(1.0),6727,8,2021,3425,
STATSNZ:AGR_AGR_003(1.0),7685,3,2021,,s
STATSNZ:AGR_AGR_003(1.0),6949,16,2021,1249,
STATSNZ:AGR_AGR_003(1.0),6949,20,2021,23492,
STATSNZ:AGR_AGR_003(1.0),6951,6,2021,82,
STATSNZ:AGR_AGR_003(1.0),7056,3,2022,67829,
STATSNZ:AGR_AGR_003(1.0),7065,8,2022,41267,
STATSNZ:AGR_AGR_003(1.0),7066,16,2022,36090,
STATSNZ:AGR_AGR_003(1.0),7073,3,2022,38127,
STATSNZ:AGR_AGR_003(1.0),7074,11,2022,10089,
STATSNZ:AGR_AGR_003(1.0),7187,16,2022,246205,
STATSNZ:AGR_AGR_003(1.0),7187,20,2022,4622551,
STATSNZ:AGR_AGR_003(1.0),7190,14,2022,97357,
STATSNZ:AGR_AGR_003(1.0),6722,11,2022,3258,
STATSNZ:AGR_AGR_003(1.0),6701,7,2022,23570,
STATSNZ:AGR_AGR_003(1.0),6702,14,2022,26334,
STATSNZ:AGR_AGR_003(1.0),7688,2,2022,1954,
STATSNZ:AGR_AGR_003(1.0),6955,15,2022,415122,
STATSNZ:AGR_AGR_003(1.0),7810,5,2022,456,
STATSNZ:AGR_AGR_003(1.0),7059,12,2023,,s
STATSNZ:AGR_AGR_003(1.0),7064,2,2023,12690,
STATSNZ:AGR_AGR_003(1.0),7072,15,2023,19520,
STATSNZ:AGR_AGR_003(1.0),7185,3,2023,,s
STATSNZ:AGR_AGR_003(1.0),7186,19,2023,,s
STATSNZ:AGR_AGR_003(1.0),6721,6,2023,1373136,
STATSNZ:AGR_AGR_003(1.0),6722,13,2023,,s
STATSNZ:AGR_AGR_003(1.0),6727,3,2023,,s
STATSNZ:AGR_AGR_003(1.0),6703,1,2023,154181,
STATSNZ:AGR_AGR_003(1.0),6703,18,2023,,s
STATSNZ:AGR_AGR_003(1.0),7686,6,2023,,s
STATSNZ:AGR_AGR_003(1.0),7687,14,2023,1585,
STATSNZ:AGR_AGR_003(1.0),7688,4,2023,2666,
STATSNZ:AGR_AGR_003(1.0),6953,9,2023,6272,
STATSNZ:AGR_AGR_003(1.0),7077,9,2024,136841,
STATSNZ:AGR_AGR_003(1.0),7057,7,2024,,s
STATSNZ:AGR_AGR_003(1.0),7066,12,2024,111,
STATSNZ:AGR_AGR_003(1.0),7073,10,2024,162943,
STATSNZ:AGR_AGR_003(1.0),7074,7,2024,26906,
STATSNZ:AGR_AGR_003(1.0),7193,15,2024,1255814,
STATSNZ:AGR_AGR_003(1.0),7188,3,2024,91357,
STATSNZ:AGR_AGR_003(1.0),6731,18,2024,61393,
STATSNZ:AGR_AGR_003(1.0),6723,15,2024,210748,
STATSNZ:AGR_AGR_003(1.0),6702,11,2024,158799,
STATSNZ:AGR_AGR_003(1.0),7699,1,2024,2361,
STATSNZ:AGR_AGR_003(1.0),7699,18,2024,0,
STATSNZ:AGR_AGR_003(1.0),7696,6,2024,16354,
STATSNZ:AGR_AGR_003(1.0),7184,10,1994,569986,
STATSNZ:AGR_AGR_003(1.0),6954,20,1994,422766,
STATSNZ:AGR_AGR_003(1.0),7074,19,1994,302229,
STATSNZ:AGR_AGR_003(1.0),7184,8,1994,58579,
STATSNZ:AGR_AGR_003(1.0),6720,3,1994,42732,
STATSNZ:AGR_AGR_003(1.0),6954,16,1994,25531,
STATSNZ:AGR_AGR_003(1.0),7184,17,1994,22389,
STATSNZ:AGR_AGR_003(1.0),7686,11,1994,6307,
STATSNZ:AGR_AGR_003(1.0),7688,1,1994,2969,
STATSNZ:AGR_AGR_003(1.0),7186,15,1994,618,
STATSNZ:AGR_AGR_003(1.0),7188,5,1994,283,
STATSNZ:AGR_AGR_003(1.0),7187,20,2002,3841553,
STATSNZ:AGR_AGR_003(1.0),7696,19,2002,426745,
STATSNZ:AGR_AGR_003(1.0),7193,2,2002,150089,
STATSNZ:AGR_AGR_003(1.0),6953,15,2002,130123,
STATSNZ:AGR_AGR_003(1.0),7190,14,2002,77340,
STATSNZ:AGR_AGR_003(1.0),7687,3,2002,71025,
STATSNZ:AGR_AGR_003(1.0),7065,8,2002,50044,
STATSNZ:AGR_AGR_003(1.0),7067,6,2002,40578,
STATSNZ:AGR_AGR_003(1.0),7059,1,2002,36589,
STATSNZ:AGR_AGR_003(1.0),6723,2,2002,29938,
STATSNZ:AGR_AGR_003(1.0),6949,10,2002,18533,
STATSNZ:AGR_AGR_003(1.0),7065,16,2002,8203,
STATSNZ:AGR_AGR_003(1.0),6720,4,2002,6230,
STATSNZ:AGR_AGR_003(1.0),6949,8,2002,2823,
STATSNZ:AGR_AGR_003(1.0),7810,5,2002,2218,
STATSNZ:AGR_AGR_003(1.0),7057,11,2002,1795,
STATSNZ:AGR_AGR_003(1.0),7185,9,2002,1608,
STATSNZ:AGR_AGR_003(1.0),7071,13,2002,1222,
STATSNZ:AGR_AGR_003(1.0),6949,17,2002,1018,
STATSNZ:AGR_AGR_003(1.0),7059,18,2002,434,
STATSNZ:AGR_AGR_003(1.0),7059,9,2003,13194,
STATSNZ:AGR_AGR_003(1.0),7071,5,2003,11335,
STATSNZ:AGR_AGR_003(1.0),7184,19,2003,252013,
STATSNZ:AGR_AGR_003(1.0),7185,10,2003,32068,
STATSNZ:AGR_AGR_003(1.0),7187,7,2003,492544,
STATSNZ:AGR_AGR_003(1.0),7193,19,2003,1309021,
STATSNZ:AGR_AGR_003(1.0),7687,11,2003,17690,
STATSNZ:AGR_AGR_003(1.0),7696,1,2003,7707,
STATSNZ:AGR_AGR_003(1.0),7810,14,2003,435,
STATSNZ:AGR_AGR_003(1.0),7067,9,2004,15218,
STATSNZ:AGR_AGR_003(1.0),7068,16,2004,5173,
STATSNZ:AGR_AGR_003(1.0),7071,20,2004,145705,
STATSNZ:AGR_AGR_003(1.0),7193,4,2004,320923,
STATSNZ:AGR_AGR_003(1.0),7187,9,2004,73359,
STATSNZ:AGR_AGR_003(1.0),6720,7,2004,7213,
STATSNZ:AGR_AGR_003(1.0),6724,12,2004,2925,
STATSNZ:AGR_AGR_003(1.0),6701,17,2004,151843,
STATSNZ:AGR_AGR_003(1.0),6702,10,2004,13856503,
STATSNZ:AGR_AGR_003(1.0),7699,7,2004,6687,
STATSNZ:AGR_AGR_003(1.0),7056,4,2005,22856,
STATSNZ:AGR_AGR_003(1.0),7068,7,2005,5032,
STATSNZ:AGR_AGR_003(1.0),7074,12,2005,1079,
STATSNZ:AGR_AGR_003(1.0),7184,2,2005,13887,
STATSNZ:AGR_AGR_003(1.0),7187,10,2005,3041772,
STATSNZ:AGR_AGR_003(1.0),6724,3,2005,286054,
STATSNZ:AGR_AGR_003(1.0),6701,8,2005,268095,
STATSNZ:AGR_AGR_003(1.0),7688,3,2005,30979,
STATSNZ:AGR_AGR_003(1.0),6955,16,2005,19799,
STATSNZ:AGR_AGR_003(1.0),6955,20,2005,731131,
STATSNZ:AGR_AGR_003(1.0),7077,15,2006,529952,
STATSNZ:AGR_AGR_003(1.0),7057,13,2006,2221,
STATSNZ:AGR_AGR_003(1.0),7059,3,2006,52194,
STATSNZ:AGR_AGR_003(1.0),7065,19,2006,54386,
STATSNZ:AGR_AGR_003(1.0),7073,6,2006,58219,
STATSNZ:AGR_AGR_003(1.0),7193,4,2006,300509,
STATSNZ:AGR_AGR_003(1.0),7193,13,2006,25783,
STATSNZ:AGR_AGR_003(1.0),7185,11,2006,780,
STATSNZ:AGR_AGR_003(1.0),7187,1,2006,303297,
STATSNZ:AGR_AGR_003(1.0),6702,17,2006,5774720,
STATSNZ:AGR_AGR_003(1.0),6949,2,2006,1105,
STATSNZ:AGR_AGR_003(1.0),7068,19,2007,23395,
STATSNZ:AGR_AGR_003(1.0),7071,19,2007,17067,
STATSNZ:AGR_AGR_003(1.0),7072,17,2007,8323,
STATSNZ:AGR_AGR_003(1.0),7193,15,2007,754937,
STATSNZ:AGR_AGR_003(1.0),6701,11,2007,16578,
STATSNZ:AGR_AGR_003(1.0),7699,1,2007,7566,
STATSNZ:AGR_AGR_003(1.0),7685,1,2007,638,
STATSNZ:AGR_AGR_003(1.0),7058,9,2008,6050,
STATSNZ:AGR_AGR_003(1.0),7064,20,2008,532105,
STATSNZ:AGR_AGR_003(1.0),7068,4,2008,2241,
STATSNZ:AGR_AGR_003(1.0),7074,9,2008,43622,
STATSNZ:AGR_AGR_003(1.0),6731,12,2008,8671,
STATSNZ:AGR_AGR_003(1.0),6722,19,2008,156411,
STATSNZ:AGR_AGR_003(1.0),6723,10,2008,794281,
STATSNZ:AGR_AGR_003(1.0),6723,17,2008,208984,
STATSNZ:AGR_AGR_003(1.0),6724,10,2008,2793484,
STATSNZ:AGR_AGR_003(1.0),6724,17,2008,526053,
STATSNZ:AGR_AGR_003(1.0),6727,7,2008,1014,
STATSNZ:AGR_AGR_003(1.0),6738,15,2008,678547,
STATSNZ:AGR_AGR_003(1.0),6701,5,2008,44799,
STATSNZ:AGR_AGR_003(1.0),6954,8,2008,24480,
STATSNZ:AGR_AGR_003(1.0),7073,3,2009,38361,
STATSNZ:AGR_AGR_003(1.0),7185,8,2009,5003,
STATSNZ:AGR_AGR_003(1.0),6724,9,2009,237400,
STATSNZ:AGR_AGR_003(1.0),6738,16,2009,251966,
STATSNZ:AGR_AGR_003(1.0),6738,20,2009,2655582,
STATSNZ:AGR_AGR_003(1.0),6703,20,2009,27888325,
STATSNZ:AGR_AGR_003(1.0),7696,9,2009,6147,
STATSNZ:AGR_AGR_003(1.0),7067,3,2010,58166,
STATSNZ:AGR_AGR_003(1.0),7072,1,2010,34125,
STATSNZ:AGR_AGR_003(1.0),7074,8,2010,136172,
STATSNZ:AGR_AGR_003(1.0),6723,20,2010,2077197,
STATSNZ:AGR_AGR_003(1.0),6703,4,2010,268862,
STATSNZ:AGR_AGR_003(1.0),7810,2,2010,6834,
STATSNZ:AGR_AGR_003(1.0),7064,19,2011,154083,
STATSNZ:AGR_AGR_003(1.0),6731,6,2011,3266872,
STATSNZ:AGR_AGR_003(1.0),6724,11,2011,24767,
STATSNZ:AGR_AGR_003(1.0),6727,1,2011,1309,
STATSNZ:AGR_AGR_003(1.0),6701,16,2011,96364,
STATSNZ:AGR_AGR_003(1.0),6701,20,2011,874080,
STATSNZ:AGR_AGR_003(1.0),7077,3,2012,505869,
STATSNZ:AGR_AGR_003(1.0),7057,18,2012,492,
STATSNZ:AGR_AGR_003(1.0),7057,19,2012,51863,
STATSNZ:AGR_AGR_003(1.0),7059,8,2012,47544,
STATSNZ:AGR_AGR_003(1.0),7065,15,2012,19045,
STATSNZ:AGR_AGR_003(1.0),7067,5,2012,27956,
STATSNZ:AGR_AGR_003(1.0),7073,11,2012,2908,
STATSNZ:AGR_AGR_003(1.0),7193,1,2012,397764,
STATSNZ:AGR_AGR_003(1.0),7193,18,2012,,c
STATSNZ:AGR_AGR_003(1.0),7185,8,2012,6365,
STATSNZ:AGR_AGR_003(1.0),7185,16,2012,3830,
STATSNZ:AGR_AGR_003(1.0),7187,6,2012,54653,
STATSNZ:AGR_AGR_003(1.0),7685,12,2012,0,
STATSNZ:AGR_AGR_003(1.0),7687,2,2012,5229,
STATSNZ:AGR_AGR_003(1.0),7696,9,2012,4996,
STATSNZ:AGR_AGR_003(1.0),7696,10,2012,114015,
STATSNZ:AGR_AGR_003(1.0),7696,17,2012,99636,
STATSNZ:AGR_AGR_003(1.0),6949,7,2012,1761,
STATSNZ:AGR_AGR_003(1.0),7056,1,2013,73871,
STATSNZ:AGR_AGR_003(1.0),7056,18,2013,5018,
STATSNZ:AGR_AGR_003(1.0),7065,6,2013,29465,
STATSNZ:AGR_AGR_003(1.0),7073,1,2013,43603,
STATSNZ:AGR_AGR_003(1.0),7193,17,2013,615428,
STATSNZ:AGR_AGR_003(1.0),7185,7,2013,3763,
STATSNZ:AGR_AGR_003(1.0),7187,14,2013,142322,
STATSNZ:AGR_AGR_003(1.0),7190,4,2013,194323,
STATSNZ:AGR_AGR_003(1.0),7190,12,2013,,s
STATSNZ:AGR_AGR_003(1.0),6720,2,2013,2691,
STATSNZ:AGR_AGR_003(1.0),6738,15,2013,757442,
STATSNZ:AGR_AGR_003(1.0),6701,5,2013,73661,
STATSNZ:AGR_AGR_003(1.0),7686,19,2013,156156,
STATSNZ:AGR_AGR_003(1.0),7696,8,2013,28895,
STATSNZ:AGR_AGR_003(1.0),6949,15,2013,18814,
STATSNZ:AGR_AGR_003(1.0),6953,5,2013,449,
STATSNZ:AGR_AGR_003(1.0),7810,3,2013,14905,
STATSNZ:AGR_AGR_003(1.0),7074,14,2014,12164,
STATSNZ:AGR_AGR_003(1.0),7184,4,2014,38556,
STATSNZ:AGR_AGR_003(1.0),6731,17,2014,4299214,
STATSNZ:AGR_AGR_003(1.0),6721,7,2014,352472,
STATSNZ:AGR_AGR_003(1.0),6723,5,2014,129627,
STATSNZ:AGR_AGR_003(1.0),6724,5,2014,245866,
STATSNZ:AGR_AGR_003(1.0),6727,12,2014,,c
STATSNZ:AGR_AGR_003(1.0),6703,2,2014,148985,
STATSNZ:AGR_AGR_003(1.0),6955,18,2014,0,
STATSNZ:AGR_AGR_003(1.0),7077,14,2015,36547,
STATSNZ:AGR_AGR_003(1.0),7057,4,2015,5495,
STATSNZ:AGR_AGR_003(1.0),7059,2,2015,15765,
STATSNZ:AGR_AGR_003(1.0),7059,11,2015,3622,
STATSNZ:AGR_AGR_003(1.0),7065,9,2015,5401,
STATSNZ:AGR_AGR_003(1.0),7067,16,2015,30120,
STATSNZ:AGR_AGR_003(1.0),7067,20,2015,369719,
STATSNZ:AGR_AGR_003(1.0),7073,5,2015,9575,
STATSNZ:AGR_AGR_003(1.0),7193,12,2015,8459,
STATSNZ:AGR_AGR_003(1.0),7185,2,2015,570,
STATSNZ:AGR_AGR_003(1.0),7187,10,2015,2993547,
STATSNZ:AGR_AGR_003(1.0),7187,17,2015,583588,
STATSNZ:AGR_AGR_003(1.0),7190,7,2015,393020,
STATSNZ:AGR_AGR_003(1.0),7685,6,2015,9206,
STATSNZ:AGR_AGR_003(1.0),7687,13,2015,3441,
STATSNZ:AGR_AGR_003(1.0),7696,3,2015,24768,
STATSNZ:AGR_AGR_003(1.0),7696,11,2015,4869,
STATSNZ:AGR_AGR_003(1.0),6949,1,2015,289,
STATSNZ:AGR_AGR_003(1.0),6949,18,2015,0,
STATSNZ:AGR_AGR_003(1.0),6953,8,2015,18883,
STATSNZ:AGR_AGR_003(1.0),7077,12,2016,1692,
STATSNZ:AGR_AGR_003(1.0),7057,2,2016,4839,
STATSNZ:AGR_AGR_003(1.0),7059,9,2016,10088,
STATSNZ:AGR_AGR_003(1.0),7059,10,2016,228022,
STATSNZ:AGR_AGR_003(1.0),7059,17,2016,12084,
STATSNZ:AGR_AGR_003(1.0),7065,7,2016,12597,
STATSNZ:AGR_AGR_003(1.0),7067,14,2016,4222,
STATSNZ:AGR_AGR_003(1.0),7193,19,2016,2561452,
STATSNZ:AGR_AGR_003(1.0),7185,10,2016,44355,
STATSNZ:AGR_AGR_003(1.0),7187,15,2016,1050625,
STATSNZ:AGR_AGR_003(1.0),7190,5,2016,2131,
STATSNZ:AGR_AGR_003(1.0),7685,4,2016,3038,
STATSNZ:AGR_AGR_003(1.0),7687,11,2016,6565,
STATSNZ:AGR_AGR_003(1.0),7696,1,2016,1779,
STATSNZ:AGR_AGR_003(1.0),7696,18,2016,,c
STATSNZ:AGR_AGR_003(1.0),6949,16,2016,762,
STATSNZ:AGR_AGR_003(1.0),6949,20,2016,24319,
STATSNZ:AGR_AGR_003(1.0),6953,6,2016,,c
STATSNZ:AGR_AGR_003(1.0),7073,4,2017,13785,
STATSNZ:AGR_AGR_003(1.0),7193,11,2017,66114,
STATSNZ:AGR_AGR_003(1.0),7185,9,2017,1761,
STATSNZ:AGR_AGR_003(1.0),7187,16,2017,236716,
STATSNZ:AGR_AGR_003(1.0),7187,20,2017,5043813,
STATSNZ:AGR_AGR_003(1.0),7190,6,2017,44734,
STATSNZ:AGR_AGR_003(1.0),6722,12,2017,129,
STATSNZ:AGR_AGR_003(1.0),6724,2,2017,35337,
STATSNZ:AGR_AGR_003(1.0),6738,9,2017,169430,
STATSNZ:AGR_AGR_003(1.0),6738,10,2017,1475048,
STATSNZ:AGR_AGR_003(1.0),6738,17,2017,119449,
STATSNZ:AGR_AGR_003(1.0),6701,7,2017,14895,
STATSNZ:AGR_AGR_003(1.0),6949,10,2017,8779,
STATSNZ:AGR_AGR_003(1.0),7058,12,2018,68,
STATSNZ:AGR_AGR_003(1.0),7066,10,2018,277248,
STATSNZ:AGR_AGR_003(1.0),7066,17,2018,18250,
STATSNZ:AGR_AGR_003(1.0),7067,10,2018,278374,
STATSNZ:AGR_AGR_003(1.0),7068,7,2018,6165,
STATSNZ:AGR_AGR_003(1.0),7073,5,2018,9876,
STATSNZ:AGR_AGR_003(1.0),7185,19,2018,40916,
STATSNZ:AGR_AGR_003(1.0),6722,13,2018,5002,
STATSNZ:AGR_AGR_003(1.0),6738,1,2018,40670,
STATSNZ:AGR_AGR_003(1.0),6738,18,2018,,s
STATSNZ:AGR_AGR_003(1.0),6701,8,2018,274304,
STATSNZ:AGR_AGR_003(1.0),6951,9,2018,115,
STATSNZ:AGR_AGR_003(1.0),6953,9,2018,6927,
STATSNZ:AGR_AGR_003(1.0),6955,16,2018,23202,
STATSNZ:AGR_AGR_003(1.0),7077,6,2019,448764,
STATSNZ:AGR_AGR_003(1.0),7057,13,2019,3910,
STATSNZ:AGR_AGR_003(1.0),7058,3,2019,16232,
STATSNZ:AGR_AGR_003(1.0),7059,3,2019,44288,
STATSNZ:AGR_AGR_003(1.0),7065,1,2019,24203,
STATSNZ:AGR_AGR_003(1.0),7065,18,2019,,s
STATSNZ:AGR_AGR_003(1.0),7067,8,2019,73979,
STATSNZ:AGR_AGR_003(1.0),7193,4,2019,317633,
STATSNZ:AGR_AGR_003(1.0),7185,11,2019,,s
STATSNZ:AGR_AGR_003(1.0),7190,20,2019,4505773,
STATSNZ:AGR_AGR_003(1.0),7685,15,2019,38320,
STATSNZ:AGR_AGR_003(1.0),7687,5,2019,,s
STATSNZ:AGR_AGR_003(1.0),7688,12,2019,0,
STATSNZ:AGR_AGR_003(1.0),7696,12,2019,0,
STATSNZ:AGR_AGR_003(1.0),6949,19,2019,17106,
STATSNZ:AGR_AGR_003(1.0),6953,10,2019,73765,
STATSNZ:AGR_AGR_003(1.0),6953,17,2019,,s
STATSNZ:AGR_AGR_003(1.0),7077,17,2020,209611,
STATSNZ:AGR_AGR_003(1.0),7067,19,2020,160385,
STATSNZ:AGR_AGR_003(1.0),7071,10,2020,67694,
STATSNZ:AGR_AGR_003(1.0),7071,17,2020,,s
STATSNZ:AGR_AGR_003(1.0),7072,10,2020,204073,
STATSNZ:AGR_AGR_003(1.0),7190,18,2020,0,
STATSNZ:AGR_AGR_003(1.0),6731,1,2020,235789,
STATSNZ:AGR_AGR_003(1.0),6731,18,2020,64895,
STATSNZ:AGR_AGR_003(1.0),6702,1,2020,174691,
STATSNZ:AGR_AGR_003(1.0),7696,14,2020,9861,
STATSNZ:AGR_AGR_003(1.0),6949,4,2020,,s
STATSNZ:AGR_AGR_003(1.0),6955,2,2020,24959,
STATSNZ:AGR_AGR_003(1.0),7810,9,2020,,s
STATSNZ:AGR_AGR_003(1.0),7056,15,2021,126402,
STATSNZ:AGR_AGR_003(1.0),7058,5,2021,10585,
STATSNZ:AGR_AGR_003(1.0),7058,13,2021,,s
STATSNZ:AGR_AGR_003(1.0),7064,3,2021,82146,
STATSNZ:AGR_AGR_003(1.0),7066,19,2021,123788,
STATSNZ:AGR_AGR_003(1.0),7072,16,2021,12328,
STATSNZ:AGR_AGR_003(1.0),7072,20,2021,267596,
STATSNZ:AGR_AGR_003(1.0),7074,6,2021,103291,
STATSNZ:AGR_AGR_003(1.0),7186,11,2021,,s
STATSNZ:AGR_AGR_003(1.0),7188,1,2021,,s
STATSNZ:AGR_AGR_003(1.0),7699,10,2021,220873,
STATSNZ:AGR_AGR_003(1.0),7699,17,2021,177839,
STATSNZ:AGR_AGR_003(1.0),7686,7,2021,517,
STATSNZ:AGR_AGR_003(1.0),7688,5,2021,,s
STATSNZ:AGR_AGR_003(1.0),7688,14,2021,4815,
STATSNZ:AGR_AGR_003(1.0),6954,12,2021,,s
STATSNZ:AGR_AGR_003(1.0),6951,2,2021,195,
STATSNZ:AGR_AGR_003(1.0),7077,17,2022,170122,
STATSNZ:AGR_AGR_003(1.0),7057,7,2022,4388,
STATSNZ:AGR_AGR_003(1.0),7058,14,2022,594,
STATSNZ:AGR_AGR_003(1.0),7059,14,2022,2356,
STATSNZ:AGR_AGR_003(1.0),7064,4,2022,18183,
STATSNZ:AGR_AGR_003(1.0),7065,4,2022,7444,
STATSNZ:AGR_AGR_003(1.0),7065,12,2022,,s
STATSNZ:AGR_AGR_003(1.0),7067,2,2022,11512,
STATSNZ:AGR_AGR_003(1.0),7193,15,2022,1253519,
STATSNZ:AGR_AGR_003(1.0),7185,5,2022,427,
STATSNZ:AGR_AGR_003(1.0),7190,19,2022,1723516,
STATSNZ:AGR_AGR_003(1.0),6722,15,2022,42825,
STATSNZ:AGR_AGR_003(1.0),7699,18,2022,0,
STATSNZ:AGR_AGR_003(1.0),7687,16,2022,59928,
STATSNZ:AGR_AGR_003(1.0),7687,20,2022,334435,
STATSNZ:AGR_AGR_003(1.0),7688,6,2022,9783,
STATSNZ:AGR_AGR_003(1.0),7696,6,2022,16413,
STATSNZ:AGR_AGR_003(1.0),6954,13,2022,80,
STATSNZ:AGR_AGR_003(1.0),6953,11,2022,69,
STATSNZ:AGR_AGR_003(1.0),7065,6,2023,28279,
STATSNZ:AGR_AGR_003(1.0),7071,11,2023,,s
STATSNZ:AGR_AGR_003(1.0),7073,1,2023,28681,
STATSNZ:AGR_AGR_003(1.0),7190,12,2023,2855,
STATSNZ:AGR_AGR_003(1.0),6721,2,2023,103062,
STATSNZ:AGR_AGR_003(1.0),6727,7,2023,,s
STATSNZ:AGR_AGR_003(1.0),6702,12,2023,3322,
STATSNZ:AGR_AGR_003(1.0),6949,15,2023,13023,
STATSNZ:AGR_AGR_003(1.0),6953,5,2023,,s
STATSNZ:AGR_AGR_003(1.0),6953,13,2023,60,
STATSNZ:AGR_AGR_003(1.0),7810,3,2023,8483,
STATSNZ:AGR_AGR_003(1.0),7077,13,2024,44979,
STATSNZ:AGR_AGR_003(1.0),7065,8,2024,37713,
STATSNZ:AGR_AGR_003(1.0),7073,4,2024,9792,
STATSNZ:AGR_AGR_003(1.0),7193,11,2024,59720,
STATSNZ:AGR_AGR_003(1.0),7185,9,2024,,s
STATSNZ:AGR_AGR_003(1.0),7187,16,2024,245711,
STATSNZ:AGR_AGR_003(1.0),7187,20,2024,4598882,
STATSNZ:AGR_AGR_003(1.0),7190,6,2024,,s
STATSNZ:AGR_AGR_003(1.0),6722,12,2024,,s
STATSNZ:AGR_AGR_003(1.0),6738,10,2024,1538609,
STATSNZ:AGR_AGR_003(1.0),6738,17,2024,,s
STATSNZ:AGR_AGR_003(1.0),6701,7,2024,28593,
STATSNZ:AGR_AGR_003(1.0),7696,19,2024,186147,
STATSNZ:AGR_AGR_003(1.0),6949,10,2024,6588,
STATSNZ:AGR_AGR_003(1.0),6949,17,2024,,s
STATSNZ:AGR_AGR_003(1.0),6731,20,1994,49466054,
STATSNZ:AGR_AGR_003(1.0),7699,10,1994,615115,
STATSNZ:AGR_AGR_003(1.0),7699,17,1994,184512,
STATSNZ:AGR_AGR_003(1.0),6724,4,1994,101654,
STATSNZ:AGR_AGR_003(1.0),7190,9,1994,52543,
STATSNZ:AGR_AGR_003(1.0),7810,10,1994,46575,
STATSNZ:AGR_AGR_003(1.0),7193,13,1994,22648,
STATSNZ:AGR_AGR_003(1.0),6720,7,1994,11722,
STATSNZ:AGR_AGR_003(1.0),7685,7,1994,2884,
STATSNZ:AGR_AGR_003(1.0),6727,12,1994,642,
STATSNZ:AGR_AGR_003(1.0),6721,8,2002,4405697,
STATSNZ:AGR_AGR_003(1.0),7187,3,2002,1270186,
STATSNZ:AGR_AGR_003(1.0),7687,20,2002,891311,
STATSNZ:AGR_AGR_003(1.0),7072,10,2002,322740,
STATSNZ:AGR_AGR_003(1.0),7077,17,2002,203670,
STATSNZ:AGR_AGR_003(1.0),7074,15,2002,129645,
STATSNZ:AGR_AGR_003(1.0),6722,15,2002,108644,
STATSNZ:AGR_AGR_003(1.0),7056,7,2002,30028,
STATSNZ:AGR_AGR_003(1.0),7688,6,2002,22640,
STATSNZ:AGR_AGR_003(1.0),6701,11,2002,17392,
STATSNZ:AGR_AGR_003(1.0),7064,4,2002,17132,
STATSNZ:AGR_AGR_003(1.0),7072,17,2002,10152,
STATSNZ:AGR_AGR_003(1.0),7810,9,2002,2735,
STATSNZ:AGR_AGR_003(1.0),6701,2,2003,9266,
STATSNZ:AGR_AGR_003(1.0),6721,16,2003,4218598,
STATSNZ:AGR_AGR_003(1.0),6721,20,2003,27086569,
STATSNZ:AGR_AGR_003(1.0),6955,19,2003,458906,
STATSNZ:AGR_AGR_003(1.0),7064,13,2003,7887,
STATSNZ:AGR_AGR_003(1.0),7071,1,2003,23965,
STATSNZ:AGR_AGR_003(1.0),7072,8,2003,58063,
STATSNZ:AGR_AGR_003(1.0),7077,8,2003,699264,
STATSNZ:AGR_AGR_003(1.0),7687,7,2003,4593,
STATSNZ:AGR_AGR_003(1.0),7077,2,2004,166039,
STATSNZ:AGR_AGR_003(1.0),7056,19,2004,334322,
STATSNZ:AGR_AGR_003(1.0),7057,17,2004,9964,
STATSNZ:AGR_AGR_003(1.0),7064,7,2004,12289,
STATSNZ:AGR_AGR_003(1.0),7066,5,2004,30322,
STATSNZ:AGR_AGR_003(1.0),7073,19,2004,72440,
STATSNZ:AGR_AGR_003(1.0),7193,8,2004,381464,
STATSNZ:AGR_AGR_003(1.0),6722,1,2004,2629,
STATSNZ:AGR_AGR_003(1.0),6723,8,2004,468580,
STATSNZ:AGR_AGR_003(1.0),6724,16,2004,794498,
STATSNZ:AGR_AGR_003(1.0),7688,9,2004,5821,
STATSNZ:AGR_AGR_003(1.0),7696,16,2004,86235,
STATSNZ:AGR_AGR_003(1.0),7696,20,2004,699719,
STATSNZ:AGR_AGR_003(1.0),7056,10,2005,755467,
STATSNZ:AGR_AGR_003(1.0),7066,13,2005,6684,
STATSNZ:AGR_AGR_003(1.0),7067,3,2005,77848,
STATSNZ:AGR_AGR_003(1.0),7193,16,2005,161616,
STATSNZ:AGR_AGR_003(1.0),7190,11,2005,45241,
STATSNZ:AGR_AGR_003(1.0),6724,7,2005,90256,
STATSNZ:AGR_AGR_003(1.0),6701,4,2005,13472,
STATSNZ:AGR_AGR_003(1.0),7059,20,2006,351984,
STATSNZ:AGR_AGR_003(1.0),7072,2,2006,4494,
STATSNZ:AGR_AGR_003(1.0),6721,19,2006,14162534,
STATSNZ:AGR_AGR_003(1.0),6703,6,2006,3190657,
STATSNZ:AGR_AGR_003(1.0),7687,1,2006,3642,
STATSNZ:AGR_AGR_003(1.0),6955,4,2006,17868,
STATSNZ:AGR_AGR_003(1.0),7077,13,2007,65768,
STATSNZ:AGR_AGR_003(1.0),7064,1,2007,60292,
STATSNZ:AGR_AGR_003(1.0),7065,8,2007,55394,
STATSNZ:AGR_AGR_003(1.0),7066,16,2007,28808,
STATSNZ:AGR_AGR_003(1.0),7073,4,2007,10323,
STATSNZ:AGR_AGR_003(1.0),7187,16,2007,168918,
STATSNZ:AGR_AGR_003(1.0),7187,20,2007,4167121,
STATSNZ:AGR_AGR_003(1.0),6722,12,2007,32,
STATSNZ:AGR_AGR_003(1.0),6723,2,2007,16793,
STATSNZ:AGR_AGR_003(1.0),6701,7,2007,17119,
STATSNZ:AGR_AGR_003(1.0),6702,15,2007,5274656,
STATSNZ:AGR_AGR_003(1.0),7696,19,2007,382798,
STATSNZ:AGR_AGR_003(1.0),7057,5,2008,10120,
STATSNZ:AGR_AGR_003(1.0),7066,19,2008,145968,
STATSNZ:AGR_AGR_003(1.0),7068,8,2008,8377,
STATSNZ:AGR_AGR_003(1.0),7074,5,2008,77146,
STATSNZ:AGR_AGR_003(1.0),7188,1,2008,29932,
STATSNZ:AGR_AGR_003(1.0),7190,8,2008,245933,
STATSNZ:AGR_AGR_003(1.0),6731,16,2008,5343380,
STATSNZ:AGR_AGR_003(1.0),6702,9,2008,1438980,
STATSNZ:AGR_AGR_003(1.0),7699,16,2008,166856,
STATSNZ:AGR_AGR_003(1.0),7699,20,2008,1223324,
STATSNZ:AGR_AGR_003(1.0),7810,17,2008,3079,
STATSNZ:AGR_AGR_003(1.0),7077,16,2009,291585,
STATSNZ:AGR_AGR_003(1.0),7077,20,2009,4100718,
STATSNZ:AGR_AGR_003(1.0),7065,12,2009,75,
STATSNZ:AGR_AGR_003(1.0),6720,10,2009,173162,
STATSNZ:AGR_AGR_003(1.0),6721,7,2009,364153,
STATSNZ:AGR_AGR_003(1.0),6703,3,2009,1718231,
STATSNZ:AGR_AGR_003(1.0),7685,10,2009,31692,
STATSNZ:AGR_AGR_003(1.0),7686,8,2009,14761,
STATSNZ:AGR_AGR_003(1.0),7687,15,2009,146314,
STATSNZ:AGR_AGR_003(1.0),7064,9,2010,15318,
STATSNZ:AGR_AGR_003(1.0),7067,20,2010,445114,
STATSNZ:AGR_AGR_003(1.0),7184,2,2010,16217,
STATSNZ:AGR_AGR_003(1.0),7186,10,2010,23728,
STATSNZ:AGR_AGR_003(1.0),6727,19,2010,329295,
STATSNZ:AGR_AGR_003(1.0),6703,8,2010,4853370,
STATSNZ:AGR_AGR_003(1.0),7685,5,2010,1431,
STATSNZ:AGR_AGR_003(1.0),7686,13,2010,1812,
STATSNZ:AGR_AGR_003(1.0),6949,1,2010,526,
STATSNZ:AGR_AGR_003(1.0),7077,1,2011,402434,
STATSNZ:AGR_AGR_003(1.0),7056,8,2011,142000,
STATSNZ:AGR_AGR_003(1.0),7057,16,2011,14518,
STATSNZ:AGR_AGR_003(1.0),7066,4,2011,11384,
STATSNZ:AGR_AGR_003(1.0),7074,16,2011,84013,
STATSNZ:AGR_AGR_003(1.0),7074,20,2011,901375,
STATSNZ:AGR_AGR_003(1.0),7190,2,2011,73651,
STATSNZ:AGR_AGR_003(1.0),6724,15,2011,918088,
STATSNZ:AGR_AGR_003(1.0),6702,3,2011,1516257,
STATSNZ:AGR_AGR_003(1.0),7699,19,2011,763600,
STATSNZ:AGR_AGR_003(1.0),6954,6,2011,7061,
STATSNZ:AGR_AGR_003(1.0),6955,3,2011,95870,
STATSNZ:AGR_AGR_003(1.0),7059,4,2012,9127,
STATSNZ:AGR_AGR_003(1.0),7064,12,2012,339,
STATSNZ:AGR_AGR_003(1.0),7068,9,2012,2132,
STATSNZ:AGR_AGR_003(1.0),7072,7,2012,3903,
STATSNZ:AGR_AGR_003(1.0),7185,12,2012,,c
STATSNZ:AGR_AGR_003(1.0),6731,10,2012,15267450,
STATSNZ:AGR_AGR_003(1.0),6721,15,2012,3152299,
STATSNZ:AGR_AGR_003(1.0),6738,3,2012,143102,
STATSNZ:AGR_AGR_003(1.0),6701,18,2012,1025,
STATSNZ:AGR_AGR_003(1.0),7685,8,2012,6208,
STATSNZ:AGR_AGR_003(1.0),7686,15,2012,63698,
STATSNZ:AGR_AGR_003(1.0),6951,11,2012,15,
STATSNZ:AGR_AGR_003(1.0),6953,1,2012,2383,
STATSNZ:AGR_AGR_003(1.0),6953,18,2012,0,
STATSNZ:AGR_AGR_003(1.0),7064,2,2013,19462,
STATSNZ:AGR_AGR_003(1.0),7072,15,2013,25297,
STATSNZ:AGR_AGR_003(1.0),7074,13,2013,16615,
STATSNZ:AGR_AGR_003(1.0),7186,19,2013,12231,
STATSNZ:AGR_AGR_003(1.0),6721,6,2013,1837047,
STATSNZ:AGR_AGR_003(1.0),6722,13,2013,7373,
STATSNZ:AGR_AGR_003(1.0),6703,1,2013,304935,
STATSNZ:AGR_AGR_003(1.0),7686,6,2013,18550,
STATSNZ:AGR_AGR_003(1.0),7687,14,2013,17005,
STATSNZ:AGR_AGR_003(1.0),7688,4,2013,7560,
STATSNZ:AGR_AGR_003(1.0),6955,17,2013,1750,
STATSNZ:AGR_AGR_003(1.0),7056,2,2014,15161,
STATSNZ:AGR_AGR_003(1.0),7066,15,2014,62132,
STATSNZ:AGR_AGR_003(1.0),7067,5,2014,22727,
STATSNZ:AGR_AGR_003(1.0),7074,19,2014,296963,
STATSNZ:AGR_AGR_003(1.0),7188,6,2014,6043,
STATSNZ:AGR_AGR_003(1.0),7190,13,2014,18562,
STATSNZ:AGR_AGR_003(1.0),6723,1,2014,28581,
STATSNZ:AGR_AGR_003(1.0),6701,6,2014,88947,
STATSNZ:AGR_AGR_003(1.0),7699,4,2014,35251,
STATSNZ:AGR_AGR_003(1.0),7688,1,2014,,s
STATSNZ:AGR_AGR_003(1.0),7696,9,2014,7979,
STATSNZ:AGR_AGR_003(1.0),6954,17,2014,,c
STATSNZ:AGR_AGR_003(1.0),6955,14,2014,0,
STATSNZ:AGR_AGR_003(1.0),7068,3,2015,14835,
STATSNZ:AGR_AGR_003(1.0),7072,1,2015,37412,
STATSNZ:AGR_AGR_003(1.0),7072,18,2015,,c
STATSNZ:AGR_AGR_003(1.0),7185,6,2015,3555,
STATSNZ:AGR_AGR_003(1.0),6731,11,2015,354757,
STATSNZ:AGR_AGR_003(1.0),6720,1,2015,4389,
STATSNZ:AGR_AGR_003(1.0),6720,18,2015,494,
STATSNZ:AGR_AGR_003(1.0),6738,14,2015,654,
STATSNZ:AGR_AGR_003(1.0),6701,12,2015,,c
STATSNZ:AGR_AGR_003(1.0),7685,2,2015,2111,
STATSNZ:AGR_AGR_003(1.0),7686,9,2015,3961,
STATSNZ:AGR_AGR_003(1.0),6951,5,2015,,c
STATSNZ:AGR_AGR_003(1.0),6953,12,2015,,c
STATSNZ:AGR_AGR_003(1.0),7058,5,2016,11971,
STATSNZ:AGR_AGR_003(1.0),7068,1,2016,4895,
STATSNZ:AGR_AGR_003(1.0),7068,18,2016,129,
STATSNZ:AGR_AGR_003(1.0),7072,16,2016,8599,
STATSNZ:AGR_AGR_003(1.0),7072,20,2016,249294,
STATSNZ:AGR_AGR_003(1.0),7185,4,2016,3435,
STATSNZ:AGR_AGR_003(1.0),6731,9,2016,1333163,
STATSNZ:AGR_AGR_003(1.0),6720,16,2016,43740,
STATSNZ:AGR_AGR_003(1.0),6720,20,2016,271085,
STATSNZ:AGR_AGR_003(1.0),6738,12,2016,828,
STATSNZ:AGR_AGR_003(1.0),7686,7,2016,,s
STATSNZ:AGR_AGR_003(1.0),6951,3,2016,805,
STATSNZ:AGR_AGR_003(1.0),6953,19,2016,138605,
STATSNZ:AGR_AGR_003(1.0),7077,17,2017,175201,
STATSNZ:AGR_AGR_003(1.0),7057,20,2017,148651,
STATSNZ:AGR_AGR_003(1.0),7059,14,2017,1525,
STATSNZ:AGR_AGR_003(1.0),7071,19,2017,12181,
STATSNZ:AGR_AGR_003(1.0),7072,10,2017,237623,
STATSNZ:AGR_AGR_003(1.0),7072,17,2017,7035,
STATSNZ:AGR_AGR_003(1.0),7185,5,2017,82,
STATSNZ:AGR_AGR_003(1.0),7186,13,2017,121,
STATSNZ:AGR_AGR_003(1.0),6731,19,2017,13907432,
STATSNZ:AGR_AGR_003(1.0),6721,8,2017,3380203,
STATSNZ:AGR_AGR_003(1.0),7685,1,2017,1122,
STATSNZ:AGR_AGR_003(1.0),7685,18,2017,0,
STATSNZ:AGR_AGR_003(1.0),7687,16,2017,59660,
STATSNZ:AGR_AGR_003(1.0),7687,20,2017,392289,
STATSNZ:AGR_AGR_003(1.0),6951,4,2017,19,
STATSNZ:AGR_AGR_003(1.0),7077,18,2018,,s
STATSNZ:AGR_AGR_003(1.0),7058,8,2018,16976,
STATSNZ:AGR_AGR_003(1.0),7064,6,2018,47242,
STATSNZ:AGR_AGR_003(1.0),7071,11,2018,566,
STATSNZ:AGR_AGR_003(1.0),7073,9,2018,11828,
STATSNZ:AGR_AGR_003(1.0),7184,20,2018,852208,
STATSNZ:AGR_AGR_003(1.0),7185,6,2018,1486,
STATSNZ:AGR_AGR_003(1.0),6720,2,2018,,s
STATSNZ:AGR_AGR_003(1.0),6721,9,2018,890277,
STATSNZ:AGR_AGR_003(1.0),7686,19,2018,131794,
STATSNZ:AGR_AGR_003(1.0),7687,10,2018,116337,
STATSNZ:AGR_AGR_003(1.0),7687,17,2018,91513,
STATSNZ:AGR_AGR_003(1.0),6953,13,2018,1176,
STATSNZ:AGR_AGR_003(1.0),7058,20,2019,126112,
STATSNZ:AGR_AGR_003(1.0),7068,12,2019,21,
STATSNZ:AGR_AGR_003(1.0),7071,2,2019,2138,
STATSNZ:AGR_AGR_003(1.0),7185,15,2019,14397,
STATSNZ:AGR_AGR_003(1.0),6731,3,2019,1524498,
STATSNZ:AGR_AGR_003(1.0),6720,19,2019,131527,
STATSNZ:AGR_AGR_003(1.0),6738,6,2019,492143,
STATSNZ:AGR_AGR_003(1.0),7699,3,2019,67226,
STATSNZ:AGR_AGR_003(1.0),7686,1,2019,,s
STATSNZ:AGR_AGR_003(1.0),7686,18,2019,0,
STATSNZ:AGR_AGR_003(1.0),6949,6,2019,420,
STATSNZ:AGR_AGR_003(1.0),6951,14,2019,0,
STATSNZ:AGR_AGR_003(1.0),7057,11,2020,,s
STATSNZ:AGR_AGR_003(1.0),7058,18,2020,,s
STATSNZ:AGR_AGR_003(1.0),7067,6,2020,37860,
STATSNZ:AGR_AGR_003(1.0),7193,2,2020,123478,
STATSNZ:AGR_AGR_003(1.0),7184,9,2020,15716,
STATSNZ:AGR_AGR_003(1.0),6723,2,2020,17240,
STATSNZ:AGR_AGR_003(1.0),6727,10,2020,27737,
STATSNZ:AGR_AGR_003(1.0),6727,17,2020,,s
STATSNZ:AGR_AGR_003(1.0),7699,5,2020,,s
STATSNZ:AGR_AGR_003(1.0),7696,19,2020,226770,
STATSNZ:AGR_AGR_003(1.0),6954,10,2020,76860,
STATSNZ:AGR_AGR_003(1.0),6949,8,2020,1683,
STATSNZ:AGR_AGR_003(1.0),7077,11,2021,44265,
STATSNZ:AGR_AGR_003(1.0),7065,7,2021,9506,
STATSNZ:AGR_AGR_003(1.0),7066,14,2021,,s
STATSNZ:AGR_AGR_003(1.0),7073,2,2021,,s
STATSNZ:AGR_AGR_003(1.0),7187,15,2021,1012602,
STATSNZ:AGR_AGR_003(1.0),7188,5,2021,,s
STATSNZ:AGR_AGR_003(1.0),6722,19,2021,186582,
STATSNZ:AGR_AGR_003(1.0),6723,18,2021,,s
STATSNZ:AGR_AGR_003(1.0),6703,15,2021,3201400,
STATSNZ:AGR_AGR_003(1.0),6702,13,2021,324218,
STATSNZ:AGR_AGR_003(1.0),6953,6,2021,3417,
STATSNZ:AGR_AGR_003(1.0),7810,4,2021,,s
STATSNZ:AGR_AGR_003(1.0),7058,19,2022,44996,
STATSNZ:AGR_AGR_003(1.0),7059,18,2022,427,
STATSNZ:AGR_AGR_003(1.0),7068,6,2022,5888,
STATSNZ:AGR_AGR_003(1.0),7071,13,2022,645,
STATSNZ:AGR_AGR_003(1.0),7184,1,2022,42057,
STATSNZ:AGR_AGR_003(1.0),7185,9,2022,833,
STATSNZ:AGR_AGR_003(1.0),7190,6,2022,31007,
STATSNZ:AGR_AGR_003(1.0),6731,14,2022,35213,
STATSNZ:AGR_AGR_003(1.0),6720,4,2022,2554,
STATSNZ:AGR_AGR_003(1.0),6738,10,2022,1579795,
STATSNZ:AGR_AGR_003(1.0),6738,17,2022,103073,
STATSNZ:AGR_AGR_003(1.0),7699,14,2022,19025,
STATSNZ:AGR_AGR_003(1.0),7686,12,2022,0,
STATSNZ:AGR_AGR_003(1.0),6949,10,2022,9519,
STATSNZ:AGR_AGR_003(1.0),6949,17,2022,40,
STATSNZ:AGR_AGR_003(1.0),6953,15,2022,144578,
STATSNZ:AGR_AGR_003(1.0),7057,5,2023,8864,
STATSNZ:AGR_AGR_003(1.0),7058,12,2023,,s
STATSNZ:AGR_AGR_003(1.0),7065,2,2023,10265,
STATSNZ:AGR_AGR_003(1.0),7067,10,2023,256586,
STATSNZ:AGR_AGR_003(1.0),7067,17,2023,24294,
STATSNZ:AGR_AGR_003(1.0),7074,5,2023,68314,
STATSNZ:AGR_AGR_003(1.0),7184,3,2023,208534,
STATSNZ:AGR_AGR_003(1.0),7188,10,2023,180807,
STATSNZ:AGR_AGR_003(1.0),6731,16,2023,4110844,
STATSNZ:AGR_AGR_003(1.0),6723,13,2023,23976,
STATSNZ:AGR_AGR_003(1.0),6727,11,2023,1260,
STATSNZ:AGR_AGR_003(1.0),7699,16,2023,107395,
STATSNZ:AGR_AGR_003(1.0),7696,4,2023,7961,
STATSNZ:AGR_AGR_003(1.0),6954,11,2023,,s
STATSNZ:AGR_AGR_003(1.0),7810,20,2023,31184,
STATSNZ:AGR_AGR_003(1.0),7077,17,2024,186884,
STATSNZ:AGR_AGR_003(1.0),7057,20,2024,163553,
STATSNZ:AGR_AGR_003(1.0),7059,14,2024,1769,
STATSNZ:AGR_AGR_003(1.0),7071,19,2024,21904,
STATSNZ:AGR_AGR_003(1.0),7072,10,2024,197544,
STATSNZ:AGR_AGR_003(1.0),7072,17,2024,,s
STATSNZ:AGR_AGR_003(1.0),7185,5,2024,281,
STATSNZ:AGR_AGR_003(1.0),7186,13,2024,135,
STATSNZ:AGR_AGR_003(1.0),6731,19,2024,11938351,
STATSNZ:AGR_AGR_003(1.0),6721,8,2024,2759732,
STATSNZ:AGR_AGR_003(1.0),7685,1,2024,735,
STATSNZ:AGR_AGR_003(1.0),7685,18,2024,0,
STATSNZ:AGR_AGR_003(1.0),7687,16,2024,52468,
STATSNZ:AGR_AGR_003(1.0),7687,20,2024,289821,
STATSNZ:AGR_AGR_003(1.0),6951,4,2024,,s
STATSNZ:AGR_AGR_003(1.0),6703,6,1994,3014273,
STATSNZ:AGR_AGR_003(1.0),6724,8,1994,1420354,
STATSNZ:AGR_AGR_003(1.0),6727,8,1994,63183,
STATSNZ:AGR_AGR_003(1.0),6723,1,1994,35547,
STATSNZ:AGR_AGR_003(1.0),6723,18,1994,3035,
STATSNZ:AGR_AGR_003(1.0),7810,4,1994,2456,
STATSNZ:AGR_AGR_003(1.0),6738,10,2002,1768496,
STATSNZ:AGR_AGR_003(1.0),6703,7,2002,515503,
STATSNZ:AGR_AGR_003(1.0),6954,10,2002,161149,
STATSNZ:AGR_AGR_003(1.0),7056,3,2002,123096,
STATSNZ:AGR_AGR_003(1.0),6738,17,2002,94947,
STATSNZ:AGR_AGR_003(1.0),6702,14,2002,81113,
STATSNZ:AGR_AGR_003(1.0),6727,17,2002,48541,
STATSNZ:AGR_AGR_003(1.0),7066,16,2002,26185,
STATSNZ:AGR_AGR_003(1.0),7186,20,2002,14262,
STATSNZ:AGR_AGR_003(1.0),6721,12,2002,7468,
STATSNZ:AGR_AGR_003(1.0),7186,16,2002,665,
STATSNZ:AGR_AGR_003(1.0),6720,13,2003,7821,
STATSNZ:AGR_AGR_003(1.0),6724,19,2003,2874470,
STATSNZ:AGR_AGR_003(1.0),6738,8,2003,580870,
STATSNZ:AGR_AGR_003(1.0),6951,16,2003,217,
STATSNZ:AGR_AGR_003(1.0),6954,1,2003,5163,
STATSNZ:AGR_AGR_003(1.0),7058,2,2003,12593,
STATSNZ:AGR_AGR_003(1.0),7066,7,2003,16581,
STATSNZ:AGR_AGR_003(1.0),7688,11,2003,6313,
STATSNZ:AGR_AGR_003(1.0),7077,6,2004,612870,
STATSNZ:AGR_AGR_003(1.0),7057,13,2004,3217,
STATSNZ:AGR_AGR_003(1.0),7064,11,2004,6227,
STATSNZ:AGR_AGR_003(1.0),7066,1,2004,50839,
STATSNZ:AGR_AGR_003(1.0),7068,20,2004,67548,
STATSNZ:AGR_AGR_003(1.0),7072,6,2004,75427,
STATSNZ:AGR_AGR_003(1.0),7188,17,2004,11779,
STATSNZ:AGR_AGR_003(1.0),6731,7,2004,687435,
STATSNZ:AGR_AGR_003(1.0),6731,20,2004,39271137,
STATSNZ:AGR_AGR_003(1.0),6721,14,2004,60138,
STATSNZ:AGR_AGR_003(1.0),6723,4,2004,26158,
STATSNZ:AGR_AGR_003(1.0),6703,19,2004,17388651,
STATSNZ:AGR_AGR_003(1.0),6702,17,2004,5817900,
STATSNZ:AGR_AGR_003(1.0),7685,15,2004,47422,
STATSNZ:AGR_AGR_003(1.0),7687,5,2004,18959,
STATSNZ:AGR_AGR_003(1.0),6954,3,2004,65448,
STATSNZ:AGR_AGR_003(1.0),6951,19,2004,4555,
STATSNZ:AGR_AGR_003(1.0),6955,8,2004,72037,
STATSNZ:AGR_AGR_003(1.0),7077,14,2005,32275,
STATSNZ:AGR_AGR_003(1.0),6731,15,2005,7602271,
STATSNZ:AGR_AGR_003(1.0),6721,5,2005,1093837,
STATSNZ:AGR_AGR_003(1.0),6721,13,2005,405415,
STATSNZ:AGR_AGR_003(1.0),6723,3,2005,300302,
STATSNZ:AGR_AGR_003(1.0),6727,19,2005,557272,
STATSNZ:AGR_AGR_003(1.0),6703,10,2005,15534317,
STATSNZ:AGR_AGR_003(1.0),7685,6,2005,12727,
STATSNZ:AGR_AGR_003(1.0),7696,11,2005,13730,
STATSNZ:AGR_AGR_003(1.0),6949,1,2005,816,
STATSNZ:AGR_AGR_003(1.0),7058,13,2006,1367,
STATSNZ:AGR_AGR_003(1.0),7064,3,2006,77418,
STATSNZ:AGR_AGR_003(1.0),6720,7,2006,7775,
STATSNZ:AGR_AGR_003(1.0),6723,4,2006,30072,
STATSNZ:AGR_AGR_003(1.0),6724,4,2006,53716,
STATSNZ:AGR_AGR_003(1.0),6738,2,2006,39605,
STATSNZ:AGR_AGR_003(1.0),6701,9,2006,107014,
STATSNZ:AGR_AGR_003(1.0),7688,5,2006,7260,
STATSNZ:AGR_AGR_003(1.0),6955,10,2006,299436,
STATSNZ:AGR_AGR_003(1.0),7077,17,2007,207588,
STATSNZ:AGR_AGR_003(1.0),7057,7,2007,5126,
STATSNZ:AGR_AGR_003(1.0),7064,5,2007,34457,
STATSNZ:AGR_AGR_003(1.0),7066,12,2007,294,
STATSNZ:AGR_AGR_003(1.0),7072,10,2007,260253,
STATSNZ:AGR_AGR_003(1.0),7074,7,2007,26451,
STATSNZ:AGR_AGR_003(1.0),7188,3,2007,90897,
STATSNZ:AGR_AGR_003(1.0),6731,1,2007,534452,
STATSNZ:AGR_AGR_003(1.0),6731,18,2007,68816,
STATSNZ:AGR_AGR_003(1.0),6731,19,2007,19918214,
STATSNZ:AGR_AGR_003(1.0),6721,8,2007,4456994,
STATSNZ:AGR_AGR_003(1.0),6702,11,2007,281608,
STATSNZ:AGR_AGR_003(1.0),7687,16,2007,98637,
STATSNZ:AGR_AGR_003(1.0),7687,20,2007,680108,
STATSNZ:AGR_AGR_003(1.0),6954,14,2007,210,
STATSNZ:AGR_AGR_003(1.0),6951,4,2007,109,
STATSNZ:AGR_AGR_003(1.0),6955,2,2007,24593,
STATSNZ:AGR_AGR_003(1.0),7077,11,2008,49869,
STATSNZ:AGR_AGR_003(1.0),7057,1,2008,13398,
STATSNZ:AGR_AGR_003(1.0),7059,16,2008,25155,
STATSNZ:AGR_AGR_003(1.0),7059,20,2008,350581,
STATSNZ:AGR_AGR_003(1.0),7065,6,2008,22787,
STATSNZ:AGR_AGR_003(1.0),7193,9,2008,103525,
STATSNZ:AGR_AGR_003(1.0),7193,17,2008,495971,
STATSNZ:AGR_AGR_003(1.0),7185,7,2008,5466,
STATSNZ:AGR_AGR_003(1.0),7185,20,2008,56466,
STATSNZ:AGR_AGR_003(1.0),7187,14,2008,117269,
STATSNZ:AGR_AGR_003(1.0),7685,3,2008,8631,
STATSNZ:AGR_AGR_003(1.0),7687,19,2008,424360,
STATSNZ:AGR_AGR_003(1.0),7696,8,2008,31363,
STATSNZ:AGR_AGR_003(1.0),6949,15,2008,20963,
STATSNZ:AGR_AGR_003(1.0),6953,5,2008,540,
STATSNZ:AGR_AGR_003(1.0),7058,19,2009,39179,
STATSNZ:AGR_AGR_003(1.0),7064,8,2009,62668,
STATSNZ:AGR_AGR_003(1.0),7064,10,2009,313169,
STATSNZ:AGR_AGR_003(1.0),7064,17,2009,29531,
STATSNZ:AGR_AGR_003(1.0),7066,15,2009,75839,
STATSNZ:AGR_AGR_003(1.0),7068,5,2009,3459,
STATSNZ:AGR_AGR_003(1.0),7074,11,2009,11641,
STATSNZ:AGR_AGR_003(1.0),7184,1,2009,57930,
STATSNZ:AGR_AGR_003(1.0),6724,1,2009,64640,
STATSNZ:AGR_AGR_003(1.0),6954,9,2009,18649,
STATSNZ:AGR_AGR_003(1.0),6951,7,2009,204,
STATSNZ:AGR_AGR_003(1.0),7056,10,2010,622443,
STATSNZ:AGR_AGR_003(1.0),7056,17,2010,51401,
STATSNZ:AGR_AGR_003(1.0),7058,15,2010,14165,
STATSNZ:AGR_AGR_003(1.0),7064,5,2010,33209,
STATSNZ:AGR_AGR_003(1.0),7190,11,2010,40594,
STATSNZ:AGR_AGR_003(1.0),6720,1,2010,5535,
STATSNZ:AGR_AGR_003(1.0),6720,9,2010,14238,
STATSNZ:AGR_AGR_003(1.0),6720,18,2010,420,
STATSNZ:AGR_AGR_003(1.0),6722,20,2010,224066,
STATSNZ:AGR_AGR_003(1.0),6724,6,2010,562120,
STATSNZ:AGR_AGR_003(1.0),7686,9,2010,4089,
STATSNZ:AGR_AGR_003(1.0),7688,7,2010,1029,
STATSNZ:AGR_AGR_003(1.0),6954,14,2010,221,
STATSNZ:AGR_AGR_003(1.0),7077,5,2011,272017,
STATSNZ:AGR_AGR_003(1.0),7057,12,2011,117,
STATSNZ:AGR_AGR_003(1.0),7059,19,2011,78188,
STATSNZ:AGR_AGR_003(1.0),7065,10,2011,212612,
STATSNZ:AGR_AGR_003(1.0),7067,7,2011,13563,
STATSNZ:AGR_AGR_003(1.0),7073,13,2011,1618,
STATSNZ:AGR_AGR_003(1.0),7193,3,2011,1795785,
STATSNZ:AGR_AGR_003(1.0),7185,1,2011,4997,
STATSNZ:AGR_AGR_003(1.0),7187,8,2011,361224,
STATSNZ:AGR_AGR_003(1.0),7685,14,2011,995,
STATSNZ:AGR_AGR_003(1.0),7687,4,2011,20527,
STATSNZ:AGR_AGR_003(1.0),7696,2,2011,3337,
STATSNZ:AGR_AGR_003(1.0),6949,9,2011,1848,
STATSNZ:AGR_AGR_003(1.0),6953,20,2011,287508,
STATSNZ:AGR_AGR_003(1.0),7064,8,2012,69377,
STATSNZ:AGR_AGR_003(1.0),7074,18,2012,4564,
STATSNZ:AGR_AGR_003(1.0),6721,11,2012,169970,
STATSNZ:AGR_AGR_003(1.0),6723,9,2012,149440,
STATSNZ:AGR_AGR_003(1.0),6724,9,2012,236685,
STATSNZ:AGR_AGR_003(1.0),6727,16,2012,109222,
STATSNZ:AGR_AGR_003(1.0),6727,20,2012,367917,
STATSNZ:AGR_AGR_003(1.0),6738,20,2012,2868573,
STATSNZ:AGR_AGR_003(1.0),6701,14,2012,3618,
STATSNZ:AGR_AGR_003(1.0),7059,16,2013,19964,
STATSNZ:AGR_AGR_003(1.0),7067,4,2013,13604,
STATSNZ:AGR_AGR_003(1.0),7068,4,2013,3840,
STATSNZ:AGR_AGR_003(1.0),7071,11,2013,236,
STATSNZ:AGR_AGR_003(1.0),7186,14,2013,1860,
STATSNZ:AGR_AGR_003(1.0),6723,17,2013,358138,
STATSNZ:AGR_AGR_003(1.0),6727,7,2013,,s
STATSNZ:AGR_AGR_003(1.0),6703,5,2013,1327495,
STATSNZ:AGR_AGR_003(1.0),6702,12,2013,4646,
STATSNZ:AGR_AGR_003(1.0),6953,13,2013,,c
STATSNZ:AGR_AGR_003(1.0),6955,13,2013,,c
STATSNZ:AGR_AGR_003(1.0),7077,16,2014,293251,
STATSNZ:AGR_AGR_003(1.0),7057,6,2014,16233,
STATSNZ:AGR_AGR_003(1.0),7059,4,2014,11014,
STATSNZ:AGR_AGR_003(1.0),7065,11,2014,2654,
STATSNZ:AGR_AGR_003(1.0),7067,1,2014,37981,
STATSNZ:AGR_AGR_003(1.0),7073,7,2014,13607,
STATSNZ:AGR_AGR_003(1.0),7193,14,2014,188417,
STATSNZ:AGR_AGR_003(1.0),7185,4,2014,2839,
STATSNZ:AGR_AGR_003(1.0),7187,2,2014,73166,
STATSNZ:AGR_AGR_003(1.0),7685,8,2014,3432,
STATSNZ:AGR_AGR_003(1.0),7687,15,2014,115448,
STATSNZ:AGR_AGR_003(1.0),7696,5,2014,5934,
STATSNZ:AGR_AGR_003(1.0),7696,13,2014,3032,
STATSNZ:AGR_AGR_003(1.0),6949,3,2014,2977,
STATSNZ:AGR_AGR_003(1.0),6953,19,2014,168409,
STATSNZ:AGR_AGR_003(1.0),7184,2,2015,23261,
STATSNZ:AGR_AGR_003(1.0),6731,15,2015,4501137,
STATSNZ:AGR_AGR_003(1.0),6721,5,2015,918074,
STATSNZ:AGR_AGR_003(1.0),6724,3,2015,173597,
STATSNZ:AGR_AGR_003(1.0),6727,19,2015,220627,
STATSNZ:AGR_AGR_003(1.0),6703,10,2015,12562038,
STATSNZ:AGR_AGR_003(1.0),6703,17,2015,4366221,
STATSNZ:AGR_AGR_003(1.0),7688,3,2015,13920,
STATSNZ:AGR_AGR_003(1.0),6955,16,2015,9619,
STATSNZ:AGR_AGR_003(1.0),7184,10,2016,568842,
STATSNZ:AGR_AGR_003(1.0),7184,17,2016,122669,
STATSNZ:AGR_AGR_003(1.0),6731,13,2016,434222,
STATSNZ:AGR_AGR_003(1.0),6721,3,2016,1140032,
STATSNZ:AGR_AGR_003(1.0),6723,18,2016,3238,
STATSNZ:AGR_AGR_003(1.0),6724,18,2016,13936,
STATSNZ:AGR_AGR_003(1.0),6727,8,2016,8609,
STATSNZ:AGR_AGR_003(1.0),6703,15,2016,3525597,
STATSNZ:AGR_AGR_003(1.0),7688,1,2016,963,
STATSNZ:AGR_AGR_003(1.0),7077,13,2017,52448,
STATSNZ:AGR_AGR_003(1.0),7058,11,2017,1293,
STATSNZ:AGR_AGR_003(1.0),7059,18,2017,718,
STATSNZ:AGR_AGR_003(1.0),7064,1,2017,47391,
STATSNZ:AGR_AGR_003(1.0),7064,18,2017,1598,
STATSNZ:AGR_AGR_003(1.0),7065,8,2017,45129,
STATSNZ:AGR_AGR_003(1.0),7066,16,2017,21773,
STATSNZ:AGR_AGR_003(1.0),7068,6,2017,5033,
STATSNZ:AGR_AGR_003(1.0),7186,9,2017,1736,
STATSNZ:AGR_AGR_003(1.0),6731,14,2017,40384,
STATSNZ:AGR_AGR_003(1.0),7696,19,2017,229881,
STATSNZ:AGR_AGR_003(1.0),6954,19,2017,186709,
STATSNZ:AGR_AGR_003(1.0),6949,17,2017,105,
STATSNZ:AGR_AGR_003(1.0),6951,10,2017,1360,
STATSNZ:AGR_AGR_003(1.0),6955,15,2017,399676,
STATSNZ:AGR_AGR_003(1.0),7077,14,2018,25376,
STATSNZ:AGR_AGR_003(1.0),7064,2,2018,14799,
STATSNZ:AGR_AGR_003(1.0),7074,13,2018,21745,
STATSNZ:AGR_AGR_003(1.0),7184,3,2018,202653,
STATSNZ:AGR_AGR_003(1.0),7186,19,2018,,s
STATSNZ:AGR_AGR_003(1.0),7188,8,2018,,s
STATSNZ:AGR_AGR_003(1.0),7188,10,2018,244088,
STATSNZ:AGR_AGR_003(1.0),6731,15,2018,4423195,
STATSNZ:AGR_AGR_003(1.0),6727,11,2018,,s
STATSNZ:AGR_AGR_003(1.0),6703,1,2018,247005,
STATSNZ:AGR_AGR_003(1.0),6703,18,2018,,s
STATSNZ:AGR_AGR_003(1.0),7685,6,2018,9782,
STATSNZ:AGR_AGR_003(1.0),7688,4,2018,7146,
STATSNZ:AGR_AGR_003(1.0),6954,11,2018,,s
STATSNZ:AGR_AGR_003(1.0),6955,20,2018,645937,
STATSNZ:AGR_AGR_003(1.0),7072,6,2019,53486,
STATSNZ:AGR_AGR_003(1.0),7184,11,2019,9300,
STATSNZ:AGR_AGR_003(1.0),7186,1,2019,,s
STATSNZ:AGR_AGR_003(1.0),7186,18,2019,0,
STATSNZ:AGR_AGR_003(1.0),6721,14,2019,,s
STATSNZ:AGR_AGR_003(1.0),6723,4,2019,,s
STATSNZ:AGR_AGR_003(1.0),6723,12,2019,,s
STATSNZ:AGR_AGR_003(1.0),6727,2,2019,1121,
STATSNZ:AGR_AGR_003(1.0),6738,2,2019,,s
STATSNZ:AGR_AGR_003(1.0),6703,9,2019,1253057,
STATSNZ:AGR_AGR_003(1.0),6702,20,2019,22638510,
STATSNZ:AGR_AGR_003(1.0),7699,7,2019,3093,
STATSNZ:AGR_AGR_003(1.0),7056,7,2020,19792,
STATSNZ:AGR_AGR_003(1.0),7066,3,2020,75399,
STATSNZ:AGR_AGR_003(1.0),7068,19,2020,29604,
STATSNZ:AGR_AGR_003(1.0),7074,15,2020,149649,
STATSNZ:AGR_AGR_003(1.0),7184,5,2020,,s
STATSNZ:AGR_AGR_003(1.0),7185,13,2020,,s
STATSNZ:AGR_AGR_003(1.0),7187,3,2020,1421576,
STATSNZ:AGR_AGR_003(1.0),6720,8,2020,46084,
STATSNZ:AGR_AGR_003(1.0),6722,15,2020,,s
STATSNZ:AGR_AGR_003(1.0),6738,4,2020,12036,
STATSNZ:AGR_AGR_003(1.0),6701,11,2020,,s
STATSNZ:AGR_AGR_003(1.0),7699,1,2020,,s
STATSNZ:AGR_AGR_003(1.0),7699,9,2020,,s
STATSNZ:AGR_AGR_003(1.0),7686,16,2020,24623,
STATSNZ:AGR_AGR_003(1.0),7686,20,2020,180401,
STATSNZ:AGR_AGR_003(1.0),7688,6,2020,,s
STATSNZ:AGR_AGR_003(1.0),7059,13,2021,4509,
STATSNZ:AGR_AGR_003(1.0),7067,18,2021,,s
STATSNZ:AGR_AGR_003(1.0),7193,13,2021,,s
STATSNZ:AGR_AGR_003(1.0),7190,9,2021,72633,
STATSNZ:AGR_AGR_003(1.0),6720,16,2021,44836,
STATSNZ:AGR_AGR_003(1.0),6720,20,2021,247485,
STATSNZ:AGR_AGR_003(1.0),6722,14,2021,14,
STATSNZ:AGR_AGR_003(1.0),6723,14,2021,,s
STATSNZ:AGR_AGR_003(1.0),6724,4,2021,25317,
STATSNZ:AGR_AGR_003(1.0),6738,11,2021,,s
STATSNZ:AGR_AGR_003(1.0),7810,10,2021,27956,
STATSNZ:AGR_AGR_003(1.0),7072,17,2022,7392,
STATSNZ:AGR_AGR_003(1.0),7074,7,2022,33801,
STATSNZ:AGR_AGR_003(1.0),7184,5,2022,2050,
STATSNZ:AGR_AGR_003(1.0),7186,12,2022,21,
STATSNZ:AGR_AGR_003(1.0),7188,2,2022,4800,
STATSNZ:AGR_AGR_003(1.0),6731,18,2022,49784,
STATSNZ:AGR_AGR_003(1.0),6721,8,2022,2870277,
STATSNZ:AGR_AGR_003(1.0),6723,15,2022,297784,
STATSNZ:AGR_AGR_003(1.0),6727,5,2022,8577,
STATSNZ:AGR_AGR_003(1.0),6727,13,2022,20274,
STATSNZ:AGR_AGR_003(1.0),6703,3,2022,1264912,
STATSNZ:AGR_AGR_003(1.0),7056,1,2023,56274,
STATSNZ:AGR_AGR_003(1.0),7056,18,2023,,s
STATSNZ:AGR_AGR_003(1.0),7058,8,2023,20894,
STATSNZ:AGR_AGR_003(1.0),7068,4,2023,,s
STATSNZ:AGR_AGR_003(1.0),7072,11,2023,,s
STATSNZ:AGR_AGR_003(1.0),7184,20,2023,831024,
STATSNZ:AGR_AGR_003(1.0),7187,14,2023,127374,
STATSNZ:AGR_AGR_003(1.0),7190,4,2023,178105,
STATSNZ:AGR_AGR_003(1.0),6720,2,2023,2376,
STATSNZ:AGR_AGR_003(1.0),6722,9,2023,23851,
STATSNZ:AGR_AGR_003(1.0),6724,20,2023,3861553,
STATSNZ:AGR_AGR_003(1.0),6738,15,2023,840545,
STATSNZ:AGR_AGR_003(1.0),6701,5,2023,69301,
STATSNZ:AGR_AGR_003(1.0),7699,12,2023,,s
STATSNZ:AGR_AGR_003(1.0),7686,19,2023,131797,
STATSNZ:AGR_AGR_003(1.0),7688,10,2023,32580,
STATSNZ:AGR_AGR_003(1.0),6955,13,2023,109,
STATSNZ:AGR_AGR_003(1.0),7058,11,2024,1822,
STATSNZ:AGR_AGR_003(1.0),7059,18,2024,965,
STATSNZ:AGR_AGR_003(1.0),7064,1,2024,39585,
STATSNZ:AGR_AGR_003(1.0),7064,18,2024,1299,
STATSNZ:AGR_AGR_003(1.0),7066,16,2024,33597,
STATSNZ:AGR_AGR_003(1.0),7068,6,2024,5465,
STATSNZ:AGR_AGR_003(1.0),7186,9,2024,,s
STATSNZ:AGR_AGR_003(1.0),6731,14,2024,28534,
STATSNZ:AGR_AGR_003(1.0),6724,2,2024,34027,
STATSNZ:AGR_AGR_003(1.0),6738,9,2024,133854,
STATSNZ:AGR_AGR_003(1.0),6954,19,2024,176680,
STATSNZ:AGR_AGR_003(1.0),6951,10,2024,1120,
STATSNZ:AGR_AGR_003(1.0),6955,15,2024,393542,
STATSNZ:AGR_AGR_003(1.0),7077,20,1994,5047848,
STATSNZ:AGR_AGR_003(1.0),6721,6,1994,2887685,
STATSNZ:AGR_AGR_003(1.0),6720,16,1994,79837,
STATSNZ:AGR_AGR_003(1.0),7686,6,1994,25142,
STATSNZ:AGR_AGR_003(1.0),7188,19,1994,19457,
STATSNZ:AGR_AGR_003(1.0),7686,7,1994,3643,
STATSNZ:AGR_AGR_003(1.0),7188,9,1994,3292,
STATSNZ:AGR_AGR_003(1.0),6731,10,2002,18440251,
STATSNZ:AGR_AGR_003(1.0),7193,15,2002,542610,
STATSNZ:AGR_AGR_003(1.0),6723,15,2002,419692,
STATSNZ:AGR_AGR_003(1.0),6724,5,2002,266224,
STATSNZ:AGR_AGR_003(1.0),7193,14,2002,124640,
STATSNZ:AGR_AGR_003(1.0),7696,6,2002,46455,
STATSNZ:AGR_AGR_003(1.0),7065,3,2002,37804,
STATSNZ:AGR_AGR_003(1.0),6720,9,2002,19977,
STATSNZ:AGR_AGR_003(1.0),7696,5,2002,9273,
STATSNZ:AGR_AGR_003(1.0),7065,4,2002,6370,
STATSNZ:AGR_AGR_003(1.0),7688,14,2002,5406,
STATSNZ:AGR_AGR_003(1.0),7068,9,2002,2735,
STATSNZ:AGR_AGR_003(1.0),7186,3,2002,2152,
STATSNZ:AGR_AGR_003(1.0),7685,9,2002,1301,
STATSNZ:AGR_AGR_003(1.0),6702,1,2003,336906,
STATSNZ:AGR_AGR_003(1.0),6727,5,2003,4275,
STATSNZ:AGR_AGR_003(1.0),7064,5,2003,43924,
STATSNZ:AGR_AGR_003(1.0),7067,19,2003,134332,
STATSNZ:AGR_AGR_003(1.0),7185,4,2003,2511,
STATSNZ:AGR_AGR_003(1.0),7190,1,2003,227606,
STATSNZ:AGR_AGR_003(1.0),7687,15,2003,224995,
STATSNZ:AGR_AGR_003(1.0),7688,7,2003,1445,
STATSNZ:AGR_AGR_003(1.0),7699,19,2003,1084196,
STATSNZ:AGR_AGR_003(1.0),7077,11,2004,46223,
STATSNZ:AGR_AGR_003(1.0),7077,19,2004,1166359,
STATSNZ:AGR_AGR_003(1.0),7058,16,2004,6354,
STATSNZ:AGR_AGR_003(1.0),7072,11,2004,2394,
STATSNZ:AGR_AGR_003(1.0),7072,19,2004,60757,
STATSNZ:AGR_AGR_003(1.0),7073,2,2004,6036,
STATSNZ:AGR_AGR_003(1.0),7184,7,2004,93366,
STATSNZ:AGR_AGR_003(1.0),7185,16,2004,1065,
STATSNZ:AGR_AGR_003(1.0),6721,1,2004,307322,
STATSNZ:AGR_AGR_003(1.0),6721,2,2004,203226,
STATSNZ:AGR_AGR_003(1.0),6702,13,2004,411996,
STATSNZ:AGR_AGR_003(1.0),7686,2,2004,4879,
STATSNZ:AGR_AGR_003(1.0),6949,7,2004,1992,
STATSNZ:AGR_AGR_003(1.0),7056,8,2005,186138,
STATSNZ:AGR_AGR_003(1.0),7057,10,2005,108144,
STATSNZ:AGR_AGR_003(1.0),7074,20,2005,1018730,
STATSNZ:AGR_AGR_003(1.0),6731,11,2005,325874,
STATSNZ:AGR_AGR_003(1.0),6731,19,2005,20848904,
STATSNZ:AGR_AGR_003(1.0),6724,16,2005,904778,
STATSNZ:AGR_AGR_003(1.0),6703,5,2005,1340177,
STATSNZ:AGR_AGR_003(1.0),7696,15,2005,172631,
STATSNZ:AGR_AGR_003(1.0),7056,2,2006,25175,
STATSNZ:AGR_AGR_003(1.0),7059,7,2006,8302,
STATSNZ:AGR_AGR_003(1.0),7064,20,2006,575131,
STATSNZ:AGR_AGR_003(1.0),7067,4,2006,13485,
STATSNZ:AGR_AGR_003(1.0),7185,20,2006,45190,
STATSNZ:AGR_AGR_003(1.0),7190,13,2006,15368,
STATSNZ:AGR_AGR_003(1.0),6722,19,2006,161867,
STATSNZ:AGR_AGR_003(1.0),7699,4,2006,60163,
STATSNZ:AGR_AGR_003(1.0),7687,9,2006,11095,
STATSNZ:AGR_AGR_003(1.0),7687,19,2006,517486,
STATSNZ:AGR_AGR_003(1.0),7077,4,2007,119743,
STATSNZ:AGR_AGR_003(1.0),7077,5,2007,287296,
STATSNZ:AGR_AGR_003(1.0),7058,19,2007,27484,
STATSNZ:AGR_AGR_003(1.0),7072,4,2007,5884,
STATSNZ:AGR_AGR_003(1.0),7184,1,2007,47166,
STATSNZ:AGR_AGR_003(1.0),7188,16,2007,12289,
STATSNZ:AGR_AGR_003(1.0),6720,5,2007,20201,
STATSNZ:AGR_AGR_003(1.0),6724,1,2007,95733,
STATSNZ:AGR_AGR_003(1.0),6727,19,2007,463818,
STATSNZ:AGR_AGR_003(1.0),6701,15,2007,218618,
STATSNZ:AGR_AGR_003(1.0),6702,7,2007,490058,
STATSNZ:AGR_AGR_003(1.0),6949,1,2007,614,
STATSNZ:AGR_AGR_003(1.0),6955,6,2007,16967,
STATSNZ:AGR_AGR_003(1.0),6955,7,2007,35374,
STATSNZ:AGR_AGR_003(1.0),7065,11,2008,2874,
STATSNZ:AGR_AGR_003(1.0),7065,19,2008,40829,
STATSNZ:AGR_AGR_003(1.0),7072,16,2008,7276,
STATSNZ:AGR_AGR_003(1.0),7187,1,2008,305587,
STATSNZ:AGR_AGR_003(1.0),7187,2,2008,84329,
STATSNZ:AGR_AGR_003(1.0),6724,13,2008,67727,
STATSNZ:AGR_AGR_003(1.0),6703,2,2008,184070,
STATSNZ:AGR_AGR_003(1.0),6703,18,2008,38561,
STATSNZ:AGR_AGR_003(1.0),6954,4,2008,8055,
STATSNZ:AGR_AGR_003(1.0),7056,15,2009,148861,
STATSNZ:AGR_AGR_003(1.0),7056,16,2009,95305,
STATSNZ:AGR_AGR_003(1.0),7068,19,2009,25462,
STATSNZ:AGR_AGR_003(1.0),7074,6,2009,93739,
STATSNZ:AGR_AGR_003(1.0),6731,1,2009,429401,
STATSNZ:AGR_AGR_003(1.0),7699,1,2009,5596,
STATSNZ:AGR_AGR_003(1.0),7699,17,2009,242288,
STATSNZ:AGR_AGR_003(1.0),7057,12,2010,73,
STATSNZ:AGR_AGR_003(1.0),7058,3,2010,21363,
STATSNZ:AGR_AGR_003(1.0),7065,8,2010,58380,
STATSNZ:AGR_AGR_003(1.0),7066,17,2010,20671,
STATSNZ:AGR_AGR_003(1.0),7187,20,2010,4680096,
STATSNZ:AGR_AGR_003(1.0),7188,8,2010,18969,
STATSNZ:AGR_AGR_003(1.0),6720,13,2010,5553,
STATSNZ:AGR_AGR_003(1.0),6720,14,2010,788,
STATSNZ:AGR_AGR_003(1.0),7685,13,2010,1286,
STATSNZ:AGR_AGR_003(1.0),7686,5,2010,3650,
STATSNZ:AGR_AGR_003(1.0),7696,19,2010,312228,
STATSNZ:AGR_AGR_003(1.0),6955,15,2010,393458,
STATSNZ:AGR_AGR_003(1.0),6955,20,2010,722666,
STATSNZ:AGR_AGR_003(1.0),7065,5,2011,14783,
STATSNZ:AGR_AGR_003(1.0),7193,15,2011,1006742,
STATSNZ:AGR_AGR_003(1.0),7193,16,2011,307817,
STATSNZ:AGR_AGR_003(1.0),6720,19,2011,165175,
STATSNZ:AGR_AGR_003(1.0),6723,15,2011,323100,
STATSNZ:AGR_AGR_003(1.0),6724,7,2011,71087,
STATSNZ:AGR_AGR_003(1.0),6703,12,2011,11734,
STATSNZ:AGR_AGR_003(1.0),7696,6,2011,19609,
STATSNZ:AGR_AGR_003(1.0),7696,7,2011,1409,
STATSNZ:AGR_AGR_003(1.0),7077,15,2012,470746,
STATSNZ:AGR_AGR_003(1.0),7077,16,2012,290398,
STATSNZ:AGR_AGR_003(1.0),7067,19,2012,131139,
STATSNZ:AGR_AGR_003(1.0),7073,6,2012,44075,
STATSNZ:AGR_AGR_003(1.0),7073,7,2012,6219,
STATSNZ:AGR_AGR_003(1.0),7190,1,2012,241340,
STATSNZ:AGR_AGR_003(1.0),6721,7,2012,304805,
STATSNZ:AGR_AGR_003(1.0),6738,12,2012,107,
STATSNZ:AGR_AGR_003(1.0),6702,1,2012,321553,
STATSNZ:AGR_AGR_003(1.0),6702,17,2012,4309192,
STATSNZ:AGR_AGR_003(1.0),7686,6,2012,17104,
STATSNZ:AGR_AGR_003(1.0),6949,11,2012,85,
STATSNZ:AGR_AGR_003(1.0),6949,12,2012,,c
STATSNZ:AGR_AGR_003(1.0),6951,3,2012,753,
STATSNZ:AGR_AGR_003(1.0),7810,8,2012,5264,
STATSNZ:AGR_AGR_003(1.0),7057,4,2013,3954,
STATSNZ:AGR_AGR_003(1.0),7058,13,2013,2128,
STATSNZ:AGR_AGR_003(1.0),7065,18,2013,197,
STATSNZ:AGR_AGR_003(1.0),7193,13,2013,27811,
STATSNZ:AGR_AGR_003(1.0),7186,18,2013,,c
STATSNZ:AGR_AGR_003(1.0),7187,19,2013,1959930,
STATSNZ:AGR_AGR_003(1.0),6731,20,2013,30786761,
STATSNZ:AGR_AGR_003(1.0),6724,4,2013,37334,
STATSNZ:AGR_AGR_003(1.0),6703,9,2013,1322262,
STATSNZ:AGR_AGR_003(1.0),6701,1,2013,16466,
STATSNZ:AGR_AGR_003(1.0),6953,1,2013,2386,
STATSNZ:AGR_AGR_003(1.0),6953,10,2013,89926,
STATSNZ:AGR_AGR_003(1.0),7057,18,2014,734,
STATSNZ:AGR_AGR_003(1.0),7071,13,2014,,c
STATSNZ:AGR_AGR_003(1.0),7074,18,2014,3692,
STATSNZ:AGR_AGR_003(1.0),7193,19,2014,2719498,
STATSNZ:AGR_AGR_003(1.0),6720,4,2014,3211,
STATSNZ:AGR_AGR_003(1.0),6723,9,2014,92513,
STATSNZ:AGR_AGR_003(1.0),7696,1,2014,426,
STATSNZ:AGR_AGR_003(1.0),7696,10,2014,103541,
STATSNZ:AGR_AGR_003(1.0),6951,6,2014,,c
STATSNZ:AGR_AGR_003(1.0),6953,15,2014,147217,
STATSNZ:AGR_AGR_003(1.0),7077,9,2015,121431,
STATSNZ:AGR_AGR_003(1.0),7067,3,2015,43704,
STATSNZ:AGR_AGR_003(1.0),7067,4,2015,10766,
STATSNZ:AGR_AGR_003(1.0),7072,19,2015,33953,
STATSNZ:AGR_AGR_003(1.0),7073,10,2015,179614,
STATSNZ:AGR_AGR_003(1.0),7185,14,2015,2569,
STATSNZ:AGR_AGR_003(1.0),7185,15,2015,10445,
STATSNZ:AGR_AGR_003(1.0),6721,1,2015,219285,
STATSNZ:AGR_AGR_003(1.0),6727,14,2015,,c
STATSNZ:AGR_AGR_003(1.0),6738,6,2015,453581,
STATSNZ:AGR_AGR_003(1.0),6702,11,2015,311253,
STATSNZ:AGR_AGR_003(1.0),6954,15,2015,147713,
STATSNZ:AGR_AGR_003(1.0),6949,5,2015,33,
STATSNZ:AGR_AGR_003(1.0),6949,6,2015,499,
STATSNZ:AGR_AGR_003(1.0),7077,7,2016,106619,
STATSNZ:AGR_AGR_003(1.0),7067,1,2016,30208,
STATSNZ:AGR_AGR_003(1.0),7067,2,2016,15146,
STATSNZ:AGR_AGR_003(1.0),7072,8,2016,31611,
STATSNZ:AGR_AGR_003(1.0),7185,13,2016,,c
STATSNZ:AGR_AGR_003(1.0),7188,2,2016,17047,
STATSNZ:AGR_AGR_003(1.0),7188,18,2016,0,
STATSNZ:AGR_AGR_003(1.0),6721,20,2016,18137180,
STATSNZ:AGR_AGR_003(1.0),6727,12,2016,37,
STATSNZ:AGR_AGR_003(1.0),6738,4,2016,27256,
STATSNZ:AGR_AGR_003(1.0),6702,9,2016,1174116,
STATSNZ:AGR_AGR_003(1.0),6954,13,2016,,c
STATSNZ:AGR_AGR_003(1.0),6949,3,2016,3082,
STATSNZ:AGR_AGR_003(1.0),6949,4,2016,246,
STATSNZ:AGR_AGR_003(1.0),6955,9,2016,22248,
STATSNZ:AGR_AGR_003(1.0),7810,18,2016,12,
STATSNZ:AGR_AGR_003(1.0),7056,17,2017,47565,
STATSNZ:AGR_AGR_003(1.0),7056,20,2017,827443,
STATSNZ:AGR_AGR_003(1.0),7064,14,2017,4688,
STATSNZ:AGR_AGR_003(1.0),7067,3,2017,51449,
STATSNZ:AGR_AGR_003(1.0),7073,20,2017,299462,
STATSNZ:AGR_AGR_003(1.0),7074,8,2017,134924,
STATSNZ:AGR_AGR_003(1.0),7185,13,2017,353,
STATSNZ:AGR_AGR_003(1.0),7186,5,2017,243,
STATSNZ:AGR_AGR_003(1.0),7190,19,2017,1828073,
STATSNZ:AGR_AGR_003(1.0),6723,20,2017,1980740,
STATSNZ:AGR_AGR_003(1.0),6738,4,2017,21659,
STATSNZ:AGR_AGR_003(1.0),6738,5,2017,167369,
STATSNZ:AGR_AGR_003(1.0),6702,19,2017,11960183,
STATSNZ:AGR_AGR_003(1.0),7688,15,2017,44912,
STATSNZ:AGR_AGR_003(1.0),6949,4,2017,194,
STATSNZ:AGR_AGR_003(1.0),7810,1,2017,1700,
STATSNZ:AGR_AGR_003(1.0),7056,10,2018,568375,
STATSNZ:AGR_AGR_003(1.0),7057,9,2018,6493,
STATSNZ:AGR_AGR_003(1.0),7064,14,2018,3765,
STATSNZ:AGR_AGR_003(1.0),7064,15,2018,69050,
STATSNZ:AGR_AGR_003(1.0),7074,9,2018,31758,
STATSNZ:AGR_AGR_003(1.0),7186,5,2018,,s
STATSNZ:AGR_AGR_003(1.0),7186,6,2018,,s
STATSNZ:AGR_AGR_003(1.0),6723,10,2018,1146293,
STATSNZ:AGR_AGR_003(1.0),6723,16,2018,260193,
STATSNZ:AGR_AGR_003(1.0),6738,5,2018,146718,
STATSNZ:AGR_AGR_003(1.0),7688,16,2018,23401,
STATSNZ:AGR_AGR_003(1.0),7688,17,2018,33008,
STATSNZ:AGR_AGR_003(1.0),7810,2,2018,4257,
STATSNZ:AGR_AGR_003(1.0),7077,1,2019,382124,
STATSNZ:AGR_AGR_003(1.0),7056,19,2019,315838,
STATSNZ:AGR_AGR_003(1.0),7059,15,2019,45002,
STATSNZ:AGR_AGR_003(1.0),7059,16,2019,19522,
STATSNZ:AGR_AGR_003(1.0),7184,15,2019,196569,
STATSNZ:AGR_AGR_003(1.0),7185,7,2019,4190,
STATSNZ:AGR_AGR_003(1.0),7188,12,2019,,s
STATSNZ:AGR_AGR_003(1.0),6727,6,2019,,s
STATSNZ:AGR_AGR_003(1.0),6727,7,2019,404,
STATSNZ:AGR_AGR_003(1.0),6702,3,2019,1376870,
STATSNZ:AGR_AGR_003(1.0),7687,18,2019,0,
STATSNZ:AGR_AGR_003(1.0),6955,3,2019,78405,
STATSNZ:AGR_AGR_003(1.0),7810,12,2019,,s
STATSNZ:AGR_AGR_003(1.0),7064,9,2020,21271,
STATSNZ:AGR_AGR_003(1.0),7067,14,2020,,s
STATSNZ:AGR_AGR_003(1.0),7068,6,2020,5520,
STATSNZ:AGR_AGR_003(1.0),7186,10,2020,39148,
STATSNZ:AGR_AGR_003(1.0),7190,5,2020,,s
STATSNZ:AGR_AGR_003(1.0),7190,6,2020,,s
STATSNZ:AGR_AGR_003(1.0),6721,11,2020,108119,
STATSNZ:AGR_AGR_003(1.0),6738,16,2020,318361,
STATSNZ:AGR_AGR_003(1.0),6738,17,2020,113613,
STATSNZ:AGR_AGR_003(1.0),7687,2,2020,,s
STATSNZ:AGR_AGR_003(1.0),7688,11,2020,,s
STATSNZ:AGR_AGR_003(1.0),6949,17,2020,,s
STATSNZ:AGR_AGR_003(1.0),6951,7,2020,,s
STATSNZ:AGR_AGR_003(1.0),7056,11,2021,10126,
STATSNZ:AGR_AGR_003(1.0),7056,19,2021,318799,
STATSNZ:AGR_AGR_003(1.0),7068,5,2021,3189,
STATSNZ:AGR_AGR_003(1.0),7073,19,2021,67183,
STATSNZ:AGR_AGR_003(1.0),7074,2,2021,,s
STATSNZ:AGR_AGR_003(1.0),7186,15,2021,,s
STATSNZ:AGR_AGR_003(1.0),6722,1,2021,2189,
STATSNZ:AGR_AGR_003(1.0),6722,2,2021,,s
STATSNZ:AGR_AGR_003(1.0),6738,16,2021,293223,
STATSNZ:AGR_AGR_003(1.0),6703,6,2021,2145377,
STATSNZ:AGR_AGR_003(1.0),7699,12,2021,0,
STATSNZ:AGR_AGR_003(1.0),7699,13,2021,5280,
STATSNZ:AGR_AGR_003(1.0),6951,7,2021,156,
STATSNZ:AGR_AGR_003(1.0),7810,13,2021,447,
STATSNZ:AGR_AGR_003(1.0),7077,13,2022,54881,
STATSNZ:AGR_AGR_003(1.0),7058,18,2022,262,
STATSNZ:AGR_AGR_003(1.0),7059,19,2022,86113,
STATSNZ:AGR_AGR_003(1.0),7066,15,2022,57348,
STATSNZ:AGR_AGR_003(1.0),7066,20,2022,447215,
STATSNZ:AGR_AGR_003(1.0),7073,4,2022,7564,
STATSNZ:AGR_AGR_003(1.0),7184,9,2022,10730,
STATSNZ:AGR_AGR_003(1.0),7185,1,2022,7386,
STATSNZ:AGR_AGR_003(1.0),7188,6,2022,3171,
STATSNZ:AGR_AGR_003(1.0),6727,1,2022,,s
STATSNZ:AGR_AGR_003(1.0),6727,10,2022,28540,
STATSNZ:AGR_AGR_003(1.0),6701,6,2022,150894,
STATSNZ:AGR_AGR_003(1.0),6702,15,2022,2963229,
STATSNZ:AGR_AGR_003(1.0),7687,11,2022,3677,
STATSNZ:AGR_AGR_003(1.0),7687,12,2022,0,
STATSNZ:AGR_AGR_003(1.0),6954,10,2022,98284,
STATSNZ:AGR_AGR_003(1.0),7810,6,2022,1866,
STATSNZ:AGR_AGR_003(1.0),7064,3,2023,,s
STATSNZ:AGR_AGR_003(1.0),7067,8,2023,58444,
STATSNZ:AGR_AGR_003(1.0),7068,20,2023,74719,
STATSNZ:AGR_AGR_003(1.0),7074,13,2023,21977,
STATSNZ:AGR_AGR_003(1.0),7190,10,2023,2367172,
STATSNZ:AGR_AGR_003(1.0),7190,20,2023,4104464,
STATSNZ:AGR_AGR_003(1.0),6722,14,2023,,s
STATSNZ:AGR_AGR_003(1.0),6738,19,2023,1391100,
STATSNZ:AGR_AGR_003(1.0),6702,20,2023,19744107,
STATSNZ:AGR_AGR_003(1.0),7688,5,2023,,s
STATSNZ:AGR_AGR_003(1.0),6949,11,2023,,s
STATSNZ:AGR_AGR_003(1.0),6951,1,2023,,s
STATSNZ:AGR_AGR_003(1.0),7056,10,2024,521335,
STATSNZ:AGR_AGR_003(1.0),7056,16,2024,103721,
STATSNZ:AGR_AGR_003(1.0),7059,5,2024,19446,
STATSNZ:AGR_AGR_003(1.0),7068,19,2024,25278,
STATSNZ:AGR_AGR_003(1.0),7073,16,2024,11532,
STATSNZ:AGR_AGR_003(1.0),7073,17,2024,11097,
STATSNZ:AGR_AGR_003(1.0),7190,11,2024,35235,
STATSNZ:AGR_AGR_003(1.0),6731,1,2024,181858,
STATSNZ:AGR_AGR_003(1.0),6722,7,2024,1277,
STATSNZ:AGR_AGR_003(1.0),6722,8,2024,,s
STATSNZ:AGR_AGR_003(1.0),7699,2,2024,9013,
STATSNZ:AGR_AGR_003(1.0),7687,8,2024,18400,
STATSNZ:AGR_AGR_003(1.0),6951,13,2024,1,
STATSNZ:AGR_AGR_003(1.0),7810,2,2024,,s
STATSNZ:AGR_AGR_003(1.0),7810,18,2024,62,
STATSNZ:AGR_AGR_003(1.0),6723,10,1994,715600,
STATSNZ:AGR_AGR_003(1.0),6724,9,1994,414601,
STATSNZ:AGR_AGR_003(1.0),6738,16,1994,309770,
STATSNZ:AGR_AGR_003(1.0),7187,15,1994,159586,
STATSNZ:AGR_AGR_003(1.0),7074,9,1994,57840,
STATSNZ:AGR_AGR_003(1.0),7699,13,1994,18764,
STATSNZ:AGR_AGR_003(1.0),6727,7,1994,12985,
STATSNZ:AGR_AGR_003(1.0),6703,8,2002,5406482,
STATSNZ:AGR_AGR_003(1.0),6738,20,2002,3092131,
STATSNZ:AGR_AGR_003(1.0),7187,16,2002,151379,
STATSNZ:AGR_AGR_003(1.0),6701,6,2002,118772,
STATSNZ:AGR_AGR_003(1.0),6731,14,2002,92508,
STATSNZ:AGR_AGR_003(1.0),7699,13,2002,22842,
STATSNZ:AGR_AGR_003(1.0),7057,3,2002,21454,
STATSNZ:AGR_AGR_003(1.0),7056,11,2002,13112,
STATSNZ:AGR_AGR_003(1.0),7185,8,2002,5372,
STATSNZ:AGR_AGR_003(1.0),6722,2,2002,3280,
STATSNZ:AGR_AGR_003(1.0),7071,4,2002,2461,
STATSNZ:AGR_AGR_003(1.0),7687,12,2002,1060,
STATSNZ:AGR_AGR_003(1.0),7810,13,2002,841,
STATSNZ:AGR_AGR_003(1.0),6702,15,2003,6000877,
STATSNZ:AGR_AGR_003(1.0),6703,7,2003,518598,
STATSNZ:AGR_AGR_003(1.0),6703,8,2003,5576460,
STATSNZ:AGR_AGR_003(1.0),6721,4,2003,263940,
STATSNZ:AGR_AGR_003(1.0),6723,11,2003,31803,
STATSNZ:AGR_AGR_003(1.0),6738,16,2003,269331,
STATSNZ:AGR_AGR_003(1.0),7065,10,2003,224233,
STATSNZ:AGR_AGR_003(1.0),7065,16,2003,8995,
STATSNZ:AGR_AGR_003(1.0),7696,2,2003,7024,
STATSNZ:AGR_AGR_003(1.0),7066,9,2004,16531,
STATSNZ:AGR_AGR_003(1.0),7185,2,2004,1096,
STATSNZ:AGR_AGR_003(1.0),7187,19,2004,1076507,
STATSNZ:AGR_AGR_003(1.0),7190,17,2004,189079,
STATSNZ:AGR_AGR_003(1.0),7190,20,2004,3157510,
STATSNZ:AGR_AGR_003(1.0),6720,6,2004,41230,
STATSNZ:AGR_AGR_003(1.0),6701,10,2004,608787,
STATSNZ:AGR_AGR_003(1.0),7685,7,2004,920,
STATSNZ:AGR_AGR_003(1.0),6953,1,2004,4138,
STATSNZ:AGR_AGR_003(1.0),7058,11,2005,1560,
STATSNZ:AGR_AGR_003(1.0),7064,2,2005,32301,
STATSNZ:AGR_AGR_003(1.0),6720,6,2005,36018,
STATSNZ:AGR_AGR_003(1.0),6738,19,2005,1443265,
STATSNZ:AGR_AGR_003(1.0),6701,16,2005,129654,
STATSNZ:AGR_AGR_003(1.0),6701,17,2005,193634,
STATSNZ:AGR_AGR_003(1.0),7688,4,2005,11598,
STATSNZ:AGR_AGR_003(1.0),7077,6,2006,528809,
STATSNZ:AGR_AGR_003(1.0),7077,7,2006,129368,
STATSNZ:AGR_AGR_003(1.0),6723,5,2006,143775,
STATSNZ:AGR_AGR_003(1.0),6703,1,2006,371081,
STATSNZ:AGR_AGR_003(1.0),6701,17,2006,255298,
STATSNZ:AGR_AGR_003(1.0),6702,9,2006,1626939,
STATSNZ:AGR_AGR_003(1.0),7685,15,2006,47344,
STATSNZ:AGR_AGR_003(1.0),6949,3,2006,4710,
STATSNZ:AGR_AGR_003(1.0),7056,16,2007,96911,
STATSNZ:AGR_AGR_003(1.0),7057,20,2007,167216,
STATSNZ:AGR_AGR_003(1.0),7065,13,2007,3668,
STATSNZ:AGR_AGR_003(1.0),7066,3,2007,86188,
STATSNZ:AGR_AGR_003(1.0),7073,17,2007,13573,
STATSNZ:AGR_AGR_003(1.0),7187,3,2007,1360989,
STATSNZ:AGR_AGR_003(1.0),7187,4,2007,232597,
STATSNZ:AGR_AGR_003(1.0),7190,11,2007,45988,
STATSNZ:AGR_AGR_003(1.0),6720,10,2007,203206,
STATSNZ:AGR_AGR_003(1.0),6722,7,2007,1791,
STATSNZ:AGR_AGR_003(1.0),6722,8,2007,51371,
STATSNZ:AGR_AGR_003(1.0),6724,15,2007,993940,
STATSNZ:AGR_AGR_003(1.0),7687,8,2007,48595,
STATSNZ:AGR_AGR_003(1.0),7810,2,2007,6240,
STATSNZ:AGR_AGR_003(1.0),7058,8,2008,21202,
STATSNZ:AGR_AGR_003(1.0),7064,15,2008,73283,
STATSNZ:AGR_AGR_003(1.0),7064,16,2008,42369,
STATSNZ:AGR_AGR_003(1.0),7074,19,2008,333942,
STATSNZ:AGR_AGR_003(1.0),7184,17,2008,88479,
STATSNZ:AGR_AGR_003(1.0),7184,20,2008,823181,
STATSNZ:AGR_AGR_003(1.0),7186,6,2008,535,
STATSNZ:AGR_AGR_003(1.0),6720,3,2008,25695,
STATSNZ:AGR_AGR_003(1.0),7688,1,2008,1379,
STATSNZ:AGR_AGR_003(1.0),7688,17,2008,57581,
STATSNZ:AGR_AGR_003(1.0),6955,4,2008,16100,
STATSNZ:AGR_AGR_003(1.0),7059,10,2009,262876,
STATSNZ:AGR_AGR_003(1.0),7067,14,2009,5364,
STATSNZ:AGR_AGR_003(1.0),7067,15,2009,62085,
STATSNZ:AGR_AGR_003(1.0),7193,1,2009,392577,
STATSNZ:AGR_AGR_003(1.0),7193,2,2009,94391,
STATSNZ:AGR_AGR_003(1.0),7190,5,2009,1262,
STATSNZ:AGR_AGR_003(1.0),6723,2,2009,19493,
STATSNZ:AGR_AGR_003(1.0),6702,6,2009,2768838,
STATSNZ:AGR_AGR_003(1.0),7685,13,2009,1748,
STATSNZ:AGR_AGR_003(1.0),6949,10,2009,13968,
STATSNZ:AGR_AGR_003(1.0),6949,16,2009,1059,
STATSNZ:AGR_AGR_003(1.0),7077,18,2010,13809,
STATSNZ:AGR_AGR_003(1.0),7059,14,2010,2235,
STATSNZ:AGR_AGR_003(1.0),7059,15,2010,36415,
STATSNZ:AGR_AGR_003(1.0),7071,1,2010,19921,
STATSNZ:AGR_AGR_003(1.0),7184,15,2010,142673,
STATSNZ:AGR_AGR_003(1.0),6731,2,2010,235414,
STATSNZ:AGR_AGR_003(1.0),6721,9,2010,1048061,
STATSNZ:AGR_AGR_003(1.0),6724,14,2010,2765,
STATSNZ:AGR_AGR_003(1.0),6727,6,2010,5185,
STATSNZ:AGR_AGR_003(1.0),6703,12,2010,10107,
STATSNZ:AGR_AGR_003(1.0),6703,13,2010,369483,
STATSNZ:AGR_AGR_003(1.0),7687,10,2010,156555,
STATSNZ:AGR_AGR_003(1.0),7687,16,2010,88171,
STATSNZ:AGR_AGR_003(1.0),7810,19,2010,23003,
STATSNZ:AGR_AGR_003(1.0),7064,9,2011,17230,
STATSNZ:AGR_AGR_003(1.0),7066,16,2011,29841,
STATSNZ:AGR_AGR_003(1.0),7066,17,2011,21440,
STATSNZ:AGR_AGR_003(1.0),7074,3,2011,87274,
STATSNZ:AGR_AGR_003(1.0),7074,4,2011,17654,
STATSNZ:AGR_AGR_003(1.0),6731,14,2011,34778,
STATSNZ:AGR_AGR_003(1.0),6738,1,2011,39595,
STATSNZ:AGR_AGR_003(1.0),6701,8,2011,159274,
STATSNZ:AGR_AGR_003(1.0),7688,11,2011,2488,
STATSNZ:AGR_AGR_003(1.0),6955,20,2011,748922,
STATSNZ:AGR_AGR_003(1.0),7065,16,2012,13655,
STATSNZ:AGR_AGR_003(1.0),7193,10,2012,3957916,
STATSNZ:AGR_AGR_003(1.0),7187,14,2012,132716,
STATSNZ:AGR_AGR_003(1.0),7188,6,2012,14783,
STATSNZ:AGR_AGR_003(1.0),6731,13,2012,547180,
STATSNZ:AGR_AGR_003(1.0),6722,18,2012,,c
STATSNZ:AGR_AGR_003(1.0),6727,10,2012,69395,
STATSNZ:AGR_AGR_003(1.0),6701,5,2012,49335,
STATSNZ:AGR_AGR_003(1.0),7699,12,2012,,c
STATSNZ:AGR_AGR_003(1.0),7685,4,2012,3124,
STATSNZ:AGR_AGR_003(1.0),6953,5,2012,,c
STATSNZ:AGR_AGR_003(1.0),7810,13,2012,638,
STATSNZ:AGR_AGR_003(1.0),7057,18,2013,408,
STATSNZ:AGR_AGR_003(1.0),7058,20,2013,134662,
STATSNZ:AGR_AGR_003(1.0),7068,3,2013,14983,
STATSNZ:AGR_AGR_003(1.0),7071,12,2013,,c
STATSNZ:AGR_AGR_003(1.0),7072,19,2013,41438,
STATSNZ:AGR_AGR_003(1.0),7074,17,2013,45451,
STATSNZ:AGR_AGR_003(1.0),6720,19,2013,148532,
STATSNZ:AGR_AGR_003(1.0),6722,17,2013,,s
STATSNZ:AGR_AGR_003(1.0),6738,14,2013,,s
STATSNZ:AGR_AGR_003(1.0),7686,1,2013,1145,
STATSNZ:AGR_AGR_003(1.0),7688,8,2013,16102,
STATSNZ:AGR_AGR_003(1.0),7696,10,2013,118299,
STATSNZ:AGR_AGR_003(1.0),6954,15,2013,178940,
STATSNZ:AGR_AGR_003(1.0),6951,5,2013,18,
STATSNZ:AGR_AGR_003(1.0),6955,12,2013,,c
STATSNZ:AGR_AGR_003(1.0),7056,7,2014,22005,
STATSNZ:AGR_AGR_003(1.0),7058,14,2014,319,
STATSNZ:AGR_AGR_003(1.0),7064,3,2014,54055,
STATSNZ:AGR_AGR_003(1.0),7066,11,2014,4835,
STATSNZ:AGR_AGR_003(1.0),7066,19,2014,120759,
STATSNZ:AGR_AGR_003(1.0),7068,17,2014,7526,
STATSNZ:AGR_AGR_003(1.0),7068,18,2014,130,
STATSNZ:AGR_AGR_003(1.0),7184,5,2014,3581,
STATSNZ:AGR_AGR_003(1.0),7188,1,2014,31098,
STATSNZ:AGR_AGR_003(1.0),6721,15,2014,3009011,
STATSNZ:AGR_AGR_003(1.0),6701,2,2014,7523,
STATSNZ:AGR_AGR_003(1.0),7686,16,2014,27830,
STATSNZ:AGR_AGR_003(1.0),7688,5,2014,4289,
STATSNZ:AGR_AGR_003(1.0),6954,12,2014,,c
STATSNZ:AGR_AGR_003(1.0),7056,4,2015,14087,
STATSNZ:AGR_AGR_003(1.0),7187,9,2015,79710,
STATSNZ:AGR_AGR_003(1.0),7190,15,2015,712034,
STATSNZ:AGR_AGR_003(1.0),6731,7,2015,499840,
STATSNZ:AGR_AGR_003(1.0),6722,12,2015,132,
STATSNZ:AGR_AGR_003(1.0),6703,1,2015,294277,
STATSNZ:AGR_AGR_003(1.0),7699,6,2015,69399,
STATSNZ:AGR_AGR_003(1.0),7686,13,2015,1372,
STATSNZ:AGR_AGR_003(1.0),6953,20,2015,237084,
STATSNZ:AGR_AGR_003(1.0),7056,2,2016,17251,
STATSNZ:AGR_AGR_003(1.0),7073,3,2016,41912,
STATSNZ:AGR_AGR_003(1.0),7185,20,2016,69583,
STATSNZ:AGR_AGR_003(1.0),7187,7,2016,446359,
STATSNZ:AGR_AGR_003(1.0),7190,13,2016,18662,
STATSNZ:AGR_AGR_003(1.0),6731,5,2016,1515181,
STATSNZ:AGR_AGR_003(1.0),6722,19,2016,180767,
STATSNZ:AGR_AGR_003(1.0),6724,17,2016,517700,
STATSNZ:AGR_AGR_003(1.0),6703,20,2016,24570347,
STATSNZ:AGR_AGR_003(1.0),7699,4,2016,32580,
STATSNZ:AGR_AGR_003(1.0),7686,11,2016,3465,
STATSNZ:AGR_AGR_003(1.0),7059,2,2017,14945,
STATSNZ:AGR_AGR_003(1.0),7064,10,2017,321742,
STATSNZ:AGR_AGR_003(1.0),7065,9,2017,5329,
STATSNZ:AGR_AGR_003(1.0),7068,14,2017,570,
STATSNZ:AGR_AGR_003(1.0),7071,6,2017,19282,
STATSNZ:AGR_AGR_003(1.0),7073,13,2017,1401,
STATSNZ:AGR_AGR_003(1.0),7187,10,2017,3106919,
STATSNZ:AGR_AGR_003(1.0),6703,10,2017,11645673,
STATSNZ:AGR_AGR_003(1.0),7699,5,2017,11859,
STATSNZ:AGR_AGR_003(1.0),7687,4,2017,14853,
STATSNZ:AGR_AGR_003(1.0),7696,11,2017,3916,
STATSNZ:AGR_AGR_003(1.0),6954,9,2017,7362,
STATSNZ:AGR_AGR_003(1.0),6949,18,2017,0,
STATSNZ:AGR_AGR_003(1.0),6953,7,2017,14272,
STATSNZ:AGR_AGR_003(1.0),7059,3,2018,42007,
STATSNZ:AGR_AGR_003(1.0),7065,19,2018,40918,
STATSNZ:AGR_AGR_003(1.0),7071,7,2018,2269,
STATSNZ:AGR_AGR_003(1.0),7073,14,2018,1185,
STATSNZ:AGR_AGR_003(1.0),7187,1,2018,279372,
STATSNZ:AGR_AGR_003(1.0),7187,17,2018,,s
STATSNZ:AGR_AGR_003(1.0),6722,4,2018,1544,
STATSNZ:AGR_AGR_003(1.0),6722,5,2018,28882,
STATSNZ:AGR_AGR_003(1.0),6724,11,2018,34490,
STATSNZ:AGR_AGR_003(1.0),7699,15,2018,253162,
STATSNZ:AGR_AGR_003(1.0),7696,12,2018,,s
STATSNZ:AGR_AGR_003(1.0),6954,2,2018,12342,
STATSNZ:AGR_AGR_003(1.0),7810,16,2018,2089,
STATSNZ:AGR_AGR_003(1.0),7065,19,2019,40464,
STATSNZ:AGR_AGR_003(1.0),7187,1,2019,255863,
STATSNZ:AGR_AGR_003(1.0),7190,7,2019,441266,
STATSNZ:AGR_AGR_003(1.0),7190,8,2019,316180,
STATSNZ:AGR_AGR_003(1.0),6720,14,2019,381,
STATSNZ:AGR_AGR_003(1.0),6720,15,2019,44894,
STATSNZ:AGR_AGR_003(1.0),6721,6,2019,1522568,
STATSNZ:AGR_AGR_003(1.0),6724,11,2019,47377,
STATSNZ:AGR_AGR_003(1.0),6738,18,2019,,s
STATSNZ:AGR_AGR_003(1.0),7686,5,2019,,s
STATSNZ:AGR_AGR_003(1.0),7077,20,2020,3882566,
STATSNZ:AGR_AGR_003(1.0),7057,6,2020,15328,
STATSNZ:AGR_AGR_003(1.0),7057,7,2020,6397,
STATSNZ:AGR_AGR_003(1.0),7059,13,2020,6796,
STATSNZ:AGR_AGR_003(1.0),7059,14,2020,,s
STATSNZ:AGR_AGR_003(1.0),7074,7,2020,24778,
STATSNZ:AGR_AGR_003(1.0),7187,11,2020,45081,
STATSNZ:AGR_AGR_003(1.0),6727,4,2020,,s
STATSNZ:AGR_AGR_003(1.0),6727,5,2020,,s
STATSNZ:AGR_AGR_003(1.0),6703,11,2020,144230,
STATSNZ:AGR_AGR_003(1.0),6703,12,2020,8936,
STATSNZ:AGR_AGR_003(1.0),7685,8,2020,8357,
STATSNZ:AGR_AGR_003(1.0),7687,16,2020,62904,
STATSNZ:AGR_AGR_003(1.0),6953,2,2020,8981,
STATSNZ:AGR_AGR_003(1.0),7072,15,2021,23787,
STATSNZ:AGR_AGR_003(1.0),7186,3,2021,,s
STATSNZ:AGR_AGR_003(1.0),7188,9,2021,,s
STATSNZ:AGR_AGR_003(1.0),7190,1,2021,212860,
STATSNZ:AGR_AGR_003(1.0),6731,17,2021,3417345,
STATSNZ:AGR_AGR_003(1.0),6721,6,2021,1505054,
STATSNZ:AGR_AGR_003(1.0),6723,13,2021,,s
STATSNZ:AGR_AGR_003(1.0),6702,10,2021,10580215,
STATSNZ:AGR_AGR_003(1.0),7685,7,2021,,s
STATSNZ:AGR_AGR_003(1.0),7193,14,2022,166093,
STATSNZ:AGR_AGR_003(1.0),7190,1,2022,191298,
STATSNZ:AGR_AGR_003(1.0),7190,2,2022,55177,
STATSNZ:AGR_AGR_003(1.0),6720,8,2022,43392,
STATSNZ:AGR_AGR_003(1.0),6721,10,2022,7386624,
STATSNZ:AGR_AGR_003(1.0),6722,16,2022,69172,
STATSNZ:AGR_AGR_003(1.0),6724,5,2022,164042,
STATSNZ:AGR_AGR_003(1.0),6738,12,2022,,s
STATSNZ:AGR_AGR_003(1.0),7685,9,2022,1800,
STATSNZ:AGR_AGR_003(1.0),7686,20,2022,177092,
STATSNZ:AGR_AGR_003(1.0),6949,13,2022,22,
STATSNZ:AGR_AGR_003(1.0),7077,11,2023,32564,
STATSNZ:AGR_AGR_003(1.0),7057,10,2023,93197,
STATSNZ:AGR_AGR_003(1.0),7059,8,2023,41552,
STATSNZ:AGR_AGR_003(1.0),7065,14,2023,,s
STATSNZ:AGR_AGR_003(1.0),7065,15,2023,25344,
STATSNZ:AGR_AGR_003(1.0),7073,18,2023,,s
STATSNZ:AGR_AGR_003(1.0),7074,1,2023,67891,
STATSNZ:AGR_AGR_003(1.0),7186,15,2023,,s
STATSNZ:AGR_AGR_003(1.0),6727,20,2023,248893,
STATSNZ:AGR_AGR_003(1.0),6703,5,2023,1135956,
STATSNZ:AGR_AGR_003(1.0),6703,6,2023,1966247,
STATSNZ:AGR_AGR_003(1.0),6702,13,2023,262632,
STATSNZ:AGR_AGR_003(1.0),7685,2,2023,2238,
STATSNZ:AGR_AGR_003(1.0),7687,9,2023,,s
STATSNZ:AGR_AGR_003(1.0),7696,17,2023,65684,
STATSNZ:AGR_AGR_003(1.0),7077,5,2024,217117,
STATSNZ:AGR_AGR_003(1.0),7058,19,2024,,s
STATSNZ:AGR_AGR_003(1.0),7064,17,2024,29826,
STATSNZ:AGR_AGR_003(1.0),7067,15,2024,,s
STATSNZ:AGR_AGR_003(1.0),7067,20,2024,423272,
STATSNZ:AGR_AGR_003(1.0),7193,2,2024,73999,
STATSNZ:AGR_AGR_003(1.0),7187,17,2024,565275,
STATSNZ:AGR_AGR_003(1.0),6723,3,2024,105171,
STATSNZ:AGR_AGR_003(1.0),6724,1,2024,,s
STATSNZ:AGR_AGR_003(1.0),6727,19,2024,189059,
STATSNZ:AGR_AGR_003(1.0),6701,15,2024,182790,
STATSNZ:AGR_AGR_003(1.0),6702,7,2024,355613,
STATSNZ:AGR_AGR_003(1.0),7685,14,2024,2669,
STATSNZ:AGR_AGR_003(1.0),6949,1,2024,253,
STATSNZ:AGR_AGR_003(1.0),6731,17,1994,7850791,
STATSNZ:AGR_AGR_003(1.0),7699,20,1994,1231109,
STATSNZ:AGR_AGR_003(1.0),7190,8,1994,194615,
STATSNZ:AGR_AGR_003(1.0),7685,8,1994,18698,
STATSNZ:AGR_AGR_003(1.0),6723,14,1994,5399,
STATSNZ:AGR_AGR_003(1.0),7688,14,1994,4441,
STATSNZ:AGR_AGR_003(1.0),7688,13,1994,2626,
STATSNZ:AGR_AGR_003(1.0),7186,3,1994,1350,
STATSNZ:AGR_AGR_003(1.0),7186,2,1994,497,
STATSNZ:AGR_AGR_003(1.0),7077,10,2002,3343135,
STATSNZ:AGR_AGR_003(1.0),6721,7,2002,485414,
STATSNZ:AGR_AGR_003(1.0),6702,1,2002,370653,
STATSNZ:AGR_AGR_003(1.0),7077,16,2002,267091,
STATSNZ:AGR_AGR_003(1.0),7190,1,2002,259561,
STATSNZ:AGR_AGR_003(1.0),6702,2,2002,233606,
STATSNZ:AGR_AGR_003(1.0),7067,19,2002,127138,
STATSNZ:AGR_AGR_003(1.0),7190,2,2002,97094,
STATSNZ:AGR_AGR_003(1.0),6722,16,2002,82992,
STATSNZ:AGR_AGR_003(1.0),6738,13,2002,55154,
STATSNZ:AGR_AGR_003(1.0),6702,18,2002,33179,
STATSNZ:AGR_AGR_003(1.0),7073,7,2002,13148,
STATSNZ:AGR_AGR_003(1.0),7067,11,2002,4745,
STATSNZ:AGR_AGR_003(1.0),7068,2,2002,3150,
STATSNZ:AGR_AGR_003(1.0),7188,11,2002,2983,
STATSNZ:AGR_AGR_003(1.0),7688,7,2002,1867,
STATSNZ:AGR_AGR_003(1.0),6701,3,2003,80886,
STATSNZ:AGR_AGR_003(1.0),6720,8,2003,65592,
STATSNZ:AGR_AGR_003(1.0),6720,9,2003,16702,
STATSNZ:AGR_AGR_003(1.0),6953,3,2003,53095,
STATSNZ:AGR_AGR_003(1.0),6954,14,2003,206,
STATSNZ:AGR_AGR_003(1.0),7057,6,2003,16536,
STATSNZ:AGR_AGR_003(1.0),7066,11,2003,6047,
STATSNZ:AGR_AGR_003(1.0),7685,9,2003,1649,
STATSNZ:AGR_AGR_003(1.0),7686,20,2003,349022,
STATSNZ:AGR_AGR_003(1.0),7186,15,2004,1250,
STATSNZ:AGR_AGR_003(1.0),6722,10,2004,126000,
STATSNZ:AGR_AGR_003(1.0),6723,9,2004,187374,
STATSNZ:AGR_AGR_003(1.0),6738,14,2004,3577,
STATSNZ:AGR_AGR_003(1.0),6703,5,2004,1400312,
STATSNZ:AGR_AGR_003(1.0),6703,6,2004,3080384,
STATSNZ:AGR_AGR_003(1.0),7696,10,2004,234486,
STATSNZ:AGR_AGR_003(1.0),6951,6,2004,57,
STATSNZ:AGR_AGR_003(1.0),7059,6,2005,43940,
STATSNZ:AGR_AGR_003(1.0),7059,7,2005,8745,
STATSNZ:AGR_AGR_003(1.0),7066,12,2005,463,
STATSNZ:AGR_AGR_003(1.0),6721,17,2005,4472302,
STATSNZ:AGR_AGR_003(1.0),6702,12,2005,14132,
STATSNZ:AGR_AGR_003(1.0),7686,17,2005,77014,
STATSNZ:AGR_AGR_003(1.0),7057,1,2006,16268,
STATSNZ:AGR_AGR_003(1.0),7065,15,2006,35183,
STATSNZ:AGR_AGR_003(1.0),7066,5,2006,26313,
STATSNZ:AGR_AGR_003(1.0),7187,6,2006,61725,
STATSNZ:AGR_AGR_003(1.0),6720,2,2006,3720,
STATSNZ:AGR_AGR_003(1.0),6724,16,2006,888319,
STATSNZ:AGR_AGR_003(1.0),6724,17,2006,738273,
STATSNZ:AGR_AGR_003(1.0),7685,3,2006,8985,
STATSNZ:AGR_AGR_003(1.0),7696,16,2006,82350,
STATSNZ:AGR_AGR_003(1.0),6954,8,2006,26309,
STATSNZ:AGR_AGR_003(1.0),7057,11,2007,1516,
STATSNZ:AGR_AGR_003(1.0),7064,17,2007,32021,
STATSNZ:AGR_AGR_003(1.0),7064,18,2007,2338,
STATSNZ:AGR_AGR_003(1.0),7074,12,2007,430,
STATSNZ:AGR_AGR_003(1.0),7193,2,2007,113344,
STATSNZ:AGR_AGR_003(1.0),7186,8,2007,2751,
STATSNZ:AGR_AGR_003(1.0),7186,9,2007,562,
STATSNZ:AGR_AGR_003(1.0),6723,3,2007,256499,
STATSNZ:AGR_AGR_003(1.0),6738,9,2007,150778,
STATSNZ:AGR_AGR_003(1.0),6703,20,2007,33005451,
STATSNZ:AGR_AGR_003(1.0),7685,14,2007,1601,
STATSNZ:AGR_AGR_003(1.0),7688,3,2007,24746,
STATSNZ:AGR_AGR_003(1.0),6951,10,2007,2655,
STATSNZ:AGR_AGR_003(1.0),6951,20,2007,7168,
STATSNZ:AGR_AGR_003(1.0),7056,14,2008,10913,
STATSNZ:AGR_AGR_003(1.0),7059,3,2008,49146,
STATSNZ:AGR_AGR_003(1.0),7067,10,2008,316562,
STATSNZ:AGR_AGR_003(1.0),7073,14,2008,2145,
STATSNZ:AGR_AGR_003(1.0),7073,15,2008,25021,
STATSNZ:AGR_AGR_003(1.0),7188,10,2008,222049,
STATSNZ:AGR_AGR_003(1.0),7190,9,2008,67070,
STATSNZ:AGR_AGR_003(1.0),6721,14,2008,31522,
STATSNZ:AGR_AGR_003(1.0),6722,5,2008,22136,
STATSNZ:AGR_AGR_003(1.0),7699,10,2008,375163,
STATSNZ:AGR_AGR_003(1.0),7687,5,2008,12545,
STATSNZ:AGR_AGR_003(1.0),7687,6,2008,34112,
STATSNZ:AGR_AGR_003(1.0),7810,10,2008,43452,
STATSNZ:AGR_AGR_003(1.0),7810,16,2008,2512,
STATSNZ:AGR_AGR_003(1.0),7077,17,2009,214927,
STATSNZ:AGR_AGR_003(1.0),7066,2,2009,26729,
STATSNZ:AGR_AGR_003(1.0),7072,20,2009,287177,
STATSNZ:AGR_AGR_003(1.0),7184,14,2009,26978,
STATSNZ:AGR_AGR_003(1.0),7187,3,2009,1432560,
STATSNZ:AGR_AGR_003(1.0),6720,20,2009,348318,
STATSNZ:AGR_AGR_003(1.0),6721,8,2009,3982519,
STATSNZ:AGR_AGR_003(1.0),7687,20,2009,563762,
STATSNZ:AGR_AGR_003(1.0),6954,4,2009,7877,
STATSNZ:AGR_AGR_003(1.0),6953,19,2009,162265,
STATSNZ:AGR_AGR_003(1.0),7064,19,2010,153875,
STATSNZ:AGR_AGR_003(1.0),7067,16,2010,35967,
STATSNZ:AGR_AGR_003(1.0),7068,6,2010,4878,
STATSNZ:AGR_AGR_003(1.0),7185,19,2010,21373,
STATSNZ:AGR_AGR_003(1.0),7190,6,2010,47404,
STATSNZ:AGR_AGR_003(1.0),7190,7,2010,421773,
STATSNZ:AGR_AGR_003(1.0),6723,12,2010,540,
STATSNZ:AGR_AGR_003(1.0),6738,1,2010,55359,
STATSNZ:AGR_AGR_003(1.0),6738,17,2010,96571,
STATSNZ:AGR_AGR_003(1.0),7688,11,2010,2669,
STATSNZ:AGR_AGR_003(1.0),7067,12,2011,115,
STATSNZ:AGR_AGR_003(1.0),7190,3,2011,1199259,
STATSNZ:AGR_AGR_003(1.0),6721,9,2011,1065636,
STATSNZ:AGR_AGR_003(1.0),6722,20,2011,339381,
STATSNZ:AGR_AGR_003(1.0),6738,13,2011,37699,
STATSNZ:AGR_AGR_003(1.0),7687,10,2011,151997,
STATSNZ:AGR_AGR_003(1.0),6949,13,2011,436,
STATSNZ:AGR_AGR_003(1.0),7810,19,2011,18985,
STATSNZ:AGR_AGR_003(1.0),7065,2,2012,11416,
STATSNZ:AGR_AGR_003(1.0),7071,17,2012,3222,
STATSNZ:AGR_AGR_003(1.0),7071,20,2012,112726,
STATSNZ:AGR_AGR_003(1.0),7193,14,2012,173651,
STATSNZ:AGR_AGR_003(1.0),7186,3,2012,7787,
STATSNZ:AGR_AGR_003(1.0),6731,20,2012,31262715,
STATSNZ:AGR_AGR_003(1.0),6720,8,2012,52079,
STATSNZ:AGR_AGR_003(1.0),6723,13,2012,20127,
STATSNZ:AGR_AGR_003(1.0),6724,5,2012,268478,
STATSNZ:AGR_AGR_003(1.0),6703,19,2012,13734817,
STATSNZ:AGR_AGR_003(1.0),7686,20,2012,226565,
STATSNZ:AGR_AGR_003(1.0),7696,4,2012,15154,
STATSNZ:AGR_AGR_003(1.0),7696,5,2012,6894,
STATSNZ:AGR_AGR_003(1.0),6951,19,2012,3333,
STATSNZ:AGR_AGR_003(1.0),7077,15,2013,492844,
STATSNZ:AGR_AGR_003(1.0),7056,5,2013,76249,
STATSNZ:AGR_AGR_003(1.0),7059,11,2013,4112,
STATSNZ:AGR_AGR_003(1.0),7059,12,2013,111,
STATSNZ:AGR_AGR_003(1.0),7068,17,2013,4134,
STATSNZ:AGR_AGR_003(1.0),7073,6,2013,45488,
STATSNZ:AGR_AGR_003(1.0),7185,2,2013,1461,
STATSNZ:AGR_AGR_003(1.0),7185,3,2013,20166,
STATSNZ:AGR_AGR_003(1.0),7190,16,2013,180778,
STATSNZ:AGR_AGR_003(1.0),7190,17,2013,349571,
STATSNZ:AGR_AGR_003(1.0),6727,3,2013,4345,
STATSNZ:AGR_AGR_003(1.0),6702,16,2013,4476196,
STATSNZ:AGR_AGR_003(1.0),6702,17,2013,4246614,
STATSNZ:AGR_AGR_003(1.0),7699,8,2013,75840,
STATSNZ:AGR_AGR_003(1.0),7687,13,2013,3735,
STATSNZ:AGR_AGR_003(1.0),7810,7,2013,1982,
STATSNZ:AGR_AGR_003(1.0),7810,8,2013,5244,
STATSNZ:AGR_AGR_003(1.0),7077,11,2014,38788,
STATSNZ:AGR_AGR_003(1.0),7077,12,2014,1529,
STATSNZ:AGR_AGR_003(1.0),7067,6,2014,41869,
STATSNZ:AGR_AGR_003(1.0),7073,2,2014,5798,
STATSNZ:AGR_AGR_003(1.0),7185,16,2014,9850,
STATSNZ:AGR_AGR_003(1.0),7185,17,2014,6804,
STATSNZ:AGR_AGR_003(1.0),6721,3,2014,1161035,
STATSNZ:AGR_AGR_003(1.0),6727,16,2014,106466,
STATSNZ:AGR_AGR_003(1.0),6727,17,2014,,s
STATSNZ:AGR_AGR_003(1.0),6738,8,2014,591853,
STATSNZ:AGR_AGR_003(1.0),6702,13,2014,350435,
STATSNZ:AGR_AGR_003(1.0),6949,7,2014,1469,
STATSNZ:AGR_AGR_003(1.0),6949,8,2014,2818,
STATSNZ:AGR_AGR_003(1.0),7810,4,2014,1743,
STATSNZ:AGR_AGR_003(1.0),7057,16,2015,11941,
STATSNZ:AGR_AGR_003(1.0),7057,17,2015,9294,
STATSNZ:AGR_AGR_003(1.0),7058,7,2015,4955,
STATSNZ:AGR_AGR_003(1.0),7071,11,2015,665,
STATSNZ:AGR_AGR_003(1.0),7074,16,2015,91091,
STATSNZ:AGR_AGR_003(1.0),7193,8,2015,451421,
STATSNZ:AGR_AGR_003(1.0),6720,2,2015,3276,
STATSNZ:AGR_AGR_003(1.0),6723,7,2015,29184,
STATSNZ:AGR_AGR_003(1.0),6723,8,2015,382310,
STATSNZ:AGR_AGR_003(1.0),7685,18,2015,0,
STATSNZ:AGR_AGR_003(1.0),7696,20,2015,352568,
STATSNZ:AGR_AGR_003(1.0),6951,4,2015,84,
STATSNZ:AGR_AGR_003(1.0),6953,13,2015,,c
STATSNZ:AGR_AGR_003(1.0),7057,15,2016,23143,
STATSNZ:AGR_AGR_003(1.0),7068,10,2016,47434,
STATSNZ:AGR_AGR_003(1.0),7071,9,2016,4184,
STATSNZ:AGR_AGR_003(1.0),7074,14,2016,9203,
STATSNZ:AGR_AGR_003(1.0),7193,6,2016,90854,
STATSNZ:AGR_AGR_003(1.0),6720,10,2016,141509,
STATSNZ:AGR_AGR_003(1.0),6723,5,2016,101660,
STATSNZ:AGR_AGR_003(1.0),6723,6,2016,141993,
STATSNZ:AGR_AGR_003(1.0),7685,10,2016,37580,
STATSNZ:AGR_AGR_003(1.0),7685,16,2016,7372,
STATSNZ:AGR_AGR_003(1.0),7685,17,2016,13465,
STATSNZ:AGR_AGR_003(1.0),6953,11,2016,177,
STATSNZ:AGR_AGR_003(1.0),7058,6,2017,15775,
STATSNZ:AGR_AGR_003(1.0),7058,7,2017,4197,
STATSNZ:AGR_AGR_003(1.0),7072,1,2017,44253,
STATSNZ:AGR_AGR_003(1.0),7193,7,2017,590846,
STATSNZ:AGR_AGR_003(1.0),6720,1,2017,3947,
STATSNZ:AGR_AGR_003(1.0),6720,17,2017,34781,
STATSNZ:AGR_AGR_003(1.0),6723,6,2017,191463,
STATSNZ:AGR_AGR_003(1.0),6701,11,2017,8868,
STATSNZ:AGR_AGR_003(1.0),6701,12,2017,,s
STATSNZ:AGR_AGR_003(1.0),7686,8,2017,9972,
STATSNZ:AGR_AGR_003(1.0),6953,12,2017,2,
STATSNZ:AGR_AGR_003(1.0),6955,2,2017,20405,
STATSNZ:AGR_AGR_003(1.0),7077,1,2018,400489,
STATSNZ:AGR_AGR_003(1.0),7067,13,2018,4573,
STATSNZ:AGR_AGR_003(1.0),7072,2,2018,,s
STATSNZ:AGR_AGR_003(1.0),7072,18,2018,0,
STATSNZ:AGR_AGR_003(1.0),7188,12,2018,,s
STATSNZ:AGR_AGR_003(1.0),7188,13,2018,,s
STATSNZ:AGR_AGR_003(1.0),6720,18,2018,,s
STATSNZ:AGR_AGR_003(1.0),6724,20,2018,4264600,
STATSNZ:AGR_AGR_003(1.0),6701,13,2018,16613,
STATSNZ:AGR_AGR_003(1.0),6702,3,2018,1317374,
STATSNZ:AGR_AGR_003(1.0),6702,4,2018,207486,
STATSNZ:AGR_AGR_003(1.0),7686,9,2018,1695,
STATSNZ:AGR_AGR_003(1.0),7687,18,2018,0,
STATSNZ:AGR_AGR_003(1.0),6955,3,2018,59343,
STATSNZ:AGR_AGR_003(1.0),6955,4,2018,3167,
STATSNZ:AGR_AGR_003(1.0),7056,17,2019,45095,
STATSNZ:AGR_AGR_003(1.0),7057,8,2019,28438,
STATSNZ:AGR_AGR_003(1.0),7057,9,2019,7776,
STATSNZ:AGR_AGR_003(1.0),7071,3,2019,22547,
STATSNZ:AGR_AGR_003(1.0),7074,8,2019,149174,
STATSNZ:AGR_AGR_003(1.0),7074,9,2019,36165,
STATSNZ:AGR_AGR_003(1.0),7193,20,2019,6260895,
STATSNZ:AGR_AGR_003(1.0),7187,13,2019,14606,
STATSNZ:AGR_AGR_003(1.0),6723,10,2019,1182179,
STATSNZ:AGR_AGR_003(1.0),6723,20,2019,2073458,
STATSNZ:AGR_AGR_003(1.0),6703,13,2019,351750,
STATSNZ:AGR_AGR_003(1.0),6703,14,2019,31050,
STATSNZ:AGR_AGR_003(1.0),7685,19,2019,75616,
STATSNZ:AGR_AGR_003(1.0),7688,20,2019,145016,
STATSNZ:AGR_AGR_003(1.0),6953,4,2019,1414,
STATSNZ:AGR_AGR_003(1.0),7058,1,2020,15906,
STATSNZ:AGR_AGR_003(1.0),7058,2,2020,,s
STATSNZ:AGR_AGR_003(1.0),7065,8,2020,47578,
STATSNZ:AGR_AGR_003(1.0),7072,12,2020,,s
STATSNZ:AGR_AGR_003(1.0),7072,13,2020,,s
STATSNZ:AGR_AGR_003(1.0),7193,18,2020,0,
STATSNZ:AGR_AGR_003(1.0),7187,20,2020,4836726,
STATSNZ:AGR_AGR_003(1.0),6720,12,2020,129,
STATSNZ:AGR_AGR_003(1.0),6720,13,2020,5459,
STATSNZ:AGR_AGR_003(1.0),6721,4,2020,148510,
STATSNZ:AGR_AGR_003(1.0),6724,9,2020,249053,
STATSNZ:AGR_AGR_003(1.0),7685,13,2020,1391,
STATSNZ:AGR_AGR_003(1.0),7686,3,2020,17643,
STATSNZ:AGR_AGR_003(1.0),7686,4,2020,9051,
STATSNZ:AGR_AGR_003(1.0),7696,9,2020,,s
STATSNZ:AGR_AGR_003(1.0),6954,18,2020,0,
STATSNZ:AGR_AGR_003(1.0),6955,15,2020,389563,
STATSNZ:AGR_AGR_003(1.0),7058,17,2021,,s
STATSNZ:AGR_AGR_003(1.0),7058,18,2021,,s
STATSNZ:AGR_AGR_003(1.0),7071,4,2021,,s
STATSNZ:AGR_AGR_003(1.0),7184,8,2021,74913,
STATSNZ:AGR_AGR_003(1.0),7184,9,2021,13012,
STATSNZ:AGR_AGR_003(1.0),7187,14,2021,111181,
STATSNZ:AGR_AGR_003(1.0),6724,8,2021,702430,
STATSNZ:AGR_AGR_003(1.0),6727,10,2021,28463,
STATSNZ:AGR_AGR_003(1.0),6701,5,2021,102402,
STATSNZ:AGR_AGR_003(1.0),7696,9,2021,,s
STATSNZ:AGR_AGR_003(1.0),6954,10,2021,79926,
STATSNZ:AGR_AGR_003(1.0),6954,20,2021,248717,
STATSNZ:AGR_AGR_003(1.0),6953,5,2021,,s
STATSNZ:AGR_AGR_003(1.0),6955,14,2021,,s
STATSNZ:AGR_AGR_003(1.0),7057,2,2022,4191,
STATSNZ:AGR_AGR_003(1.0),7057,3,2022,21715,
STATSNZ:AGR_AGR_003(1.0),7065,16,2022,10312,
STATSNZ:AGR_AGR_003(1.0),7074,3,2022,106677,
STATSNZ:AGR_AGR_003(1.0),7186,16,2022,3942,
STATSNZ:AGR_AGR_003(1.0),7186,17,2022,8413,
STATSNZ:AGR_AGR_003(1.0),6731,13,2022,432323,
STATSNZ:AGR_AGR_003(1.0),6722,2,2022,4787,
STATSNZ:AGR_AGR_003(1.0),6703,7,2022,420164,
STATSNZ:AGR_AGR_003(1.0),6703,8,2022,4254775,
STATSNZ:AGR_AGR_003(1.0),6701,20,2022,1296575,
STATSNZ:AGR_AGR_003(1.0),7685,4,2022,3715,
STATSNZ:AGR_AGR_003(1.0),6951,8,2022,244,
STATSNZ:AGR_AGR_003(1.0),7071,15,2023,,s
STATSNZ:AGR_AGR_003(1.0),7072,7,2023,,s
STATSNZ:AGR_AGR_003(1.0),7193,12,2023,,s
STATSNZ:AGR_AGR_003(1.0),6720,6,2023,22236,
STATSNZ:AGR_AGR_003(1.0),6724,3,2023,200770,
STATSNZ:AGR_AGR_003(1.0),6701,18,2023,,s
STATSNZ:AGR_AGR_003(1.0),7696,3,2023,13496,
STATSNZ:AGR_AGR_003(1.0),6954,12,2023,0,
STATSNZ:AGR_AGR_003(1.0),6953,17,2023,,s
STATSNZ:AGR_AGR_003(1.0),6953,18,2023,,s
STATSNZ:AGR_AGR_003(1.0),7066,3,2024,76490,
STATSNZ:AGR_AGR_003(1.0),7066,4,2024,,s
STATSNZ:AGR_AGR_003(1.0),7071,9,2024,,s
STATSNZ:AGR_AGR_003(1.0),7072,18,2024,488,
STATSNZ:AGR_AGR_003(1.0),7187,3,2024,1249011,
STATSNZ:AGR_AGR_003(1.0),6720,10,2024,124847,
STATSNZ:AGR_AGR_003(1.0),6720,18,2024,390,
STATSNZ:AGR_AGR_003(1.0),6724,15,2024,848013,
STATSNZ:AGR_AGR_003(1.0),6703,4,2024,231774,
STATSNZ:AGR_AGR_003(1.0),7685,10,2024,41812,
STATSNZ:AGR_AGR_003(1.0),7686,9,2024,1288,
STATSNZ:AGR_AGR_003(1.0),7696,14,2024,3455,
STATSNZ:AGR_AGR_003(1.0),6954,6,2024,5682,
STATSNZ:AGR_AGR_003(1.0),6703,15,1994,6872162,
STATSNZ:AGR_AGR_003(1.0),6721,11,1994,310760,
STATSNZ:AGR_AGR_003(1.0),7187,14,1994,60428,
STATSNZ:AGR_AGR_003(1.0),7074,2,1994,46814,
STATSNZ:AGR_AGR_003(1.0),7687,2,1994,14064,
STATSNZ:AGR_AGR_003(1.0),6722,1,1994,12642,
STATSNZ:AGR_AGR_003(1.0),7696,9,1994,8723,
STATSNZ:AGR_AGR_003(1.0),7185,7,1994,4512,
STATSNZ:AGR_AGR_003(1.0),7810,13,1994,811,
STATSNZ:AGR_AGR_003(1.0),7687,18,1994,75,
STATSNZ:AGR_AGR_003(1.0),7193,18,1994,68,
STATSNZ:AGR_AGR_003(1.0),7810,12,1994,36,
STATSNZ:AGR_AGR_003(1.0),6724,19,2002,2876802,
STATSNZ:AGR_AGR_003(1.0),7066,20,2002,426886,
STATSNZ:AGR_AGR_003(1.0),7184,19,2002,281745,
STATSNZ:AGR_AGR_003(1.0),7074,3,2002,129591,
STATSNZ:AGR_AGR_003(1.0),7064,8,2002,90774,
STATSNZ:AGR_AGR_003(1.0),6727,10,2002,88913,
STATSNZ:AGR_AGR_003(1.0),7066,15,2002,52982,
STATSNZ:AGR_AGR_003(1.0),7699,14,2002,33262,
STATSNZ:AGR_AGR_003(1.0),7074,2,2002,30774,
STATSNZ:AGR_AGR_003(1.0),6701,7,2002,25864,
STATSNZ:AGR_AGR_003(1.0),7184,9,2002,22572,
STATSNZ:AGR_AGR_003(1.0),6954,17,2002,7376,
STATSNZ:AGR_AGR_003(1.0),6954,1,2002,4708,
STATSNZ:AGR_AGR_003(1.0),7188,6,2002,4556,
STATSNZ:AGR_AGR_003(1.0),7186,17,2002,854,
STATSNZ:AGR_AGR_003(1.0),6951,8,2002,373,
STATSNZ:AGR_AGR_003(1.0),6721,3,2003,1678624,
STATSNZ:AGR_AGR_003(1.0),6951,7,2003,224,
STATSNZ:AGR_AGR_003(1.0),6951,8,2003,425,
STATSNZ:AGR_AGR_003(1.0),6954,10,2003,166990,
STATSNZ:AGR_AGR_003(1.0),7056,11,2003,15139,
STATSNZ:AGR_AGR_003(1.0),7066,20,2003,461958,
STATSNZ:AGR_AGR_003(1.0),7068,5,2003,5026,
STATSNZ:AGR_AGR_003(1.0),7074,2,2003,31083,
STATSNZ:AGR_AGR_003(1.0),7184,9,2003,19217,
STATSNZ:AGR_AGR_003(1.0),7686,4,2003,15989,
STATSNZ:AGR_AGR_003(1.0),7810,6,2003,4761,
STATSNZ:AGR_AGR_003(1.0),7057,4,2004,4956,
STATSNZ:AGR_AGR_003(1.0),7059,11,2004,4416,
STATSNZ:AGR_AGR_003(1.0),7064,3,2004,72520,
STATSNZ:AGR_AGR_003(1.0),7067,8,2004,60163,
STATSNZ:AGR_AGR_003(1.0),7068,17,2004,3071,
STATSNZ:AGR_AGR_003(1.0),6701,1,2004,13521,
STATSNZ:AGR_AGR_003(1.0),6702,20,2004,30782009,
STATSNZ:AGR_AGR_003(1.0),7699,8,2004,139242,
STATSNZ:AGR_AGR_003(1.0),7687,13,2004,9134,
STATSNZ:AGR_AGR_003(1.0),7688,5,2004,8382,
STATSNZ:AGR_AGR_003(1.0),6953,17,2004,2750,
STATSNZ:AGR_AGR_003(1.0),7077,6,2005,528513,
STATSNZ:AGR_AGR_003(1.0),7077,13,2005,63620,
STATSNZ:AGR_AGR_003(1.0),7065,10,2005,213654,
STATSNZ:AGR_AGR_003(1.0),7068,20,2005,71305,
STATSNZ:AGR_AGR_003(1.0),7074,13,2005,16890,
STATSNZ:AGR_AGR_003(1.0),7193,11,2005,67535,
STATSNZ:AGR_AGR_003(1.0),6720,5,2005,20134,
STATSNZ:AGR_AGR_003(1.0),7696,3,2005,54725,
STATSNZ:AGR_AGR_003(1.0),6951,1,2005,113,
STATSNZ:AGR_AGR_003(1.0),6953,16,2005,14009,
STATSNZ:AGR_AGR_003(1.0),6955,8,2005,44332,
STATSNZ:AGR_AGR_003(1.0),7068,10,2006,53106,
STATSNZ:AGR_AGR_003(1.0),7068,20,2006,71709,
STATSNZ:AGR_AGR_003(1.0),7072,6,2006,67894,
STATSNZ:AGR_AGR_003(1.0),7074,14,2006,12365,
STATSNZ:AGR_AGR_003(1.0),7184,3,2006,212219,
STATSNZ:AGR_AGR_003(1.0),7186,19,2006,4268,
STATSNZ:AGR_AGR_003(1.0),6738,11,2006,29789,
STATSNZ:AGR_AGR_003(1.0),7686,14,2006,11087,
STATSNZ:AGR_AGR_003(1.0),6955,8,2006,55135,
STATSNZ:AGR_AGR_003(1.0),7056,10,2007,683527,
STATSNZ:AGR_AGR_003(1.0),7059,5,2007,22023,
STATSNZ:AGR_AGR_003(1.0),7067,2,2007,20112,
STATSNZ:AGR_AGR_003(1.0),7071,9,2007,3766,
STATSNZ:AGR_AGR_003(1.0),7188,2,2007,9003,
STATSNZ:AGR_AGR_003(1.0),6721,16,2007,4244617,
STATSNZ:AGR_AGR_003(1.0),6703,4,2007,344075,
STATSNZ:AGR_AGR_003(1.0),7699,2,2007,12304,
STATSNZ:AGR_AGR_003(1.0),7685,10,2007,37894,
STATSNZ:AGR_AGR_003(1.0),7687,7,2007,1960,
STATSNZ:AGR_AGR_003(1.0),7696,14,2007,18576,
STATSNZ:AGR_AGR_003(1.0),6954,6,2007,7889,
STATSNZ:AGR_AGR_003(1.0),6953,11,2007,253,
STATSNZ:AGR_AGR_003(1.0),7810,18,2007,19,
STATSNZ:AGR_AGR_003(1.0),7077,3,2008,576461,
STATSNZ:AGR_AGR_003(1.0),7057,9,2008,4870,
STATSNZ:AGR_AGR_003(1.0),7059,17,2008,12028,
STATSNZ:AGR_AGR_003(1.0),6723,1,2008,21724,
STATSNZ:AGR_AGR_003(1.0),6724,20,2008,4965623,
STATSNZ:AGR_AGR_003(1.0),6727,8,2008,11307,
STATSNZ:AGR_AGR_003(1.0),6701,13,2008,8956,
STATSNZ:AGR_AGR_003(1.0),6702,5,2008,1316588,
STATSNZ:AGR_AGR_003(1.0),6949,20,2008,37004,
STATSNZ:AGR_AGR_003(1.0),7077,3,2009,598002,
STATSNZ:AGR_AGR_003(1.0),7057,19,2009,50219,
STATSNZ:AGR_AGR_003(1.0),7066,16,2009,34551,
STATSNZ:AGR_AGR_003(1.0),7184,10,2009,516566,
STATSNZ:AGR_AGR_003(1.0),7188,15,2009,53500,
STATSNZ:AGR_AGR_003(1.0),6720,13,2009,5516,
STATSNZ:AGR_AGR_003(1.0),6738,10,2009,1589263,
STATSNZ:AGR_AGR_003(1.0),6702,5,2009,1344389,
STATSNZ:AGR_AGR_003(1.0),6951,20,2009,5701,
STATSNZ:AGR_AGR_003(1.0),7072,10,2010,206837,
STATSNZ:AGR_AGR_003(1.0),7074,7,2010,27499,
STATSNZ:AGR_AGR_003(1.0),7184,14,2010,21768,
STATSNZ:AGR_AGR_003(1.0),7187,13,2010,19274,
STATSNZ:AGR_AGR_003(1.0),6731,18,2010,67267,
STATSNZ:AGR_AGR_003(1.0),7688,20,2010,234757,
STATSNZ:AGR_AGR_003(1.0),7057,3,2011,17997,
STATSNZ:AGR_AGR_003(1.0),7185,19,2011,22860,
STATSNZ:AGR_AGR_003(1.0),7187,16,2011,242879,
STATSNZ:AGR_AGR_003(1.0),6731,15,2011,5569215,
STATSNZ:AGR_AGR_003(1.0),7699,14,2011,30414,
STATSNZ:AGR_AGR_003(1.0),7685,6,2011,6600,
STATSNZ:AGR_AGR_003(1.0),7810,15,2011,12149,
STATSNZ:AGR_AGR_003(1.0),7056,11,2012,9096,
STATSNZ:AGR_AGR_003(1.0),7058,10,2012,108693,
STATSNZ:AGR_AGR_003(1.0),7058,18,2012,522,
STATSNZ:AGR_AGR_003(1.0),7064,7,2012,11155,
STATSNZ:AGR_AGR_003(1.0),7066,15,2012,66974,
STATSNZ:AGR_AGR_003(1.0),7074,1,2012,74188,
STATSNZ:AGR_AGR_003(1.0),7074,2,2012,15796,
STATSNZ:AGR_AGR_003(1.0),7184,9,2012,15366,
STATSNZ:AGR_AGR_003(1.0),7188,5,2012,3887,
STATSNZ:AGR_AGR_003(1.0),6722,2,2012,4869,
STATSNZ:AGR_AGR_003(1.0),6701,6,2012,100907,
STATSNZ:AGR_AGR_003(1.0),7688,9,2012,2696,
STATSNZ:AGR_AGR_003(1.0),6954,10,2012,126341,
STATSNZ:AGR_AGR_003(1.0),6954,16,2012,11041,
STATSNZ:AGR_AGR_003(1.0),6954,17,2012,,s
STATSNZ:AGR_AGR_003(1.0),7077,19,2013,1077358,
STATSNZ:AGR_AGR_003(1.0),7064,7,2013,14920,
STATSNZ:AGR_AGR_003(1.0),7066,14,2013,,s
STATSNZ:AGR_AGR_003(1.0),7072,11,2013,,s
STATSNZ:AGR_AGR_003(1.0),7074,18,2013,3625,
STATSNZ:AGR_AGR_003(1.0),7188,5,2013,3887,
STATSNZ:AGR_AGR_003(1.0),6721,1,2013,245629,
STATSNZ:AGR_AGR_003(1.0),6721,2,2013,125194,
STATSNZ:AGR_AGR_003(1.0),6723,9,2013,113659,
STATSNZ:AGR_AGR_003(1.0),6727,15,2013,98684,
STATSNZ:AGR_AGR_003(1.0),7686,2,2013,2377,
STATSNZ:AGR_AGR_003(1.0),6954,16,2013,11052,
STATSNZ:AGR_AGR_003(1.0),7056,6,2014,88105,
STATSNZ:AGR_AGR_003(1.0),7065,12,2014,152,
STATSNZ:AGR_AGR_003(1.0),7187,19,2014,2078141,
STATSNZ:AGR_AGR_003(1.0),7190,17,2014,412957,
STATSNZ:AGR_AGR_003(1.0),6731,9,2014,1559548,
STATSNZ:AGR_AGR_003(1.0),6722,14,2014,646,
STATSNZ:AGR_AGR_003(1.0),6701,1,2014,11923,
STATSNZ:AGR_AGR_003(1.0),7699,8,2014,74038,
STATSNZ:AGR_AGR_003(1.0),7686,15,2014,58200,
STATSNZ:AGR_AGR_003(1.0),6953,1,2014,739,
STATSNZ:AGR_AGR_003(1.0),7056,5,2015,74546,
STATSNZ:AGR_AGR_003(1.0),7058,12,2015,,s
STATSNZ:AGR_AGR_003(1.0),7064,1,2015,40042,
STATSNZ:AGR_AGR_003(1.0),7065,17,2015,5263,
STATSNZ:AGR_AGR_003(1.0),7066,8,2015,59852,
STATSNZ:AGR_AGR_003(1.0),7066,9,2015,13733,
STATSNZ:AGR_AGR_003(1.0),7068,15,2015,15071,
STATSNZ:AGR_AGR_003(1.0),7068,16,2015,7646,
STATSNZ:AGR_AGR_003(1.0),7184,3,2015,217047,
STATSNZ:AGR_AGR_003(1.0),7186,19,2015,15188,
STATSNZ:AGR_AGR_003(1.0),7188,20,2015,335790,
STATSNZ:AGR_AGR_003(1.0),6721,13,2015,273204,
STATSNZ:AGR_AGR_003(1.0),6701,10,2015,593266,
STATSNZ:AGR_AGR_003(1.0),7699,7,2015,,s
STATSNZ:AGR_AGR_003(1.0),7686,14,2015,6655,
STATSNZ:AGR_AGR_003(1.0),6954,19,2015,163043,
STATSNZ:AGR_AGR_003(1.0),6951,18,2015,0,
STATSNZ:AGR_AGR_003(1.0),7056,3,2016,74762,
STATSNZ:AGR_AGR_003(1.0),7057,1,2016,9898,
STATSNZ:AGR_AGR_003(1.0),7058,19,2016,36930,
STATSNZ:AGR_AGR_003(1.0),7064,17,2016,27685,
STATSNZ:AGR_AGR_003(1.0),7064,20,2016,458500,
STATSNZ:AGR_AGR_003(1.0),7066,6,2016,37312,
STATSNZ:AGR_AGR_003(1.0),7066,7,2016,17257,
STATSNZ:AGR_AGR_003(1.0),7068,14,2016,998,
STATSNZ:AGR_AGR_003(1.0),7184,1,2016,55987,
STATSNZ:AGR_AGR_003(1.0),7186,8,2016,5770,
STATSNZ:AGR_AGR_003(1.0),6724,1,2016,60475,
STATSNZ:AGR_AGR_003(1.0),7699,5,2016,8358,
STATSNZ:AGR_AGR_003(1.0),7686,12,2016,0,
STATSNZ:AGR_AGR_003(1.0),7687,19,2016,292314,
STATSNZ:AGR_AGR_003(1.0),6954,8,2016,23011,
STATSNZ:AGR_AGR_003(1.0),6951,15,2016,2218,
STATSNZ:AGR_AGR_003(1.0),6951,16,2016,87,
STATSNZ:AGR_AGR_003(1.0),7059,1,2017,30798,
STATSNZ:AGR_AGR_003(1.0),7066,8,2017,59825,
STATSNZ:AGR_AGR_003(1.0),7184,2,2017,18408,
STATSNZ:AGR_AGR_003(1.0),7184,18,2017,7,
STATSNZ:AGR_AGR_003(1.0),7188,20,2017,414784,
STATSNZ:AGR_AGR_003(1.0),6731,5,2017,1412045,
STATSNZ:AGR_AGR_003(1.0),6731,6,2017,2794237,
STATSNZ:AGR_AGR_003(1.0),6721,12,2017,10419,
STATSNZ:AGR_AGR_003(1.0),6722,4,2017,3509,
STATSNZ:AGR_AGR_003(1.0),6727,9,2017,1809,
STATSNZ:AGR_AGR_003(1.0),6703,16,2017,4198596,
STATSNZ:AGR_AGR_003(1.0),7686,13,2017,1122,
STATSNZ:AGR_AGR_003(1.0),7687,3,2017,29681,
STATSNZ:AGR_AGR_003(1.0),6951,17,2017,19,
STATSNZ:AGR_AGR_003(1.0),7056,14,2018,8021,
STATSNZ:AGR_AGR_003(1.0),7067,20,2018,414159,
STATSNZ:AGR_AGR_003(1.0),7068,8,2018,10189,
STATSNZ:AGR_AGR_003(1.0),7073,13,2018,,s
STATSNZ:AGR_AGR_003(1.0),6731,6,2018,2850607,
STATSNZ:AGR_AGR_003(1.0),6727,19,2018,206627,
STATSNZ:AGR_AGR_003(1.0),6703,17,2018,3915226,
STATSNZ:AGR_AGR_003(1.0),7699,20,2018,851424,
STATSNZ:AGR_AGR_003(1.0),7687,4,2018,18521,
STATSNZ:AGR_AGR_003(1.0),6949,1,2018,327,
STATSNZ:AGR_AGR_003(1.0),6953,8,2018,12448,
STATSNZ:AGR_AGR_003(1.0),7058,4,2019,,s
STATSNZ:AGR_AGR_003(1.0),7064,11,2019,4938,
STATSNZ:AGR_AGR_003(1.0),7066,10,2019,309623,
STATSNZ:AGR_AGR_003(1.0),7067,16,2019,39798,
STATSNZ:AGR_AGR_003(1.0),7068,8,2019,11212,
STATSNZ:AGR_AGR_003(1.0),7072,14,2019,,s
STATSNZ:AGR_AGR_003(1.0),7072,15,2019,27878,
STATSNZ:AGR_AGR_003(1.0),7186,2,2019,698,
STATSNZ:AGR_AGR_003(1.0),7699,20,2019,810443,
STATSNZ:AGR_AGR_003(1.0),7687,4,2019,,s
STATSNZ:AGR_AGR_003(1.0),7688,13,2019,717,
STATSNZ:AGR_AGR_003(1.0),6954,2,2019,10396,
STATSNZ:AGR_AGR_003(1.0),6951,9,2019,183,
STATSNZ:AGR_AGR_003(1.0),6955,17,2019,1068,
STATSNZ:AGR_AGR_003(1.0),7056,15,2020,137954,
STATSNZ:AGR_AGR_003(1.0),7071,1,2020,15670,
STATSNZ:AGR_AGR_003(1.0),7073,8,2020,42478,
STATSNZ:AGR_AGR_003(1.0),7074,6,2020,103423,
STATSNZ:AGR_AGR_003(1.0),7184,13,2020,,s
STATSNZ:AGR_AGR_003(1.0),7185,5,2020,,s
STATSNZ:AGR_AGR_003(1.0),7188,19,2020,143471,
STATSNZ:AGR_AGR_003(1.0),6731,17,2020,3374150,
STATSNZ:AGR_AGR_003(1.0),6722,20,2020,299684,
STATSNZ:AGR_AGR_003(1.0),6701,19,2020,591049,
STATSNZ:AGR_AGR_003(1.0),7699,18,2020,0,
STATSNZ:AGR_AGR_003(1.0),6951,12,2020,0,
STATSNZ:AGR_AGR_003(1.0),6955,1,2020,7573,
STATSNZ:AGR_AGR_003(1.0),7810,19,2020,11608,
STATSNZ:AGR_AGR_003(1.0),7057,6,2021,15941,
STATSNZ:AGR_AGR_003(1.0),7065,2,2021,,s
STATSNZ:AGR_AGR_003(1.0),7065,3,2021,53261,
STATSNZ:AGR_AGR_003(1.0),7067,9,2021,15227,
STATSNZ:AGR_AGR_003(1.0),7067,19,2021,155817,
STATSNZ:AGR_AGR_003(1.0),7071,16,2021,5845,
STATSNZ:AGR_AGR_003(1.0),7185,4,2021,6238,
STATSNZ:AGR_AGR_003(1.0),6720,7,2021,4568,
STATSNZ:AGR_AGR_003(1.0),6702,1,2021,194615,
STATSNZ:AGR_AGR_003(1.0),7685,8,2021,9576,
STATSNZ:AGR_AGR_003(1.0),7686,6,2021,,s
STATSNZ:AGR_AGR_003(1.0),7687,15,2021,113932,
STATSNZ:AGR_AGR_003(1.0),7696,4,2021,,s
STATSNZ:AGR_AGR_003(1.0),6949,11,2021,,s
STATSNZ:AGR_AGR_003(1.0),6949,12,2021,,s
STATSNZ:AGR_AGR_003(1.0),7064,5,2022,25438,
STATSNZ:AGR_AGR_003(1.0),7067,19,2022,143093,
STATSNZ:AGR_AGR_003(1.0),7068,2,2022,1621,
STATSNZ:AGR_AGR_003(1.0),7071,17,2022,4435,
STATSNZ:AGR_AGR_003(1.0),7072,9,2022,8995,
STATSNZ:AGR_AGR_003(1.0),7074,15,2022,143982,
STATSNZ:AGR_AGR_003(1.0),6738,13,2022,66802,
STATSNZ:AGR_AGR_003(1.0),6702,1,2022,168376,
STATSNZ:AGR_AGR_003(1.0),7686,10,2022,47739,
STATSNZ:AGR_AGR_003(1.0),7688,7,2022,578,
STATSNZ:AGR_AGR_003(1.0),7696,5,2022,3823,
STATSNZ:AGR_AGR_003(1.0),6954,14,2022,43,
STATSNZ:AGR_AGR_003(1.0),6951,3,2022,470,
STATSNZ:AGR_AGR_003(1.0),6955,11,2022,263,
STATSNZ:AGR_AGR_003(1.0),7058,16,2023,,s
STATSNZ:AGR_AGR_003(1.0),7066,13,2023,3682,
STATSNZ:AGR_AGR_003(1.0),7073,2,2023,,s
STATSNZ:AGR_AGR_003(1.0),7184,7,2023,65067,
STATSNZ:AGR_AGR_003(1.0),7186,14,2023,,s
STATSNZ:AGR_AGR_003(1.0),7187,6,2023,,s
STATSNZ:AGR_AGR_003(1.0),6731,11,2023,209632,
STATSNZ:AGR_AGR_003(1.0),6721,18,2023,,s
STATSNZ:AGR_AGR_003(1.0),6701,4,2023,20730,
STATSNZ:AGR_AGR_003(1.0),7686,18,2023,0,
STATSNZ:AGR_AGR_003(1.0),6951,6,2023,52,
STATSNZ:AGR_AGR_003(1.0),7810,4,2023,907,
STATSNZ:AGR_AGR_003(1.0),7077,4,2024,101973,
STATSNZ:AGR_AGR_003(1.0),7057,11,2024,1393,
STATSNZ:AGR_AGR_003(1.0),7072,4,2024,8305,
STATSNZ:AGR_AGR_003(1.0),7074,12,2024,180,
STATSNZ:AGR_AGR_003(1.0),7184,1,2024,39139,
STATSNZ:AGR_AGR_003(1.0),7186,8,2024,4927,
STATSNZ:AGR_AGR_003(1.0),7188,15,2024,43951,
STATSNZ:AGR_AGR_003(1.0),7188,16,2024,,s
STATSNZ:AGR_AGR_003(1.0),6723,2,2024,,s
STATSNZ:AGR_AGR_003(1.0),6703,20,2024,20961133,
STATSNZ:AGR_AGR_003(1.0),6702,6,2024,1969634,
STATSNZ:AGR_AGR_003(1.0),7688,3,2024,6502,
STATSNZ:AGR_AGR_003(1.0),6951,20,2024,5144,
STATSNZ:AGR_AGR_003(1.0),6955,6,2024,11013,
STATSNZ:AGR_AGR_003(1.0),6955,7,2024,21551,
STATSNZ:AGR_AGR_003(1.0),7190,10,1994,2121027,
STATSNZ:AGR_AGR_003(1.0),7190,1,1994,230537,
STATSNZ:AGR_AGR_003(1.0),7074,15,1994,116780,
STATSNZ:AGR_AGR_003(1.0),6720,15,1994,105375,
STATSNZ:AGR_AGR_003(1.0),7685,16,1994,17078,
STATSNZ:AGR_AGR_003(1.0),7193,5,1994,6226,
STATSNZ:AGR_AGR_003(1.0),6721,10,2002,12140098,
STATSNZ:AGR_AGR_003(1.0),7077,8,2002,726306,
STATSNZ:AGR_AGR_003(1.0),7699,10,2002,597579,
STATSNZ:AGR_AGR_003(1.0),7686,10,2002,134944,
STATSNZ:AGR_AGR_003(1.0),7688,15,2002,64454,
STATSNZ:AGR_AGR_003(1.0),7190,9,2002,64094,
STATSNZ:AGR_AGR_003(1.0),7810,10,2002,51419,
STATSNZ:AGR_AGR_003(1.0),7072,9,2002,21646,
STATSNZ:AGR_AGR_003(1.0),7064,13,2002,9604,
STATSNZ:AGR_AGR_003(1.0),6723,14,2002,5394,
STATSNZ:AGR_AGR_003(1.0),7067,18,2002,1054,
STATSNZ:AGR_AGR_003(1.0),7186,4,2002,619,
STATSNZ:AGR_AGR_003(1.0),6701,19,2003,473269,
STATSNZ:AGR_AGR_003(1.0),6731,19,2003,21142107,
STATSNZ:AGR_AGR_003(1.0),6955,1,2003,9556,
STATSNZ:AGR_AGR_003(1.0),7057,20,2003,152687,
STATSNZ:AGR_AGR_003(1.0),7059,14,2003,2555,
STATSNZ:AGR_AGR_003(1.0),7064,4,2003,16497,
STATSNZ:AGR_AGR_003(1.0),7071,19,2003,21910,
STATSNZ:AGR_AGR_003(1.0),7072,10,2003,314254,
STATSNZ:AGR_AGR_003(1.0),7077,20,2003,4626617,
STATSNZ:AGR_AGR_003(1.0),7185,5,2003,70,
STATSNZ:AGR_AGR_003(1.0),7188,19,2003,41603,
STATSNZ:AGR_AGR_003(1.0),7685,1,2003,1224,
STATSNZ:AGR_AGR_003(1.0),7687,16,2003,117050,
STATSNZ:AGR_AGR_003(1.0),7688,6,2003,27994,
STATSNZ:AGR_AGR_003(1.0),7056,1,2004,98864,
STATSNZ:AGR_AGR_003(1.0),7064,16,2004,43282,
STATSNZ:AGR_AGR_003(1.0),7065,6,2004,27758,
STATSNZ:AGR_AGR_003(1.0),7073,1,2004,39829,
STATSNZ:AGR_AGR_003(1.0),7193,16,2004,174253,
STATSNZ:AGR_AGR_003(1.0),6723,17,2004,389105,
STATSNZ:AGR_AGR_003(1.0),6724,7,2004,90429,
STATSNZ:AGR_AGR_003(1.0),6738,7,2004,44135,
STATSNZ:AGR_AGR_003(1.0),7696,7,2004,3057,
STATSNZ:AGR_AGR_003(1.0),7696,8,2004,53775,
STATSNZ:AGR_AGR_003(1.0),7810,3,2004,20114,
STATSNZ:AGR_AGR_003(1.0),7056,9,2005,49829,
STATSNZ:AGR_AGR_003(1.0),7057,20,2005,155277,
STATSNZ:AGR_AGR_003(1.0),7059,14,2005,1590,
STATSNZ:AGR_AGR_003(1.0),7066,4,2005,11609,
STATSNZ:AGR_AGR_003(1.0),7066,5,2005,27309,
STATSNZ:AGR_AGR_003(1.0),7074,10,2005,702654,
STATSNZ:AGR_AGR_003(1.0),7187,5,2005,4373,
STATSNZ:AGR_AGR_003(1.0),6724,15,2005,1210894,
STATSNZ:AGR_AGR_003(1.0),7699,11,2005,31748,
STATSNZ:AGR_AGR_003(1.0),7699,19,2005,1153120,
STATSNZ:AGR_AGR_003(1.0),7696,16,2005,81395,
STATSNZ:AGR_AGR_003(1.0),6954,6,2005,4754,
STATSNZ:AGR_AGR_003(1.0),7059,8,2006,49364,
STATSNZ:AGR_AGR_003(1.0),7066,13,2006,6477,
STATSNZ:AGR_AGR_003(1.0),7068,13,2006,994,
STATSNZ:AGR_AGR_003(1.0),7188,4,2006,15585,
STATSNZ:AGR_AGR_003(1.0),6731,4,2006,382419,
STATSNZ:AGR_AGR_003(1.0),6727,20,2006,520545,
STATSNZ:AGR_AGR_003(1.0),6703,14,2006,67057,
STATSNZ:AGR_AGR_003(1.0),6701,4,2006,13970,
STATSNZ:AGR_AGR_003(1.0),7688,10,2006,110615,
STATSNZ:AGR_AGR_003(1.0),6951,15,2006,4389,
STATSNZ:AGR_AGR_003(1.0),7064,19,2007,174953,
STATSNZ:AGR_AGR_003(1.0),7065,10,2007,218832,
STATSNZ:AGR_AGR_003(1.0),7067,15,2007,68105,
STATSNZ:AGR_AGR_003(1.0),7072,5,2007,17104,
STATSNZ:AGR_AGR_003(1.0),7193,19,2007,1647934,
STATSNZ:AGR_AGR_003(1.0),7185,19,2007,19429,
STATSNZ:AGR_AGR_003(1.0),7188,15,2007,49109,
STATSNZ:AGR_AGR_003(1.0),6738,1,2007,85322,
STATSNZ:AGR_AGR_003(1.0),6701,16,2007,170161,
STATSNZ:AGR_AGR_003(1.0),6702,6,2007,3065788,
STATSNZ:AGR_AGR_003(1.0),7696,1,2007,2628,
STATSNZ:AGR_AGR_003(1.0),6953,16,2007,16498,
STATSNZ:AGR_AGR_003(1.0),7077,16,2008,291234,
STATSNZ:AGR_AGR_003(1.0),7056,6,2008,112777,
STATSNZ:AGR_AGR_003(1.0),7066,1,2008,60468,
STATSNZ:AGR_AGR_003(1.0),7066,2,2008,24914,
STATSNZ:AGR_AGR_003(1.0),7068,16,2008,4434,
STATSNZ:AGR_AGR_003(1.0),7190,17,2008,297241,
STATSNZ:AGR_AGR_003(1.0),6731,7,2008,637400,
STATSNZ:AGR_AGR_003(1.0),6721,7,2008,445593,
STATSNZ:AGR_AGR_003(1.0),6724,12,2008,1040,
STATSNZ:AGR_AGR_003(1.0),7699,7,2008,3524,
STATSNZ:AGR_AGR_003(1.0),7699,8,2008,84417,
STATSNZ:AGR_AGR_003(1.0),6954,3,2008,38448,
STATSNZ:AGR_AGR_003(1.0),7059,5,2009,20555,
STATSNZ:AGR_AGR_003(1.0),7066,19,2009,162648,
STATSNZ:AGR_AGR_003(1.0),7071,10,2009,139950,
STATSNZ:AGR_AGR_003(1.0),7073,15,2009,17568,
STATSNZ:AGR_AGR_003(1.0),7187,11,2009,64950,
STATSNZ:AGR_AGR_003(1.0),7188,1,2009,24752,
STATSNZ:AGR_AGR_003(1.0),6721,16,2009,3748487,
STATSNZ:AGR_AGR_003(1.0),7687,6,2009,34529,
STATSNZ:AGR_AGR_003(1.0),7687,7,2009,2421,
STATSNZ:AGR_AGR_003(1.0),7064,17,2010,27934,
STATSNZ:AGR_AGR_003(1.0),7067,8,2010,80995,
STATSNZ:AGR_AGR_003(1.0),7193,3,2010,1757624,
STATSNZ:AGR_AGR_003(1.0),7190,20,2010,3640914,
STATSNZ:AGR_AGR_003(1.0),6721,4,2010,219187,
STATSNZ:AGR_AGR_003(1.0),6703,20,2010,28152100,
STATSNZ:AGR_AGR_003(1.0),6702,20,2010,27315691,
STATSNZ:AGR_AGR_003(1.0),7685,14,2010,1441,
STATSNZ:AGR_AGR_003(1.0),7686,4,2010,9916,
STATSNZ:AGR_AGR_003(1.0),6949,19,2010,19174,
STATSNZ:AGR_AGR_003(1.0),6951,20,2010,6614,
STATSNZ:AGR_AGR_003(1.0),7077,19,2011,1101564,
STATSNZ:AGR_AGR_003(1.0),7056,10,2011,577937,
STATSNZ:AGR_AGR_003(1.0),7068,19,2011,21404,
STATSNZ:AGR_AGR_003(1.0),7072,19,2011,36086,
STATSNZ:AGR_AGR_003(1.0),6731,1,2011,400480,
STATSNZ:AGR_AGR_003(1.0),6721,1,2011,264698,
STATSNZ:AGR_AGR_003(1.0),6723,16,2011,275851,
STATSNZ:AGR_AGR_003(1.0),6724,6,2011,636614,
STATSNZ:AGR_AGR_003(1.0),7699,1,2011,3474,
STATSNZ:AGR_AGR_003(1.0),7688,16,2011,33277,
STATSNZ:AGR_AGR_003(1.0),7810,2,2011,6647,
STATSNZ:AGR_AGR_003(1.0),7058,5,2012,16613,
STATSNZ:AGR_AGR_003(1.0),7065,19,2012,43770,
STATSNZ:AGR_AGR_003(1.0),7068,1,2012,6733,
STATSNZ:AGR_AGR_003(1.0),7068,10,2012,54788,
STATSNZ:AGR_AGR_003(1.0),7072,15,2012,26010,
STATSNZ:AGR_AGR_003(1.0),7072,16,2012,10628,
STATSNZ:AGR_AGR_003(1.0),7186,11,2012,589,
STATSNZ:AGR_AGR_003(1.0),7187,1,2012,309496,
STATSNZ:AGR_AGR_003(1.0),6720,16,2012,49448,
STATSNZ:AGR_AGR_003(1.0),6721,6,2012,1924973,
STATSNZ:AGR_AGR_003(1.0),6738,11,2012,38486,
STATSNZ:AGR_AGR_003(1.0),7685,17,2012,12665,
STATSNZ:AGR_AGR_003(1.0),7686,7,2012,836,
STATSNZ:AGR_AGR_003(1.0),6951,2,2012,206,
STATSNZ:AGR_AGR_003(1.0),6955,17,2012,,s
STATSNZ:AGR_AGR_003(1.0),7056,13,2013,22536,
STATSNZ:AGR_AGR_003(1.0),7059,4,2013,6374,
STATSNZ:AGR_AGR_003(1.0),7066,9,2013,12480,
STATSNZ:AGR_AGR_003(1.0),7071,20,2013,89067,
STATSNZ:AGR_AGR_003(1.0),7074,4,2013,17990,
STATSNZ:AGR_AGR_003(1.0),7184,4,2013,41144,
STATSNZ:AGR_AGR_003(1.0),7187,9,2013,82878,
STATSNZ:AGR_AGR_003(1.0),6721,14,2013,23343,
STATSNZ:AGR_AGR_003(1.0),6721,15,2013,3150542,
STATSNZ:AGR_AGR_003(1.0),6703,19,2013,13578493,
STATSNZ:AGR_AGR_003(1.0),6701,10,2013,693115,
STATSNZ:AGR_AGR_003(1.0),7699,15,2013,287603,
STATSNZ:AGR_AGR_003(1.0),7686,15,2013,63125,
STATSNZ:AGR_AGR_003(1.0),7687,5,2013,9390,
STATSNZ:AGR_AGR_003(1.0),6951,19,2013,3544,
STATSNZ:AGR_AGR_003(1.0),7810,15,2013,11437,
STATSNZ:AGR_AGR_003(1.0),7077,4,2014,87783,
STATSNZ:AGR_AGR_003(1.0),7058,9,2014,4527,
STATSNZ:AGR_AGR_003(1.0),7065,20,2014,245051,
STATSNZ:AGR_AGR_003(1.0),7068,4,2014,2932,
STATSNZ:AGR_AGR_003(1.0),7072,4,2014,4585,
STATSNZ:AGR_AGR_003(1.0),7193,9,2014,97599,
STATSNZ:AGR_AGR_003(1.0),7186,20,2014,39947,
STATSNZ:AGR_AGR_003(1.0),7188,14,2014,9132,
STATSNZ:AGR_AGR_003(1.0),7190,4,2014,212013,
STATSNZ:AGR_AGR_003(1.0),6723,19,2014,1016790,
STATSNZ:AGR_AGR_003(1.0),6724,10,2014,2102723,
STATSNZ:AGR_AGR_003(1.0),6738,15,2014,714117,
STATSNZ:AGR_AGR_003(1.0),6701,15,2014,169690,
STATSNZ:AGR_AGR_003(1.0),6702,5,2014,1231252,
STATSNZ:AGR_AGR_003(1.0),7688,19,2014,134373,
STATSNZ:AGR_AGR_003(1.0),6949,15,2014,15862,
STATSNZ:AGR_AGR_003(1.0),6955,6,2014,16170,
STATSNZ:AGR_AGR_003(1.0),7057,9,2015,5052,
STATSNZ:AGR_AGR_003(1.0),7058,20,2015,124913,
STATSNZ:AGR_AGR_003(1.0),7064,14,2015,7378,
STATSNZ:AGR_AGR_003(1.0),7072,9,2015,12758,
STATSNZ:AGR_AGR_003(1.0),7186,5,2015,,c
STATSNZ:AGR_AGR_003(1.0),6720,19,2015,142263,
STATSNZ:AGR_AGR_003(1.0),6721,10,2015,9294768,
STATSNZ:AGR_AGR_003(1.0),6727,15,2015,83800,
STATSNZ:AGR_AGR_003(1.0),6738,5,2015,166690,
STATSNZ:AGR_AGR_003(1.0),7686,1,2015,1007,
STATSNZ:AGR_AGR_003(1.0),7686,10,2015,61346,
STATSNZ:AGR_AGR_003(1.0),6955,11,2015,327,
STATSNZ:AGR_AGR_003(1.0),7057,7,2016,3716,
STATSNZ:AGR_AGR_003(1.0),7064,12,2016,,s
STATSNZ:AGR_AGR_003(1.0),7071,17,2016,1265,
STATSNZ:AGR_AGR_003(1.0),7072,7,2016,5194,
STATSNZ:AGR_AGR_003(1.0),7185,12,2016,,c
STATSNZ:AGR_AGR_003(1.0),6731,18,2016,59622,
STATSNZ:AGR_AGR_003(1.0),6720,8,2016,50762,
STATSNZ:AGR_AGR_003(1.0),6727,13,2016,33576,
STATSNZ:AGR_AGR_003(1.0),6738,3,2016,162369,
STATSNZ:AGR_AGR_003(1.0),6701,18,2016,1234,
STATSNZ:AGR_AGR_003(1.0),7699,18,2016,,c
STATSNZ:AGR_AGR_003(1.0),7686,20,2016,173719,
STATSNZ:AGR_AGR_003(1.0),6953,18,2016,0,
STATSNZ:AGR_AGR_003(1.0),7077,8,2017,567856,
STATSNZ:AGR_AGR_003(1.0),7057,8,2017,21615,
STATSNZ:AGR_AGR_003(1.0),7064,13,2017,7667,
STATSNZ:AGR_AGR_003(1.0),7072,8,2017,35628,
STATSNZ:AGR_AGR_003(1.0),7193,20,2017,6529811,
STATSNZ:AGR_AGR_003(1.0),7185,14,2017,1903,
STATSNZ:AGR_AGR_003(1.0),7186,4,2017,936,
STATSNZ:AGR_AGR_003(1.0),6721,20,2017,17755322,
STATSNZ:AGR_AGR_003(1.0),6727,14,2017,83,
STATSNZ:AGR_AGR_003(1.0),7685,19,2017,66351,
STATSNZ:AGR_AGR_003(1.0),7686,10,2017,51899,
STATSNZ:AGR_AGR_003(1.0),6949,5,2017,54,
STATSNZ:AGR_AGR_003(1.0),6955,19,2017,421847,
STATSNZ:AGR_AGR_003(1.0),7077,9,2018,131828,
STATSNZ:AGR_AGR_003(1.0),7058,10,2018,102060,
STATSNZ:AGR_AGR_003(1.0),7065,5,2018,10890,
STATSNZ:AGR_AGR_003(1.0),7073,10,2018,217895,
STATSNZ:AGR_AGR_003(1.0),7193,10,2018,3816099,
STATSNZ:AGR_AGR_003(1.0),7185,15,2018,17668,
STATSNZ:AGR_AGR_003(1.0),6720,11,2018,9548,
STATSNZ:AGR_AGR_003(1.0),6720,19,2018,138104,
STATSNZ:AGR_AGR_003(1.0),6738,6,2018,455345,
STATSNZ:AGR_AGR_003(1.0),6702,11,2018,214342,
STATSNZ:AGR_AGR_003(1.0),7685,11,2018,,s
STATSNZ:AGR_AGR_003(1.0),7686,1,2018,,s
STATSNZ:AGR_AGR_003(1.0),6949,6,2018,453,
STATSNZ:AGR_AGR_003(1.0),7064,6,2019,43759,
STATSNZ:AGR_AGR_003(1.0),7071,11,2019,,s
STATSNZ:AGR_AGR_003(1.0),7072,1,2019,39148,
STATSNZ:AGR_AGR_003(1.0),7074,1,2019,67526,
STATSNZ:AGR_AGR_003(1.0),7184,16,2019,72843,
STATSNZ:AGR_AGR_003(1.0),7185,6,2019,,s
STATSNZ:AGR_AGR_003(1.0),6720,1,2019,3662,
STATSNZ:AGR_AGR_003(1.0),6720,2,2019,,s
STATSNZ:AGR_AGR_003(1.0),6701,12,2019,,s
STATSNZ:AGR_AGR_003(1.0),7699,12,2019,0,
STATSNZ:AGR_AGR_003(1.0),7687,17,2019,81637,
STATSNZ:AGR_AGR_003(1.0),6954,7,2019,13644,
STATSNZ:AGR_AGR_003(1.0),6953,12,2019,0,
STATSNZ:AGR_AGR_003(1.0),7059,10,2020,238189,
STATSNZ:AGR_AGR_003(1.0),7065,10,2020,193677,
STATSNZ:AGR_AGR_003(1.0),7067,15,2020,80073,
STATSNZ:AGR_AGR_003(1.0),7068,5,2020,3772,
STATSNZ:AGR_AGR_003(1.0),7193,19,2020,2542720,
STATSNZ:AGR_AGR_003(1.0),7184,10,2020,491667,
STATSNZ:AGR_AGR_003(1.0),7188,15,2020,66368,
STATSNZ:AGR_AGR_003(1.0),6723,11,2020,,s
STATSNZ:AGR_AGR_003(1.0),6702,6,2020,2006713,
STATSNZ:AGR_AGR_003(1.0),7686,11,2020,,s
STATSNZ:AGR_AGR_003(1.0),7696,2,2020,,s
STATSNZ:AGR_AGR_003(1.0),6949,16,2020,644,
STATSNZ:AGR_AGR_003(1.0),7065,15,2021,25229,
STATSNZ:AGR_AGR_003(1.0),7065,16,2021,14665,
STATSNZ:AGR_AGR_003(1.0),7073,11,2021,,s
STATSNZ:AGR_AGR_003(1.0),7074,1,2021,62955,
STATSNZ:AGR_AGR_003(1.0),7186,16,2021,,s
STATSNZ:AGR_AGR_003(1.0),7187,6,2021,,s
STATSNZ:AGR_AGR_003(1.0),6721,11,2021,,s
STATSNZ:AGR_AGR_003(1.0),6703,7,2021,398489,
STATSNZ:AGR_AGR_003(1.0),7687,2,2021,1952,
STATSNZ:AGR_AGR_003(1.0),7696,17,2021,73429,
STATSNZ:AGR_AGR_003(1.0),6954,7,2021,10433,
STATSNZ:AGR_AGR_003(1.0),7810,12,2021,0,
STATSNZ:AGR_AGR_003(1.0),7056,4,2022,27586,
STATSNZ:AGR_AGR_003(1.0),7059,9,2022,13030,
STATSNZ:AGR_AGR_003(1.0),7068,15,2022,11533,
STATSNZ:AGR_AGR_003(1.0),7071,4,2022,3058,
STATSNZ:AGR_AGR_003(1.0),7184,19,2022,380723,
STATSNZ:AGR_AGR_003(1.0),7185,10,2022,46584,
STATSNZ:AGR_AGR_003(1.0),7187,15,2022,974795,
STATSNZ:AGR_AGR_003(1.0),7190,15,2022,856255,
STATSNZ:AGR_AGR_003(1.0),6724,19,2022,2200907,
STATSNZ:AGR_AGR_003(1.0),6703,15,2022,3185696,
STATSNZ:AGR_AGR_003(1.0),7699,6,2022,53712,
STATSNZ:AGR_AGR_003(1.0),6954,1,2022,2775,
STATSNZ:AGR_AGR_003(1.0),6951,16,2022,142,
STATSNZ:AGR_AGR_003(1.0),6953,6,2022,3726,
STATSNZ:AGR_AGR_003(1.0),7057,13,2023,4513,
STATSNZ:AGR_AGR_003(1.0),7058,3,2023,21588,
STATSNZ:AGR_AGR_003(1.0),7067,9,2023,11608,
STATSNZ:AGR_AGR_003(1.0),7074,14,2023,7592,
STATSNZ:AGR_AGR_003(1.0),7193,4,2023,244240,
STATSNZ:AGR_AGR_003(1.0),7188,9,2023,,s
STATSNZ:AGR_AGR_003(1.0),6720,14,2023,186,
STATSNZ:AGR_AGR_003(1.0),6723,4,2023,22119,
STATSNZ:AGR_AGR_003(1.0),6723,5,2023,130473,
STATSNZ:AGR_AGR_003(1.0),6702,10,2023,9587350,
STATSNZ:AGR_AGR_003(1.0),7685,15,2023,46825,
STATSNZ:AGR_AGR_003(1.0),7686,5,2023,,s
STATSNZ:AGR_AGR_003(1.0),6949,19,2023,13961,
STATSNZ:AGR_AGR_003(1.0),7059,6,2024,39231,
STATSNZ:AGR_AGR_003(1.0),7068,11,2024,654,
STATSNZ:AGR_AGR_003(1.0),7071,1,2024,14165,
STATSNZ:AGR_AGR_003(1.0),7184,6,2024,,s
STATSNZ:AGR_AGR_003(1.0),6731,2,2024,,s
STATSNZ:AGR_AGR_003(1.0),6721,16,2024,2804708,
STATSNZ:AGR_AGR_003(1.0),6721,17,2024,2151884,
STATSNZ:AGR_AGR_003(1.0),6703,12,2024,,s
STATSNZ:AGR_AGR_003(1.0),6701,2,2024,,s
STATSNZ:AGR_AGR_003(1.0),7686,17,2024,32778,
STATSNZ:AGR_AGR_003(1.0),7687,7,2024,905,
STATSNZ:AGR_AGR_003(1.0),6951,12,2024,0,
STATSNZ:AGR_AGR_003(1.0),6954,10,1994,210673,
STATSNZ:AGR_AGR_003(1.0),6703,14,1994,164212,
STATSNZ:AGR_AGR_003(1.0),7074,1,1994,136047,
STATSNZ:AGR_AGR_003(1.0),7688,10,1994,111461,
STATSNZ:AGR_AGR_003(1.0),6954,7,1994,20387,
STATSNZ:AGR_AGR_003(1.0),7184,16,1994,16838,
STATSNZ:AGR_AGR_003(1.0),6722,2,1994,8372,
STATSNZ:AGR_AGR_003(1.0),7699,12,1994,343,
STATSNZ:AGR_AGR_003(1.0),6703,16,2002,5180236,
STATSNZ:AGR_AGR_003(1.0),7187,15,2002,394690,
STATSNZ:AGR_AGR_003(1.0),6953,20,2002,295309,
STATSNZ:AGR_AGR_003(1.0),7059,19,2002,88652,
STATSNZ:AGR_AGR_003(1.0),7185,10,2002,41423,
STATSNZ:AGR_AGR_003(1.0),6949,20,2002,40774,
STATSNZ:AGR_AGR_003(1.0),7687,11,2002,17496,
STATSNZ:AGR_AGR_003(1.0),7059,9,2002,15102,
STATSNZ:AGR_AGR_003(1.0),6953,7,2002,13663,
STATSNZ:AGR_AGR_003(1.0),7071,5,2002,9959,
STATSNZ:AGR_AGR_003(1.0),6724,18,2002,8830,
STATSNZ:AGR_AGR_003(1.0),6953,6,2002,6883,
STATSNZ:AGR_AGR_003(1.0),7065,17,2002,6298,
STATSNZ:AGR_AGR_003(1.0),7685,4,2002,5974,
STATSNZ:AGR_AGR_003(1.0),6727,1,2002,5731,
STATSNZ:AGR_AGR_003(1.0),7057,2,2002,5357,
STATSNZ:AGR_AGR_003(1.0),7688,1,2002,4584,
STATSNZ:AGR_AGR_003(1.0),7810,14,2002,536,
STATSNZ:AGR_AGR_003(1.0),6702,14,2003,72323,
STATSNZ:AGR_AGR_003(1.0),6724,9,2003,299813,
STATSNZ:AGR_AGR_003(1.0),6949,17,2003,518,
STATSNZ:AGR_AGR_003(1.0),6951,10,2003,2493,
STATSNZ:AGR_AGR_003(1.0),7065,8,2003,54880,
STATSNZ:AGR_AGR_003(1.0),7073,3,2003,77157,
STATSNZ:AGR_AGR_003(1.0),7073,11,2003,3922,
STATSNZ:AGR_AGR_003(1.0),7077,13,2003,69955,
STATSNZ:AGR_AGR_003(1.0),7190,14,2003,75105,
STATSNZ:AGR_AGR_003(1.0),7687,2,2003,9104,
STATSNZ:AGR_AGR_003(1.0),7696,9,2003,10590,
STATSNZ:AGR_AGR_003(1.0),7696,19,2003,440779,
STATSNZ:AGR_AGR_003(1.0),7810,5,2003,2262,
STATSNZ:AGR_AGR_003(1.0),7057,5,2004,13174,
STATSNZ:AGR_AGR_003(1.0),7059,12,2004,496,
STATSNZ:AGR_AGR_003(1.0),7064,2,2004,26528,
STATSNZ:AGR_AGR_003(1.0),7066,17,2004,23502,
STATSNZ:AGR_AGR_003(1.0),7067,10,2004,320179,
STATSNZ:AGR_AGR_003(1.0),7073,15,2004,42070,
STATSNZ:AGR_AGR_003(1.0),6722,13,2004,11916,
STATSNZ:AGR_AGR_003(1.0),6738,1,2004,59753,
STATSNZ:AGR_AGR_003(1.0),6701,8,2004,188922,
STATSNZ:AGR_AGR_003(1.0),7699,16,2004,206434,
STATSNZ:AGR_AGR_003(1.0),7685,20,2004,160738,
STATSNZ:AGR_AGR_003(1.0),7687,14,2004,25525,
STATSNZ:AGR_AGR_003(1.0),7688,4,2004,14770,
STATSNZ:AGR_AGR_003(1.0),6954,11,2004,486,
STATSNZ:AGR_AGR_003(1.0),6955,20,2004,803691,
STATSNZ:AGR_AGR_003(1.0),7810,17,2004,3344,
STATSNZ:AGR_AGR_003(1.0),7193,4,2005,329776,
STATSNZ:AGR_AGR_003(1.0),7185,11,2005,497,
STATSNZ:AGR_AGR_003(1.0),7188,16,2005,6744,
STATSNZ:AGR_AGR_003(1.0),7190,20,2005,3320005,
STATSNZ:AGR_AGR_003(1.0),6721,4,2005,247546,
STATSNZ:AGR_AGR_003(1.0),6723,11,2005,28033,
STATSNZ:AGR_AGR_003(1.0),7686,4,2005,14008,
STATSNZ:AGR_AGR_003(1.0),6951,10,2005,1923,
STATSNZ:AGR_AGR_003(1.0),6955,7,2005,32395,
STATSNZ:AGR_AGR_003(1.0),7057,14,2006,1499,
STATSNZ:AGR_AGR_003(1.0),7065,2,2006,12429,
STATSNZ:AGR_AGR_003(1.0),7067,17,2006,32827,
STATSNZ:AGR_AGR_003(1.0),7073,5,2006,18208,
STATSNZ:AGR_AGR_003(1.0),6720,15,2006,68914,
STATSNZ:AGR_AGR_003(1.0),6724,3,2006,282310,
STATSNZ:AGR_AGR_003(1.0),6738,19,2006,1327866,
STATSNZ:AGR_AGR_003(1.0),6702,8,2006,5374384,
STATSNZ:AGR_AGR_003(1.0),7685,16,2006,9787,
STATSNZ:AGR_AGR_003(1.0),7696,3,2006,46944,
STATSNZ:AGR_AGR_003(1.0),7077,18,2007,11905,
STATSNZ:AGR_AGR_003(1.0),7056,8,2007,167172,
STATSNZ:AGR_AGR_003(1.0),7059,6,2007,36655,
STATSNZ:AGR_AGR_003(1.0),7066,11,2007,5818,
STATSNZ:AGR_AGR_003(1.0),7068,18,2007,117,
STATSNZ:AGR_AGR_003(1.0),7073,9,2007,12894,
STATSNZ:AGR_AGR_003(1.0),6724,14,2007,3407,
STATSNZ:AGR_AGR_003(1.0),6701,2,2007,9767,
STATSNZ:AGR_AGR_003(1.0),7699,19,2007,965852,
STATSNZ:AGR_AGR_003(1.0),7686,17,2007,65075,
STATSNZ:AGR_AGR_003(1.0),7687,10,2007,198395,
STATSNZ:AGR_AGR_003(1.0),7696,15,2007,144686,
STATSNZ:AGR_AGR_003(1.0),6954,5,2007,1857,
STATSNZ:AGR_AGR_003(1.0),7057,17,2008,9302,
STATSNZ:AGR_AGR_003(1.0),7058,10,2008,111996,
STATSNZ:AGR_AGR_003(1.0),7064,8,2008,70510,
STATSNZ:AGR_AGR_003(1.0),7072,3,2008,54850,
STATSNZ:AGR_AGR_003(1.0),7072,19,2008,50251,
STATSNZ:AGR_AGR_003(1.0),7193,1,2008,392193,
STATSNZ:AGR_AGR_003(1.0),7188,13,2008,1233,
STATSNZ:AGR_AGR_003(1.0),6721,1,2008,293381,
STATSNZ:AGR_AGR_003(1.0),6723,8,2008,284179,
STATSNZ:AGR_AGR_003(1.0),6738,20,2008,2988537,
STATSNZ:AGR_AGR_003(1.0),6701,14,2008,2502,
STATSNZ:AGR_AGR_003(1.0),7688,9,2008,3416,
STATSNZ:AGR_AGR_003(1.0),6954,17,2008,4086,
STATSNZ:AGR_AGR_003(1.0),7077,4,2009,109541,
STATSNZ:AGR_AGR_003(1.0),7058,9,2009,5796,
STATSNZ:AGR_AGR_003(1.0),7064,16,2009,38827,
STATSNZ:AGR_AGR_003(1.0),7065,20,2009,308160,
STATSNZ:AGR_AGR_003(1.0),7193,9,2009,85331,
STATSNZ:AGR_AGR_003(1.0),7186,10,2009,20643,
STATSNZ:AGR_AGR_003(1.0),7188,7,2009,21313,
STATSNZ:AGR_AGR_003(1.0),6720,12,2009,43,
STATSNZ:AGR_AGR_003(1.0),6724,10,2009,2412026,
STATSNZ:AGR_AGR_003(1.0),7074,10,2010,584180,
STATSNZ:AGR_AGR_003(1.0),7184,7,2010,78642,
STATSNZ:AGR_AGR_003(1.0),6720,10,2010,153933,
STATSNZ:AGR_AGR_003(1.0),7685,10,2010,30225,
STATSNZ:AGR_AGR_003(1.0),7687,8,2010,38397,
STATSNZ:AGR_AGR_003(1.0),6953,3,2010,42564,
STATSNZ:AGR_AGR_003(1.0),7810,18,2010,14,
STATSNZ:AGR_AGR_003(1.0),7057,11,2011,2490,
STATSNZ:AGR_AGR_003(1.0),7059,18,2011,277,
STATSNZ:AGR_AGR_003(1.0),7185,2,2011,1469,
STATSNZ:AGR_AGR_003(1.0),6723,2,2011,13734,
STATSNZ:AGR_AGR_003(1.0),7699,15,2011,305960,
STATSNZ:AGR_AGR_003(1.0),7057,1,2012,14238,
STATSNZ:AGR_AGR_003(1.0),7057,2,2012,4154,
STATSNZ:AGR_AGR_003(1.0),7059,9,2012,12638,
STATSNZ:AGR_AGR_003(1.0),7071,4,2012,1973,
STATSNZ:AGR_AGR_003(1.0),7071,12,2012,,c
STATSNZ:AGR_AGR_003(1.0),7185,7,2012,4770,
STATSNZ:AGR_AGR_003(1.0),7187,15,2012,918736,
STATSNZ:AGR_AGR_003(1.0),6722,19,2012,156639,
STATSNZ:AGR_AGR_003(1.0),6727,8,2012,13763,
STATSNZ:AGR_AGR_003(1.0),6703,15,2012,3922980,
STATSNZ:AGR_AGR_003(1.0),7685,3,2012,8421,
STATSNZ:AGR_AGR_003(1.0),7687,11,2012,8526,
STATSNZ:AGR_AGR_003(1.0),7687,19,2012,372803,
STATSNZ:AGR_AGR_003(1.0),7696,18,2012,0,
STATSNZ:AGR_AGR_003(1.0),6949,20,2012,32274,
STATSNZ:AGR_AGR_003(1.0),6953,6,2012,7251,
STATSNZ:AGR_AGR_003(1.0),7067,5,2013,26081,
STATSNZ:AGR_AGR_003(1.0),7193,8,2013,448030,
STATSNZ:AGR_AGR_003(1.0),7193,10,2013,3912003,
STATSNZ:AGR_AGR_003(1.0),7185,15,2013,15294,
STATSNZ:AGR_AGR_003(1.0),7185,16,2013,,s
STATSNZ:AGR_AGR_003(1.0),7190,3,2013,1140749,
STATSNZ:AGR_AGR_003(1.0),6720,3,2013,21490,
STATSNZ:AGR_AGR_003(1.0),6720,11,2013,3132,
STATSNZ:AGR_AGR_003(1.0),6722,18,2013,,c
STATSNZ:AGR_AGR_003(1.0),6738,6,2013,392844,
STATSNZ:AGR_AGR_003(1.0),6949,7,2013,2398,
STATSNZ:AGR_AGR_003(1.0),6953,14,2013,,s
STATSNZ:AGR_AGR_003(1.0),7057,5,2014,12090,
STATSNZ:AGR_AGR_003(1.0),7059,12,2014,191,
STATSNZ:AGR_AGR_003(1.0),7066,3,2014,63461,
STATSNZ:AGR_AGR_003(1.0),7074,5,2014,67055,
STATSNZ:AGR_AGR_003(1.0),7184,13,2014,,c
STATSNZ:AGR_AGR_003(1.0),7187,3,2014,1526660,
STATSNZ:AGR_AGR_003(1.0),6731,8,2014,5328843,
STATSNZ:AGR_AGR_003(1.0),6727,3,2014,,s
STATSNZ:AGR_AGR_003(1.0),7699,9,2014,20727,
STATSNZ:AGR_AGR_003(1.0),7687,14,2014,17474,
STATSNZ:AGR_AGR_003(1.0),7059,3,2015,43119,
STATSNZ:AGR_AGR_003(1.0),7065,18,2015,,s
STATSNZ:AGR_AGR_003(1.0),7065,19,2015,39579,
STATSNZ:AGR_AGR_003(1.0),7071,6,2015,32602,
STATSNZ:AGR_AGR_003(1.0),7073,13,2015,427,
STATSNZ:AGR_AGR_003(1.0),7185,1,2015,5281,
STATSNZ:AGR_AGR_003(1.0),7187,8,2015,325290,
STATSNZ:AGR_AGR_003(1.0),7190,16,2015,192396,
STATSNZ:AGR_AGR_003(1.0),6721,14,2015,18725,
STATSNZ:AGR_AGR_003(1.0),6722,4,2015,4351,
STATSNZ:AGR_AGR_003(1.0),6703,9,2015,1279055,
STATSNZ:AGR_AGR_003(1.0),6701,20,2015,1030903,
STATSNZ:AGR_AGR_003(1.0),6702,16,2015,4430652,
STATSNZ:AGR_AGR_003(1.0),7687,4,2015,15108,
STATSNZ:AGR_AGR_003(1.0),7687,5,2015,5741,
STATSNZ:AGR_AGR_003(1.0),7696,12,2015,0,
STATSNZ:AGR_AGR_003(1.0),6953,10,2015,91722,
STATSNZ:AGR_AGR_003(1.0),7810,7,2015,1742,
STATSNZ:AGR_AGR_003(1.0),7059,1,2016,29884,
STATSNZ:AGR_AGR_003(1.0),7065,8,2016,48628,
STATSNZ:AGR_AGR_003(1.0),7065,16,2016,8808,
STATSNZ:AGR_AGR_003(1.0),7073,11,2016,1960,
STATSNZ:AGR_AGR_003(1.0),7187,6,2016,53755,
STATSNZ:AGR_AGR_003(1.0),7190,14,2016,128812,
STATSNZ:AGR_AGR_003(1.0),6721,12,2016,2731,
STATSNZ:AGR_AGR_003(1.0),6703,7,2016,362868,
STATSNZ:AGR_AGR_003(1.0),6702,14,2016,21696,
STATSNZ:AGR_AGR_003(1.0),7687,2,2016,3658,
STATSNZ:AGR_AGR_003(1.0),7687,3,2016,29380,
STATSNZ:AGR_AGR_003(1.0),7696,19,2016,232439,
STATSNZ:AGR_AGR_003(1.0),6949,17,2016,,c
STATSNZ:AGR_AGR_003(1.0),7810,5,2016,758,
STATSNZ:AGR_AGR_003(1.0),7056,12,2017,710,
STATSNZ:AGR_AGR_003(1.0),7065,17,2017,6839,
STATSNZ:AGR_AGR_003(1.0),7066,7,2017,14997,
STATSNZ:AGR_AGR_003(1.0),7071,5,2017,8474,
STATSNZ:AGR_AGR_003(1.0),7073,12,2017,,s
STATSNZ:AGR_AGR_003(1.0),7185,10,2017,42510,
STATSNZ:AGR_AGR_003(1.0),7187,7,2017,475249,
STATSNZ:AGR_AGR_003(1.0),7187,8,2017,348817,
STATSNZ:AGR_AGR_003(1.0),7190,15,2017,943423,
STATSNZ:AGR_AGR_003(1.0),6722,3,2017,18402,
STATSNZ:AGR_AGR_003(1.0),6724,18,2017,13832,
STATSNZ:AGR_AGR_003(1.0),6724,19,2017,2203370,
STATSNZ:AGR_AGR_003(1.0),6951,16,2017,134,
STATSNZ:AGR_AGR_003(1.0),6953,20,2017,242257,
STATSNZ:AGR_AGR_003(1.0),7810,14,2017,164,
STATSNZ:AGR_AGR_003(1.0),7056,13,2018,24197,
STATSNZ:AGR_AGR_003(1.0),7064,1,2018,44757,
STATSNZ:AGR_AGR_003(1.0),7066,8,2018,55125,
STATSNZ:AGR_AGR_003(1.0),7071,20,2018,104000,
STATSNZ:AGR_AGR_003(1.0),7187,9,2018,58604,
STATSNZ:AGR_AGR_003(1.0),6724,12,2018,5147,
STATSNZ:AGR_AGR_003(1.0),6703,19,2018,12515172,
STATSNZ:AGR_AGR_003(1.0),6701,10,2018,761914,
STATSNZ:AGR_AGR_003(1.0),6702,17,2018,3754018,
STATSNZ:AGR_AGR_003(1.0),7699,7,2018,2854,
STATSNZ:AGR_AGR_003(1.0),7687,5,2018,,s
STATSNZ:AGR_AGR_003(1.0),6954,19,2018,205628,
STATSNZ:AGR_AGR_003(1.0),6951,17,2018,,s
STATSNZ:AGR_AGR_003(1.0),7810,8,2018,3617,
STATSNZ:AGR_AGR_003(1.0),7056,4,2019,17605,
STATSNZ:AGR_AGR_003(1.0),7065,2,2019,10574,
STATSNZ:AGR_AGR_003(1.0),7067,17,2019,24952,
STATSNZ:AGR_AGR_003(1.0),7073,5,2019,8843,
STATSNZ:AGR_AGR_003(1.0),7193,12,2019,,s
STATSNZ:AGR_AGR_003(1.0),7187,10,2019,3002634,
STATSNZ:AGR_AGR_003(1.0),6723,13,2019,17380,
STATSNZ:AGR_AGR_003(1.0),6724,3,2019,,s
STATSNZ:AGR_AGR_003(1.0),6703,1,2019,231324,
STATSNZ:AGR_AGR_003(1.0),6702,8,2019,4274379,
STATSNZ:AGR_AGR_003(1.0),7686,13,2019,1671,
STATSNZ:AGR_AGR_003(1.0),7696,4,2019,,s
STATSNZ:AGR_AGR_003(1.0),6949,11,2019,,s
STATSNZ:AGR_AGR_003(1.0),7810,20,2019,38445,
STATSNZ:AGR_AGR_003(1.0),7067,1,2020,39034,
STATSNZ:AGR_AGR_003(1.0),7073,16,2020,23241,
STATSNZ:AGR_AGR_003(1.0),7074,20,2020,955747,
STATSNZ:AGR_AGR_003(1.0),7184,14,2020,,s
STATSNZ:AGR_AGR_003(1.0),7185,4,2020,2171,
STATSNZ:AGR_AGR_003(1.0),6720,20,2020,251067,
STATSNZ:AGR_AGR_003(1.0),6721,17,2020,2489224,
STATSNZ:AGR_AGR_003(1.0),7685,10,2020,43561,
STATSNZ:AGR_AGR_003(1.0),7687,15,2020,116048,
STATSNZ:AGR_AGR_003(1.0),6953,19,2020,137039,
STATSNZ:AGR_AGR_003(1.0),7810,18,2020,,s
STATSNZ:AGR_AGR_003(1.0),7064,4,2021,12788,
STATSNZ:AGR_AGR_003(1.0),7064,12,2021,202,
STATSNZ:AGR_AGR_003(1.0),7072,7,2021,8225,
STATSNZ:AGR_AGR_003(1.0),7074,15,2021,140132,
STATSNZ:AGR_AGR_003(1.0),7186,2,2021,920,
STATSNZ:AGR_AGR_003(1.0),7188,19,2021,151776,
STATSNZ:AGR_AGR_003(1.0),6720,8,2021,44317,
STATSNZ:AGR_AGR_003(1.0),6722,15,2021,47004,
STATSNZ:AGR_AGR_003(1.0),6738,3,2021,118778,
STATSNZ:AGR_AGR_003(1.0),6701,19,2021,576865,
STATSNZ:AGR_AGR_003(1.0),7686,20,2021,180164,
STATSNZ:AGR_AGR_003(1.0),7688,6,2021,,s
STATSNZ:AGR_AGR_003(1.0),6954,13,2021,,s
STATSNZ:AGR_AGR_003(1.0),6955,1,2021,,s
STATSNZ:AGR_AGR_003(1.0),7077,10,2022,2666541,
STATSNZ:AGR_AGR_003(1.0),7057,16,2022,16248,
STATSNZ:AGR_AGR_003(1.0),7058,5,2022,8367,
STATSNZ:AGR_AGR_003(1.0),7067,3,2022,54848,
STATSNZ:AGR_AGR_003(1.0),7067,11,2022,4973,
STATSNZ:AGR_AGR_003(1.0),7071,18,2022,430,
STATSNZ:AGR_AGR_003(1.0),7193,6,2022,68446,
STATSNZ:AGR_AGR_003(1.0),7185,14,2022,2717,
STATSNZ:AGR_AGR_003(1.0),6720,9,2022,11403,
STATSNZ:AGR_AGR_003(1.0),6720,16,2022,40757,
STATSNZ:AGR_AGR_003(1.0),6723,7,2022,32125,
STATSNZ:AGR_AGR_003(1.0),6727,14,2022,94,
STATSNZ:AGR_AGR_003(1.0),6702,2,2022,138505,
STATSNZ:AGR_AGR_003(1.0),7686,7,2022,723,
STATSNZ:AGR_AGR_003(1.0),7688,14,2022,4907,
STATSNZ:AGR_AGR_003(1.0),6949,5,2022,35,
STATSNZ:AGR_AGR_003(1.0),7059,7,2023,10141,
STATSNZ:AGR_AGR_003(1.0),7071,2,2023,,s
STATSNZ:AGR_AGR_003(1.0),7073,19,2023,45243,
STATSNZ:AGR_AGR_003(1.0),7184,8,2023,62491,
STATSNZ:AGR_AGR_003(1.0),7187,5,2023,,s
STATSNZ:AGR_AGR_003(1.0),7187,13,2023,,s
STATSNZ:AGR_AGR_003(1.0),6731,3,2023,1378422,
STATSNZ:AGR_AGR_003(1.0),6722,10,2023,130870,
STATSNZ:AGR_AGR_003(1.0),7696,16,2023,40263,
STATSNZ:AGR_AGR_003(1.0),6953,4,2023,,s
STATSNZ:AGR_AGR_003(1.0),7810,11,2023,341,
STATSNZ:AGR_AGR_003(1.0),7810,12,2023,,s
STATSNZ:AGR_AGR_003(1.0),7057,12,2024,36,
STATSNZ:AGR_AGR_003(1.0),7067,7,2024,17126,
STATSNZ:AGR_AGR_003(1.0),7193,3,2024,1566143,
STATSNZ:AGR_AGR_003(1.0),7193,19,2024,2521169,
STATSNZ:AGR_AGR_003(1.0),7185,17,2024,,s
STATSNZ:AGR_AGR_003(1.0),7185,19,2024,24448,
STATSNZ:AGR_AGR_003(1.0),7188,8,2024,21466,
STATSNZ:AGR_AGR_003(1.0),6720,5,2024,11995,
STATSNZ:AGR_AGR_003(1.0),6720,13,2024,6505,
STATSNZ:AGR_AGR_003(1.0),6738,8,2024,508465,
STATSNZ:AGR_AGR_003(1.0),6949,9,2024,616,
STATSNZ:AGR_AGR_003(1.0),6953,16,2024,3157,
STATSNZ:AGR_AGR_003(1.0),7686,20,1994,251376,
STATSNZ:AGR_AGR_003(1.0),6738,3,1994,246704,
STATSNZ:AGR_AGR_003(1.0),7077,7,1994,172784,
STATSNZ:AGR_AGR_003(1.0),6720,8,1994,81699,
STATSNZ:AGR_AGR_003(1.0),7810,20,1994,67843,
STATSNZ:AGR_AGR_003(1.0),7696,4,1994,24757,
STATSNZ:AGR_AGR_003(1.0),6723,13,1994,19018,
STATSNZ:AGR_AGR_003(1.0),7185,12,1994,7,
STATSNZ:AGR_AGR_003(1.0),7074,16,2002,87631,
STATSNZ:AGR_AGR_003(1.0),6720,16,2002,64589,
STATSNZ:AGR_AGR_003(1.0),6723,7,2002,49329,
STATSNZ:AGR_AGR_003(1.0),7058,6,2002,14811,
STATSNZ:AGR_AGR_003(1.0),7058,5,2002,11160,
STATSNZ:AGR_AGR_003(1.0),7072,16,2002,10370,
STATSNZ:AGR_AGR_003(1.0),7057,16,2002,10078,
STATSNZ:AGR_AGR_003(1.0),7068,1,2002,7488,
STATSNZ:AGR_AGR_003(1.0),7686,7,2002,2167,
STATSNZ:AGR_AGR_003(1.0),6951,3,2002,1209,
STATSNZ:AGR_AGR_003(1.0),6738,12,2002,371,
STATSNZ:AGR_AGR_003(1.0),6731,17,2003,5855296,
STATSNZ:AGR_AGR_003(1.0),6738,3,2003,207451,
STATSNZ:AGR_AGR_003(1.0),6954,13,2003,7228,
STATSNZ:AGR_AGR_003(1.0),7057,7,2003,4304,
STATSNZ:AGR_AGR_003(1.0),7067,2,2003,20782,
STATSNZ:AGR_AGR_003(1.0),7074,7,2003,26210,
STATSNZ:AGR_AGR_003(1.0),7188,3,2003,40430,
STATSNZ:AGR_AGR_003(1.0),7685,8,2003,10718,
STATSNZ:AGR_AGR_003(1.0),7058,8,2004,15740,
STATSNZ:AGR_AGR_003(1.0),7058,9,2004,4506,
STATSNZ:AGR_AGR_003(1.0),7068,4,2004,2233,
STATSNZ:AGR_AGR_003(1.0),7193,9,2004,95021,
STATSNZ:AGR_AGR_003(1.0),7184,20,2004,814758,
STATSNZ:AGR_AGR_003(1.0),7190,4,2004,199718,
STATSNZ:AGR_AGR_003(1.0),6721,9,2004,1288555,
STATSNZ:AGR_AGR_003(1.0),6724,10,2004,2650634,
STATSNZ:AGR_AGR_003(1.0),6738,15,2004,755099,
STATSNZ:AGR_AGR_003(1.0),7686,19,2004,232455,
STATSNZ:AGR_AGR_003(1.0),7687,10,2004,283734,
STATSNZ:AGR_AGR_003(1.0),6949,15,2004,21167,
STATSNZ:AGR_AGR_003(1.0),7068,12,2005,63,
STATSNZ:AGR_AGR_003(1.0),7073,17,2005,15006,
STATSNZ:AGR_AGR_003(1.0),6731,3,2005,2555163,
STATSNZ:AGR_AGR_003(1.0),6701,3,2005,142442,
STATSNZ:AGR_AGR_003(1.0),7699,3,2005,141515,
STATSNZ:AGR_AGR_003(1.0),6953,3,2005,44332,
STATSNZ:AGR_AGR_003(1.0),7057,10,2006,125526,
STATSNZ:AGR_AGR_003(1.0),7066,6,2006,44327,
STATSNZ:AGR_AGR_003(1.0),7073,11,2006,4135,
STATSNZ:AGR_AGR_003(1.0),7074,1,2006,84903,
STATSNZ:AGR_AGR_003(1.0),7184,16,2006,25189,
STATSNZ:AGR_AGR_003(1.0),6731,11,2006,323542,
STATSNZ:AGR_AGR_003(1.0),7685,2,2006,2536,
STATSNZ:AGR_AGR_003(1.0),7687,2,2006,5588,
STATSNZ:AGR_AGR_003(1.0),7696,17,2006,143917,
STATSNZ:AGR_AGR_003(1.0),6954,7,2006,15388,
STATSNZ:AGR_AGR_003(1.0),7057,12,2007,24,
STATSNZ:AGR_AGR_003(1.0),7058,2,2007,9047,
STATSNZ:AGR_AGR_003(1.0),7067,7,2007,20424,
STATSNZ:AGR_AGR_003(1.0),7193,3,2007,1669472,
STATSNZ:AGR_AGR_003(1.0),7185,17,2007,3759,
STATSNZ:AGR_AGR_003(1.0),6720,13,2007,6648,
STATSNZ:AGR_AGR_003(1.0),6721,3,2007,1766598,
STATSNZ:AGR_AGR_003(1.0),6738,8,2007,629557,
STATSNZ:AGR_AGR_003(1.0),7685,13,2007,1928,
STATSNZ:AGR_AGR_003(1.0),6949,9,2007,1623,
STATSNZ:AGR_AGR_003(1.0),7059,4,2008,9516,
STATSNZ:AGR_AGR_003(1.0),7066,9,2008,14620,
STATSNZ:AGR_AGR_003(1.0),7068,9,2008,2427,
STATSNZ:AGR_AGR_003(1.0),7184,4,2008,49218,
STATSNZ:AGR_AGR_003(1.0),7187,9,2008,80968,
STATSNZ:AGR_AGR_003(1.0),6731,10,2008,16988328,
STATSNZ:AGR_AGR_003(1.0),6721,15,2008,3978801,
STATSNZ:AGR_AGR_003(1.0),6703,19,2008,16636293,
STATSNZ:AGR_AGR_003(1.0),6701,10,2008,572755,
STATSNZ:AGR_AGR_003(1.0),7686,15,2008,77868,
STATSNZ:AGR_AGR_003(1.0),6951,19,2008,3542,
STATSNZ:AGR_AGR_003(1.0),7059,13,2009,5660,
STATSNZ:AGR_AGR_003(1.0),7066,3,2009,81683,
STATSNZ:AGR_AGR_003(1.0),7071,8,2009,15784,
STATSNZ:AGR_AGR_003(1.0),7073,8,2009,39902,
STATSNZ:AGR_AGR_003(1.0),6731,8,2009,5767131,
STATSNZ:AGR_AGR_003(1.0),6722,20,2009,223869,
STATSNZ:AGR_AGR_003(1.0),6727,4,2009,727,
STATSNZ:AGR_AGR_003(1.0),7699,9,2009,16062,
STATSNZ:AGR_AGR_003(1.0),7685,20,2009,87106,
STATSNZ:AGR_AGR_003(1.0),7696,14,2009,16401,
STATSNZ:AGR_AGR_003(1.0),7810,19,2009,22486,
STATSNZ:AGR_AGR_003(1.0),7077,5,2010,262073,
STATSNZ:AGR_AGR_003(1.0),7058,19,2010,27535,
STATSNZ:AGR_AGR_003(1.0),7065,1,2010,40299,
STATSNZ:AGR_AGR_003(1.0),7065,10,2010,238105,
STATSNZ:AGR_AGR_003(1.0),7067,15,2010,52941,
STATSNZ:AGR_AGR_003(1.0),7184,1,2010,49191,
STATSNZ:AGR_AGR_003(1.0),6723,11,2010,28951,
STATSNZ:AGR_AGR_003(1.0),6724,1,2010,68137,
STATSNZ:AGR_AGR_003(1.0),6702,6,2010,2535362,
STATSNZ:AGR_AGR_003(1.0),6702,7,2010,463811,
STATSNZ:AGR_AGR_003(1.0),6953,17,2010,803,
STATSNZ:AGR_AGR_003(1.0),6955,7,2010,37211,
STATSNZ:AGR_AGR_003(1.0),7077,17,2011,173798,
STATSNZ:AGR_AGR_003(1.0),7066,3,2011,76760,
STATSNZ:AGR_AGR_003(1.0),7068,3,2011,16063,
STATSNZ:AGR_AGR_003(1.0),7187,3,2011,1432879,
STATSNZ:AGR_AGR_003(1.0),6720,18,2011,888,
STATSNZ:AGR_AGR_003(1.0),6721,8,2011,3884953,
STATSNZ:AGR_AGR_003(1.0),6738,14,2011,3340,
STATSNZ:AGR_AGR_003(1.0),7687,20,2011,530963,
STATSNZ:AGR_AGR_003(1.0),7077,8,2012,579565,
STATSNZ:AGR_AGR_003(1.0),7058,13,2012,1574,
STATSNZ:AGR_AGR_003(1.0),7065,3,2012,38934,
STATSNZ:AGR_AGR_003(1.0),7068,8,2012,9735,
STATSNZ:AGR_AGR_003(1.0),7072,8,2012,30481,
STATSNZ:AGR_AGR_003(1.0),7193,13,2012,33218,
STATSNZ:AGR_AGR_003(1.0),7190,8,2012,287014,
STATSNZ:AGR_AGR_003(1.0),6721,20,2012,20411382,
STATSNZ:AGR_AGR_003(1.0),6723,14,2012,5527,
STATSNZ:AGR_AGR_003(1.0),6724,4,2012,33787,
STATSNZ:AGR_AGR_003(1.0),7699,20,2012,1060694,
STATSNZ:AGR_AGR_003(1.0),7688,14,2012,6870,
STATSNZ:AGR_AGR_003(1.0),6955,19,2012,459522,
STATSNZ:AGR_AGR_003(1.0),7056,6,2013,101300,
STATSNZ:AGR_AGR_003(1.0),7066,1,2013,44457,
STATSNZ:AGR_AGR_003(1.0),7068,16,2013,6195,
STATSNZ:AGR_AGR_003(1.0),7184,11,2013,14844,
STATSNZ:AGR_AGR_003(1.0),7184,12,2013,,c
STATSNZ:AGR_AGR_003(1.0),7187,2,2013,78217,
STATSNZ:AGR_AGR_003(1.0),6731,7,2013,537355,
STATSNZ:AGR_AGR_003(1.0),6724,12,2013,943,
STATSNZ:AGR_AGR_003(1.0),6727,2,2013,1905,
STATSNZ:AGR_AGR_003(1.0),7699,7,2013,6029,
STATSNZ:AGR_AGR_003(1.0),7696,13,2013,,c
STATSNZ:AGR_AGR_003(1.0),6954,3,2013,34791,
STATSNZ:AGR_AGR_003(1.0),6951,18,2013,0,
STATSNZ:AGR_AGR_003(1.0),7057,11,2014,960,
STATSNZ:AGR_AGR_003(1.0),7058,1,2014,14484,
STATSNZ:AGR_AGR_003(1.0),7064,16,2014,45187,
STATSNZ:AGR_AGR_003(1.0),7065,6,2014,18126,
STATSNZ:AGR_AGR_003(1.0),7072,11,2014,,s
STATSNZ:AGR_AGR_003(1.0),7072,12,2014,,c
STATSNZ:AGR_AGR_003(1.0),7193,2,2014,100086,
STATSNZ:AGR_AGR_003(1.0),7186,7,2014,3806,
STATSNZ:AGR_AGR_003(1.0),6720,12,2014,113,
STATSNZ:AGR_AGR_003(1.0),6721,2,2014,147270,
STATSNZ:AGR_AGR_003(1.0),6738,7,2014,42118,
STATSNZ:AGR_AGR_003(1.0),7686,2,2014,1136,
STATSNZ:AGR_AGR_003(1.0),7686,3,2014,17657,
STATSNZ:AGR_AGR_003(1.0),7688,18,2014,0,
STATSNZ:AGR_AGR_003(1.0),6955,13,2014,,c
STATSNZ:AGR_AGR_003(1.0),7068,2,2015,1492,
STATSNZ:AGR_AGR_003(1.0),7072,2,2015,2834,
STATSNZ:AGR_AGR_003(1.0),7074,17,2015,51059,
STATSNZ:AGR_AGR_003(1.0),7193,7,2015,541931,
STATSNZ:AGR_AGR_003(1.0),7188,12,2015,531,
STATSNZ:AGR_AGR_003(1.0),7190,2,2015,80959,
STATSNZ:AGR_AGR_003(1.0),6722,17,2015,45828,
STATSNZ:AGR_AGR_003(1.0),6738,13,2015,42690,
STATSNZ:AGR_AGR_003(1.0),6701,13,2015,11067,
STATSNZ:AGR_AGR_003(1.0),6702,3,2015,1392042,
STATSNZ:AGR_AGR_003(1.0),7688,8,2015,12059,
STATSNZ:AGR_AGR_003(1.0),6949,13,2015,349,
STATSNZ:AGR_AGR_003(1.0),6955,3,2015,64635,
STATSNZ:AGR_AGR_003(1.0),6955,4,2015,3392,
STATSNZ:AGR_AGR_003(1.0),7057,14,2016,1185,
STATSNZ:AGR_AGR_003(1.0),7064,4,2016,11783,
STATSNZ:AGR_AGR_003(1.0),7072,10,2016,212357,
STATSNZ:AGR_AGR_003(1.0),7074,15,2016,119998,
STATSNZ:AGR_AGR_003(1.0),7193,5,2016,11950,
STATSNZ:AGR_AGR_003(1.0),7188,19,2016,106071,
STATSNZ:AGR_AGR_003(1.0),7190,10,2016,2648639,
STATSNZ:AGR_AGR_003(1.0),6722,15,2016,66358,
STATSNZ:AGR_AGR_003(1.0),6701,11,2016,7211,
STATSNZ:AGR_AGR_003(1.0),6701,19,2016,400321,
STATSNZ:AGR_AGR_003(1.0),7688,6,2016,12297,
STATSNZ:AGR_AGR_003(1.0),6949,11,2016,47,
STATSNZ:AGR_AGR_003(1.0),6955,1,2016,,c
STATSNZ:AGR_AGR_003(1.0),6955,2,2016,,c
STATSNZ:AGR_AGR_003(1.0),7077,1,2017,382957,
STATSNZ:AGR_AGR_003(1.0),7057,15,2017,22131,
STATSNZ:AGR_AGR_003(1.0),7057,16,2017,12919,
STATSNZ:AGR_AGR_003(1.0),7067,11,2017,5795,
STATSNZ:AGR_AGR_003(1.0),7068,1,2017,6155,
STATSNZ:AGR_AGR_003(1.0),7074,16,2017,79374,
STATSNZ:AGR_AGR_003(1.0),7193,6,2017,87675,
STATSNZ:AGR_AGR_003(1.0),7188,11,2017,5437,
STATSNZ:AGR_AGR_003(1.0),7188,12,2017,357,
STATSNZ:AGR_AGR_003(1.0),6723,7,2017,31208,
STATSNZ:AGR_AGR_003(1.0),6702,2,2017,194634,
STATSNZ:AGR_AGR_003(1.0),6702,3,2017,1278998,
STATSNZ:AGR_AGR_003(1.0),7685,17,2017,15183,
STATSNZ:AGR_AGR_003(1.0),7687,17,2017,94865,
STATSNZ:AGR_AGR_003(1.0),6955,3,2017,63214,
STATSNZ:AGR_AGR_003(1.0),7077,2,2018,113927,
STATSNZ:AGR_AGR_003(1.0),7057,17,2018,11069,
STATSNZ:AGR_AGR_003(1.0),7058,7,2018,3765,
STATSNZ:AGR_AGR_003(1.0),7064,7,2018,14327,
STATSNZ:AGR_AGR_003(1.0),7067,12,2018,,s
STATSNZ:AGR_AGR_003(1.0),7193,7,2018,547910,
STATSNZ:AGR_AGR_003(1.0),7193,8,2018,486470,
STATSNZ:AGR_AGR_003(1.0),7190,3,2018,1339950,
STATSNZ:AGR_AGR_003(1.0),6722,18,2018,0,
STATSNZ:AGR_AGR_003(1.0),6723,8,2018,452744,
STATSNZ:AGR_AGR_003(1.0),7685,18,2018,0,
STATSNZ:AGR_AGR_003(1.0),7688,9,2018,,s
STATSNZ:AGR_AGR_003(1.0),7696,20,2018,320281,
STATSNZ:AGR_AGR_003(1.0),6949,14,2018,,s
STATSNZ:AGR_AGR_003(1.0),7056,18,2019,,s
STATSNZ:AGR_AGR_003(1.0),7066,13,2019,5518,
STATSNZ:AGR_AGR_003(1.0),7067,3,2019,68146,
STATSNZ:AGR_AGR_003(1.0),7187,14,2019,119338,
STATSNZ:AGR_AGR_003(1.0),7188,4,2019,27080,
STATSNZ:AGR_AGR_003(1.0),6722,9,2019,7907,
STATSNZ:AGR_AGR_003(1.0),6701,4,2019,14244,
STATSNZ:AGR_AGR_003(1.0),6701,5,2019,74215,
STATSNZ:AGR_AGR_003(1.0),7688,10,2019,44880,
STATSNZ:AGR_AGR_003(1.0),6953,5,2019,,s
STATSNZ:AGR_AGR_003(1.0),7077,12,2020,,s
STATSNZ:AGR_AGR_003(1.0),7064,17,2020,34866,
STATSNZ:AGR_AGR_003(1.0),7065,7,2020,10612,
STATSNZ:AGR_AGR_003(1.0),7185,18,2020,0,
STATSNZ:AGR_AGR_003(1.0),7186,8,2020,,s
STATSNZ:AGR_AGR_003(1.0),6721,3,2020,886559,
STATSNZ:AGR_AGR_003(1.0),6723,18,2020,,s
STATSNZ:AGR_AGR_003(1.0),6727,18,2020,80,
STATSNZ:AGR_AGR_003(1.0),6703,20,2020,23172282,
STATSNZ:AGR_AGR_003(1.0),6949,9,2020,1011,
STATSNZ:AGR_AGR_003(1.0),6951,20,2020,6240,
STATSNZ:AGR_AGR_003(1.0),6955,14,2020,146,
STATSNZ:AGR_AGR_003(1.0),7056,3,2021,88295,
STATSNZ:AGR_AGR_003(1.0),7059,8,2021,48156,
STATSNZ:AGR_AGR_003(1.0),7068,13,2021,1541,
STATSNZ:AGR_AGR_003(1.0),7071,3,2021,20288,
STATSNZ:AGR_AGR_003(1.0),7073,3,2021,,s
STATSNZ:AGR_AGR_003(1.0),7193,18,2021,0,
STATSNZ:AGR_AGR_003(1.0),7190,14,2021,102450,
STATSNZ:AGR_AGR_003(1.0),6731,4,2021,,s
STATSNZ:AGR_AGR_003(1.0),6724,9,2021,200859,
STATSNZ:AGR_AGR_003(1.0),6727,20,2021,222767,
STATSNZ:AGR_AGR_003(1.0),6703,14,2021,,s
STATSNZ:AGR_AGR_003(1.0),6702,14,2021,,s
STATSNZ:AGR_AGR_003(1.0),7810,5,2021,,s
STATSNZ:AGR_AGR_003(1.0),7056,11,2022,8635,
STATSNZ:AGR_AGR_003(1.0),7056,12,2022,,s
STATSNZ:AGR_AGR_003(1.0),7065,17,2022,4394,
STATSNZ:AGR_AGR_003(1.0),7066,7,2022,22357,
STATSNZ:AGR_AGR_003(1.0),7073,12,2022,,s
STATSNZ:AGR_AGR_003(1.0),7074,2,2022,20708,
STATSNZ:AGR_AGR_003(1.0),7187,7,2022,409309,
STATSNZ:AGR_AGR_003(1.0),7187,8,2022,305171,
STATSNZ:AGR_AGR_003(1.0),6721,13,2022,227963,
STATSNZ:AGR_AGR_003(1.0),6722,3,2022,11487,
STATSNZ:AGR_AGR_003(1.0),6724,18,2022,9025,
STATSNZ:AGR_AGR_003(1.0),7699,13,2022,4089,
STATSNZ:AGR_AGR_003(1.0),7686,13,2022,620,
STATSNZ:AGR_AGR_003(1.0),7696,18,2022,0,
STATSNZ:AGR_AGR_003(1.0),6953,20,2022,243505,
STATSNZ:AGR_AGR_003(1.0),7810,13,2022,344,
STATSNZ:AGR_AGR_003(1.0),7810,14,2022,89,
STATSNZ:AGR_AGR_003(1.0),7077,6,2023,425020,
STATSNZ:AGR_AGR_003(1.0),7064,11,2023,3904,
STATSNZ:AGR_AGR_003(1.0),7065,1,2023,30907,
STATSNZ:AGR_AGR_003(1.0),7067,1,2023,30558,
STATSNZ:AGR_AGR_003(1.0),7071,16,2023,,s
STATSNZ:AGR_AGR_003(1.0),7072,6,2023,,s
STATSNZ:AGR_AGR_003(1.0),7186,1,2023,,s
STATSNZ:AGR_AGR_003(1.0),7186,2,2023,,s
STATSNZ:AGR_AGR_003(1.0),7188,17,2023,,s
STATSNZ:AGR_AGR_003(1.0),6720,7,2023,4207,
STATSNZ:AGR_AGR_003(1.0),6723,12,2023,,s
STATSNZ:AGR_AGR_003(1.0),6727,12,2023,786,
STATSNZ:AGR_AGR_003(1.0),6701,17,2023,175867,
STATSNZ:AGR_AGR_003(1.0),7685,7,2023,,s
STATSNZ:AGR_AGR_003(1.0),7688,12,2023,,s
STATSNZ:AGR_AGR_003(1.0),6949,3,2023,3277,
STATSNZ:AGR_AGR_003(1.0),6955,8,2023,39821,
STATSNZ:AGR_AGR_003(1.0),7077,18,2024,8754,
STATSNZ:AGR_AGR_003(1.0),7056,8,2024,142161,
STATSNZ:AGR_AGR_003(1.0),7065,13,2024,1523,
STATSNZ:AGR_AGR_003(1.0),7068,18,2024,94,
STATSNZ:AGR_AGR_003(1.0),7073,9,2024,,s
STATSNZ:AGR_AGR_003(1.0),7074,20,2024,913768,
STATSNZ:AGR_AGR_003(1.0),7184,14,2024,23706,
STATSNZ:AGR_AGR_003(1.0),7187,4,2024,228974,
STATSNZ:AGR_AGR_003(1.0),6731,9,2024,1090815,
STATSNZ:AGR_AGR_003(1.0),6721,9,2024,655958,
STATSNZ:AGR_AGR_003(1.0),6724,14,2024,5792,
STATSNZ:AGR_AGR_003(1.0),7687,10,2024,68593,
STATSNZ:AGR_AGR_003(1.0),7696,15,2024,,s
STATSNZ:AGR_AGR_003(1.0),6954,5,2024,,s
STATSNZ:AGR_AGR_003(1.0),7810,19,2024,,s
STATSNZ:AGR_AGR_003(1.0),6703,7,1994,621517,
STATSNZ:AGR_AGR_003(1.0),6731,4,1994,620337,
STATSNZ:AGR_AGR_003(1.0),6727,10,1994,209586,
STATSNZ:AGR_AGR_003(1.0),6722,9,1994,30930,
STATSNZ:AGR_AGR_003(1.0),7184,9,1994,14984,
STATSNZ:AGR_AGR_003(1.0),7186,16,1994,366,
STATSNZ:AGR_AGR_003(1.0),6703,15,2002,5694585,
STATSNZ:AGR_AGR_003(1.0),6701,20,2002,1139700,
STATSNZ:AGR_AGR_003(1.0),6731,13,2002,785115,
STATSNZ:AGR_AGR_003(1.0),7187,8,2002,296530,
STATSNZ:AGR_AGR_003(1.0),7184,17,2002,79936,
STATSNZ:AGR_AGR_003(1.0),6727,8,2002,24708,
STATSNZ:AGR_AGR_003(1.0),6722,3,2002,20006,
STATSNZ:AGR_AGR_003(1.0),7059,17,2002,13820,
STATSNZ:AGR_AGR_003(1.0),7068,15,2002,9508,
STATSNZ:AGR_AGR_003(1.0),7185,1,2002,3984,
STATSNZ:AGR_AGR_003(1.0),7056,12,2002,1037,
STATSNZ:AGR_AGR_003(1.0),6721,11,2003,286426,
STATSNZ:AGR_AGR_003(1.0),6724,2,2003,47679,
STATSNZ:AGR_AGR_003(1.0),6738,9,2003,143973,
STATSNZ:AGR_AGR_003(1.0),6738,17,2003,86529,
STATSNZ:AGR_AGR_003(1.0),6955,15,2003,407131,
STATSNZ:AGR_AGR_003(1.0),7056,3,2003,117289,
STATSNZ:AGR_AGR_003(1.0),7068,6,2003,6042,
STATSNZ:AGR_AGR_003(1.0),7187,20,2003,3928140,
STATSNZ:AGR_AGR_003(1.0),7190,6,2003,38635,
STATSNZ:AGR_AGR_003(1.0),7193,11,2003,71206,
STATSNZ:AGR_AGR_003(1.0),7066,19,2004,124553,
STATSNZ:AGR_AGR_003(1.0),7074,5,2004,90610,
STATSNZ:AGR_AGR_003(1.0),7074,13,2004,19737,
STATSNZ:AGR_AGR_003(1.0),7185,19,2004,11388,
STATSNZ:AGR_AGR_003(1.0),7188,10,2004,127117,
STATSNZ:AGR_AGR_003(1.0),6731,8,2004,6263729,
STATSNZ:AGR_AGR_003(1.0),6731,15,2004,7499728,
STATSNZ:AGR_AGR_003(1.0),6731,16,2004,5901789,
STATSNZ:AGR_AGR_003(1.0),7685,6,2004,19326,
STATSNZ:AGR_AGR_003(1.0),7077,5,2005,300670,
STATSNZ:AGR_AGR_003(1.0),7065,1,2005,36279,
STATSNZ:AGR_AGR_003(1.0),7067,8,2005,73658,
STATSNZ:AGR_AGR_003(1.0),7072,6,2005,52101,
STATSNZ:AGR_AGR_003(1.0),6723,4,2005,30129,
STATSNZ:AGR_AGR_003(1.0),6702,7,2005,484472,
STATSNZ:AGR_AGR_003(1.0),6702,20,2005,31879910,
STATSNZ:AGR_AGR_003(1.0),7685,15,2005,43249,
STATSNZ:AGR_AGR_003(1.0),6949,19,2005,23009,
STATSNZ:AGR_AGR_003(1.0),6953,17,2005,2318,
STATSNZ:AGR_AGR_003(1.0),7077,14,2006,37097,
STATSNZ:AGR_AGR_003(1.0),7058,4,2006,3610,
STATSNZ:AGR_AGR_003(1.0),7072,7,2006,4623,
STATSNZ:AGR_AGR_003(1.0),7190,10,2006,2434989,
STATSNZ:AGR_AGR_003(1.0),6721,5,2006,1191001,
STATSNZ:AGR_AGR_003(1.0),6738,3,2006,214066,
STATSNZ:AGR_AGR_003(1.0),6951,1,2006,102,
STATSNZ:AGR_AGR_003(1.0),7066,4,2007,17582,
STATSNZ:AGR_AGR_003(1.0),7068,11,2007,1540,
STATSNZ:AGR_AGR_003(1.0),7073,16,2007,16982,
STATSNZ:AGR_AGR_003(1.0),7074,20,2007,1015139,
STATSNZ:AGR_AGR_003(1.0),7184,6,2007,11861,
STATSNZ:AGR_AGR_003(1.0),7184,14,2007,22436,
STATSNZ:AGR_AGR_003(1.0),6731,2,2007,287589,
STATSNZ:AGR_AGR_003(1.0),6731,9,2007,1822057,
STATSNZ:AGR_AGR_003(1.0),6721,9,2007,1217219,
STATSNZ:AGR_AGR_003(1.0),6721,17,2007,4271910,
STATSNZ:AGR_AGR_003(1.0),6703,12,2007,6641,
STATSNZ:AGR_AGR_003(1.0),7077,2,2008,143366,
STATSNZ:AGR_AGR_003(1.0),7057,19,2008,51394,
STATSNZ:AGR_AGR_003(1.0),7067,5,2008,29287,
STATSNZ:AGR_AGR_003(1.0),7067,13,2008,6396,
STATSNZ:AGR_AGR_003(1.0),7193,8,2008,425484,
STATSNZ:AGR_AGR_003(1.0),7193,10,2008,3757557,
STATSNZ:AGR_AGR_003(1.0),7185,15,2008,9495,
STATSNZ:AGR_AGR_003(1.0),6720,11,2008,3501,
STATSNZ:AGR_AGR_003(1.0),6727,16,2008,205647,
STATSNZ:AGR_AGR_003(1.0),6738,6,2008,492036,
STATSNZ:AGR_AGR_003(1.0),6702,4,2008,312830,
STATSNZ:AGR_AGR_003(1.0),7685,11,2008,1275,
STATSNZ:AGR_AGR_003(1.0),7696,20,2008,494163,
STATSNZ:AGR_AGR_003(1.0),6949,6,2008,653,
STATSNZ:AGR_AGR_003(1.0),6949,7,2008,1637,
STATSNZ:AGR_AGR_003(1.0),7058,1,2009,24011,
STATSNZ:AGR_AGR_003(1.0),6723,19,2009,818745,
STATSNZ:AGR_AGR_003(1.0),6738,8,2009,484150,
STATSNZ:AGR_AGR_003(1.0),6701,15,2009,73835,
STATSNZ:AGR_AGR_003(1.0),7688,11,2009,2449,
STATSNZ:AGR_AGR_003(1.0),7688,19,2009,162824,
STATSNZ:AGR_AGR_003(1.0),7056,9,2010,38014,
STATSNZ:AGR_AGR_003(1.0),7056,16,2010,97896,
STATSNZ:AGR_AGR_003(1.0),7058,16,2010,5568,
STATSNZ:AGR_AGR_003(1.0),7066,4,2010,11073,
STATSNZ:AGR_AGR_003(1.0),6722,10,2010,115186,
STATSNZ:AGR_AGR_003(1.0),6724,15,2010,848247,
STATSNZ:AGR_AGR_003(1.0),6701,3,2010,71479,
STATSNZ:AGR_AGR_003(1.0),7699,11,2010,15222,
STATSNZ:AGR_AGR_003(1.0),7699,19,2010,790812,
STATSNZ:AGR_AGR_003(1.0),6954,6,2010,6723,
STATSNZ:AGR_AGR_003(1.0),7067,20,2011,431021,
STATSNZ:AGR_AGR_003(1.0),7193,2,2011,129768,
STATSNZ:AGR_AGR_003(1.0),7187,17,2011,454542,
STATSNZ:AGR_AGR_003(1.0),6727,19,2011,339500,
STATSNZ:AGR_AGR_003(1.0),6738,10,2011,1701347,
STATSNZ:AGR_AGR_003(1.0),6703,17,2011,4059022,
STATSNZ:AGR_AGR_003(1.0),6949,1,2011,508,
STATSNZ:AGR_AGR_003(1.0),6949,10,2011,15101,
STATSNZ:AGR_AGR_003(1.0),6953,8,2011,27919,
STATSNZ:AGR_AGR_003(1.0),7057,9,2012,5107,
STATSNZ:AGR_AGR_003(1.0),7059,16,2012,19390,
STATSNZ:AGR_AGR_003(1.0),7066,7,2012,13322,
STATSNZ:AGR_AGR_003(1.0),7066,14,2012,2238,
STATSNZ:AGR_AGR_003(1.0),7074,9,2012,34114,
STATSNZ:AGR_AGR_003(1.0),7184,17,2012,105714,
STATSNZ:AGR_AGR_003(1.0),7185,10,2012,43403,
STATSNZ:AGR_AGR_003(1.0),7187,7,2012,492352,
STATSNZ:AGR_AGR_003(1.0),6731,12,2012,6466,
STATSNZ:AGR_AGR_003(1.0),6723,10,2012,1240934,
STATSNZ:AGR_AGR_003(1.0),6724,18,2012,7934,
STATSNZ:AGR_AGR_003(1.0),6727,7,2012,5401,
STATSNZ:AGR_AGR_003(1.0),7699,13,2012,,c
STATSNZ:AGR_AGR_003(1.0),7687,18,2012,0,
STATSNZ:AGR_AGR_003(1.0),7077,2,2013,115826,
STATSNZ:AGR_AGR_003(1.0),7057,17,2013,9599,
STATSNZ:AGR_AGR_003(1.0),7058,10,2013,108050,
STATSNZ:AGR_AGR_003(1.0),7065,5,2013,15436,
STATSNZ:AGR_AGR_003(1.0),7067,12,2013,38,
STATSNZ:AGR_AGR_003(1.0),7072,3,2013,47838,
STATSNZ:AGR_AGR_003(1.0),7188,13,2013,2655,
STATSNZ:AGR_AGR_003(1.0),6723,8,2013,343785,
STATSNZ:AGR_AGR_003(1.0),6727,16,2013,115944,
STATSNZ:AGR_AGR_003(1.0),6701,14,2013,2854,
STATSNZ:AGR_AGR_003(1.0),6702,4,2013,249497,
STATSNZ:AGR_AGR_003(1.0),7685,11,2013,1023,
STATSNZ:AGR_AGR_003(1.0),7688,9,2013,3908,
STATSNZ:AGR_AGR_003(1.0),7696,20,2013,398938,
STATSNZ:AGR_AGR_003(1.0),6949,6,2013,746,
STATSNZ:AGR_AGR_003(1.0),6949,14,2013,,s
STATSNZ:AGR_AGR_003(1.0),7059,5,2014,26207,
STATSNZ:AGR_AGR_003(1.0),7071,8,2014,14456,
STATSNZ:AGR_AGR_003(1.0),7071,10,2014,93415,
STATSNZ:AGR_AGR_003(1.0),7073,15,2014,19170,
STATSNZ:AGR_AGR_003(1.0),7185,3,2014,18789,
STATSNZ:AGR_AGR_003(1.0),7187,11,2014,51142,
STATSNZ:AGR_AGR_003(1.0),7190,18,2014,0,
STATSNZ:AGR_AGR_003(1.0),6721,16,2014,3693765,
STATSNZ:AGR_AGR_003(1.0),6722,6,2014,27920,
STATSNZ:AGR_AGR_003(1.0),6727,4,2014,670,
STATSNZ:AGR_AGR_003(1.0),6703,11,2014,177176,
STATSNZ:AGR_AGR_003(1.0),7685,20,2014,81106,
STATSNZ:AGR_AGR_003(1.0),7687,6,2014,23577,
STATSNZ:AGR_AGR_003(1.0),7687,7,2014,1803,
STATSNZ:AGR_AGR_003(1.0),7696,14,2014,13179,
STATSNZ:AGR_AGR_003(1.0),6953,2,2014,,c
STATSNZ:AGR_AGR_003(1.0),7810,9,2014,2384,
STATSNZ:AGR_AGR_003(1.0),7810,17,2014,2962,
STATSNZ:AGR_AGR_003(1.0),7057,3,2015,16291,
STATSNZ:AGR_AGR_003(1.0),7059,19,2015,87316,
STATSNZ:AGR_AGR_003(1.0),7074,3,2015,93102,
STATSNZ:AGR_AGR_003(1.0),7186,18,2015,0,
STATSNZ:AGR_AGR_003(1.0),7187,1,2015,299718,
STATSNZ:AGR_AGR_003(1.0),6731,6,2015,3028852,
STATSNZ:AGR_AGR_003(1.0),6727,1,2015,2512,
STATSNZ:AGR_AGR_003(1.0),7687,12,2015,0,
STATSNZ:AGR_AGR_003(1.0),6951,17,2015,10,
STATSNZ:AGR_AGR_003(1.0),7059,8,2016,46802,
STATSNZ:AGR_AGR_003(1.0),7065,15,2016,10133,
STATSNZ:AGR_AGR_003(1.0),7068,13,2016,1566,
STATSNZ:AGR_AGR_003(1.0),7074,1,2016,74671,
STATSNZ:AGR_AGR_003(1.0),7186,16,2016,3639,
STATSNZ:AGR_AGR_003(1.0),7187,20,2016,5202467,
STATSNZ:AGR_AGR_003(1.0),6731,4,2016,263380,
STATSNZ:AGR_AGR_003(1.0),6721,11,2016,161010,
STATSNZ:AGR_AGR_003(1.0),6727,20,2016,290242,
STATSNZ:AGR_AGR_003(1.0),6738,17,2016,100416,
STATSNZ:AGR_AGR_003(1.0),7696,17,2016,80745,
STATSNZ:AGR_AGR_003(1.0),6954,10,2016,99288,
STATSNZ:AGR_AGR_003(1.0),7056,4,2017,18924,
STATSNZ:AGR_AGR_003(1.0),7059,9,2017,11934,
STATSNZ:AGR_AGR_003(1.0),7066,10,2017,275056,
STATSNZ:AGR_AGR_003(1.0),7068,15,2017,9461,
STATSNZ:AGR_AGR_003(1.0),7184,19,2017,414650,
STATSNZ:AGR_AGR_003(1.0),6721,13,2017,259020,
STATSNZ:AGR_AGR_003(1.0),6724,11,2017,34214,
STATSNZ:AGR_AGR_003(1.0),6738,18,2017,10715,
STATSNZ:AGR_AGR_003(1.0),6701,20,2017,1169771,
STATSNZ:AGR_AGR_003(1.0),7699,6,2017,51713,
STATSNZ:AGR_AGR_003(1.0),7687,11,2017,5323,
STATSNZ:AGR_AGR_003(1.0),7696,18,2017,0,
STATSNZ:AGR_AGR_003(1.0),6954,1,2017,3053,
STATSNZ:AGR_AGR_003(1.0),6954,2,2017,10102,
STATSNZ:AGR_AGR_003(1.0),6951,9,2017,51,
STATSNZ:AGR_AGR_003(1.0),7066,1,2018,42917,
STATSNZ:AGR_AGR_003(1.0),7068,16,2018,8360,
STATSNZ:AGR_AGR_003(1.0),7071,6,2018,21421,
STATSNZ:AGR_AGR_003(1.0),7074,4,2018,17374,
STATSNZ:AGR_AGR_003(1.0),7184,11,2018,12540,
STATSNZ:AGR_AGR_003(1.0),7184,12,2018,,s
STATSNZ:AGR_AGR_003(1.0),7188,20,2018,393144,
STATSNZ:AGR_AGR_003(1.0),6731,7,2018,395142,
STATSNZ:AGR_AGR_003(1.0),6731,20,2018,27295749,
STATSNZ:AGR_AGR_003(1.0),6721,14,2018,,s
STATSNZ:AGR_AGR_003(1.0),6727,2,2018,,s
STATSNZ:AGR_AGR_003(1.0),6954,3,2018,25112,
STATSNZ:AGR_AGR_003(1.0),6951,18,2018,0,
STATSNZ:AGR_AGR_003(1.0),6951,19,2018,3628,
STATSNZ:AGR_AGR_003(1.0),7810,15,2018,6704,
STATSNZ:AGR_AGR_003(1.0),7077,14,2019,31361,
STATSNZ:AGR_AGR_003(1.0),7059,2,2019,13113,
STATSNZ:AGR_AGR_003(1.0),7065,9,2019,4680,
STATSNZ:AGR_AGR_003(1.0),7068,7,2019,,s
STATSNZ:AGR_AGR_003(1.0),7184,2,2019,14658,
STATSNZ:AGR_AGR_003(1.0),7186,19,2019,,s
STATSNZ:AGR_AGR_003(1.0),6721,5,2019,819427,
STATSNZ:AGR_AGR_003(1.0),6721,13,2019,285190,
STATSNZ:AGR_AGR_003(1.0),6703,10,2019,11529017,
STATSNZ:AGR_AGR_003(1.0),7686,6,2019,,s
STATSNZ:AGR_AGR_003(1.0),7696,11,2019,2210,
STATSNZ:AGR_AGR_003(1.0),6949,18,2019,0,
STATSNZ:AGR_AGR_003(1.0),6955,16,2019,18518,
STATSNZ:AGR_AGR_003(1.0),7056,8,2020,139866,
STATSNZ:AGR_AGR_003(1.0),7056,16,2020,99296,
STATSNZ:AGR_AGR_003(1.0),7066,11,2020,5740,
STATSNZ:AGR_AGR_003(1.0),7072,20,2020,256746,
STATSNZ:AGR_AGR_003(1.0),7187,12,2020,,s
STATSNZ:AGR_AGR_003(1.0),6722,7,2020,,s
STATSNZ:AGR_AGR_003(1.0),6724,14,2020,,s
STATSNZ:AGR_AGR_003(1.0),6701,2,2020,12817,
STATSNZ:AGR_AGR_003(1.0),6701,3,2020,108956,
STATSNZ:AGR_AGR_003(1.0),7699,17,2020,155404,
STATSNZ:AGR_AGR_003(1.0),7699,19,2020,581839,
STATSNZ:AGR_AGR_003(1.0),6954,5,2020,,s
STATSNZ:AGR_AGR_003(1.0),6953,3,2020,19489,
STATSNZ:AGR_AGR_003(1.0),7077,20,2021,3964811,
STATSNZ:AGR_AGR_003(1.0),7058,4,2021,,s
STATSNZ:AGR_AGR_003(1.0),7064,11,2021,6329,
STATSNZ:AGR_AGR_003(1.0),7071,17,2021,,s
STATSNZ:AGR_AGR_003(1.0),7185,12,2021,,s
STATSNZ:AGR_AGR_003(1.0),7190,10,2021,2696965,
STATSNZ:AGR_AGR_003(1.0),6720,15,2021,37232,
STATSNZ:AGR_AGR_003(1.0),6727,13,2021,22683,
STATSNZ:AGR_AGR_003(1.0),6701,18,2021,,s
STATSNZ:AGR_AGR_003(1.0),7688,13,2021,914,
STATSNZ:AGR_AGR_003(1.0),6953,18,2021,0,
STATSNZ:AGR_AGR_003(1.0),7077,8,2022,561337,
STATSNZ:AGR_AGR_003(1.0),7057,15,2022,28323,
STATSNZ:AGR_AGR_003(1.0),7064,13,2022,8151,
STATSNZ:AGR_AGR_003(1.0),7065,3,2022,48979,
STATSNZ:AGR_AGR_003(1.0),7068,1,2022,5924,
STATSNZ:AGR_AGR_003(1.0),7072,8,2022,31779,
STATSNZ:AGR_AGR_003(1.0),7074,16,2022,97277,
STATSNZ:AGR_AGR_003(1.0),7186,3,2022,16840,
STATSNZ:AGR_AGR_003(1.0),7186,4,2022,2694,
STATSNZ:AGR_AGR_003(1.0),7188,11,2022,3607,
STATSNZ:AGR_AGR_003(1.0),6721,20,2022,15370992,
STATSNZ:AGR_AGR_003(1.0),6723,6,2022,230919,
STATSNZ:AGR_AGR_003(1.0),6723,14,2022,4467,
STATSNZ:AGR_AGR_003(1.0),7685,17,2022,16154,
STATSNZ:AGR_AGR_003(1.0),6949,12,2022,0,
STATSNZ:AGR_AGR_003(1.0),6955,19,2022,445832,
STATSNZ:AGR_AGR_003(1.0),7056,2,2023,18507,
STATSNZ:AGR_AGR_003(1.0),7056,9,2023,33488,
STATSNZ:AGR_AGR_003(1.0),7056,19,2023,301367,
STATSNZ:AGR_AGR_003(1.0),7058,17,2023,,s
STATSNZ:AGR_AGR_003(1.0),7066,5,2023,19132,
STATSNZ:AGR_AGR_003(1.0),7068,12,2023,,s
STATSNZ:AGR_AGR_003(1.0),7074,10,2023,584630,
STATSNZ:AGR_AGR_003(1.0),7190,13,2023,13476,
STATSNZ:AGR_AGR_003(1.0),6722,1,2023,2920,
STATSNZ:AGR_AGR_003(1.0),6724,8,2023,634566,
STATSNZ:AGR_AGR_003(1.0),6724,16,2023,621775,
STATSNZ:AGR_AGR_003(1.0),6703,13,2023,281296,
STATSNZ:AGR_AGR_003(1.0),7699,4,2023,19031,
STATSNZ:AGR_AGR_003(1.0),7699,11,2023,,s
STATSNZ:AGR_AGR_003(1.0),7686,11,2023,,s
STATSNZ:AGR_AGR_003(1.0),6954,20,2023,249796,
STATSNZ:AGR_AGR_003(1.0),6951,14,2023,0,
STATSNZ:AGR_AGR_003(1.0),7058,2,2024,,s
STATSNZ:AGR_AGR_003(1.0),7064,19,2024,181074,
STATSNZ:AGR_AGR_003(1.0),7066,17,2024,17020,
STATSNZ:AGR_AGR_003(1.0),7072,5,2024,10567,
STATSNZ:AGR_AGR_003(1.0),6727,18,2024,,s
STATSNZ:AGR_AGR_003(1.0),6738,1,2024,,s
STATSNZ:AGR_AGR_003(1.0),6701,8,2024,242305,
STATSNZ:AGR_AGR_003(1.0),6701,16,2024,150341,
STATSNZ:AGR_AGR_003(1.0),7685,13,2024,764,
STATSNZ:AGR_AGR_003(1.0),7688,11,2024,1852,
STATSNZ:AGR_AGR_003(1.0),7696,1,2024,495,
STATSNZ:AGR_AGR_003(1.0),6955,20,2024,571066,
STATSNZ:AGR_AGR_003(1.0),6703,3,1994,2465576,
STATSNZ:AGR_AGR_003(1.0),6738,19,1994,1155704,
STATSNZ:AGR_AGR_003(1.0),6703,1,1994,525604,
STATSNZ:AGR_AGR_003(1.0),7685,17,1994,32838,
STATSNZ:AGR_AGR_003(1.0),7193,6,1994,31707,
STATSNZ:AGR_AGR_003(1.0),7074,13,1994,19273,
STATSNZ:AGR_AGR_003(1.0),7699,7,1994,19024,
STATSNZ:AGR_AGR_003(1.0),7186,19,1994,1903,
STATSNZ:AGR_AGR_003(1.0),7186,12,1994,19,
STATSNZ:AGR_AGR_003(1.0),6702,9,2002,1335336,
STATSNZ:AGR_AGR_003(1.0),7077,7,2002,127218,
STATSNZ:AGR_AGR_003(1.0),7066,19,2002,113017,
STATSNZ:AGR_AGR_003(1.0),7687,8,2002,77724,
STATSNZ:AGR_AGR_003(1.0),7687,6,2002,59986,
STATSNZ:AGR_AGR_003(1.0),7190,11,2002,43919,
STATSNZ:AGR_AGR_003(1.0),7699,2,2002,20259,
STATSNZ:AGR_AGR_003(1.0),7188,1,2002,20180,
STATSNZ:AGR_AGR_003(1.0),7059,4,2002,9844,
STATSNZ:AGR_AGR_003(1.0),7064,14,2002,5930,
STATSNZ:AGR_AGR_003(1.0),7185,14,2002,1672,
STATSNZ:AGR_AGR_003(1.0),6703,4,2003,311499,
STATSNZ:AGR_AGR_003(1.0),6720,20,2003,420945,
STATSNZ:AGR_AGR_003(1.0),6724,13,2003,104551,
STATSNZ:AGR_AGR_003(1.0),6724,15,2003,1112967,
STATSNZ:AGR_AGR_003(1.0),6953,19,2003,181278,
STATSNZ:AGR_AGR_003(1.0),6954,4,2003,11051,
STATSNZ:AGR_AGR_003(1.0),6954,6,2003,6414,
STATSNZ:AGR_AGR_003(1.0),7057,14,2003,1306,
STATSNZ:AGR_AGR_003(1.0),7066,4,2003,15562,
STATSNZ:AGR_AGR_003(1.0),7072,1,2003,46943,
STATSNZ:AGR_AGR_003(1.0),7193,5,2003,6969,
STATSNZ:AGR_AGR_003(1.0),7193,7,2003,623459,
STATSNZ:AGR_AGR_003(1.0),7685,16,2003,11379,
STATSNZ:AGR_AGR_003(1.0),7056,17,2004,61497,
STATSNZ:AGR_AGR_003(1.0),7065,5,2004,15666,
STATSNZ:AGR_AGR_003(1.0),7074,8,2004,148598,
STATSNZ:AGR_AGR_003(1.0),7074,19,2004,313255,
STATSNZ:AGR_AGR_003(1.0),6723,1,2004,30522,
STATSNZ:AGR_AGR_003(1.0),6723,16,2004,310732,
STATSNZ:AGR_AGR_003(1.0),6723,20,2004,2662492,
STATSNZ:AGR_AGR_003(1.0),6703,15,2004,5701971,
STATSNZ:AGR_AGR_003(1.0),6953,6,2004,5216,
STATSNZ:AGR_AGR_003(1.0),7059,20,2005,366756,
STATSNZ:AGR_AGR_003(1.0),7067,11,2005,5713,
STATSNZ:AGR_AGR_003(1.0),7072,10,2005,264108,
STATSNZ:AGR_AGR_003(1.0),6721,8,2005,4532296,
STATSNZ:AGR_AGR_003(1.0),6721,19,2005,14080804,
STATSNZ:AGR_AGR_003(1.0),6724,14,2005,6472,
STATSNZ:AGR_AGR_003(1.0),7687,20,2005,821158,
STATSNZ:AGR_AGR_003(1.0),7057,8,2006,24170,
STATSNZ:AGR_AGR_003(1.0),7057,19,2006,62384,
STATSNZ:AGR_AGR_003(1.0),7193,1,2006,378152,
STATSNZ:AGR_AGR_003(1.0),7193,16,2006,180734,
STATSNZ:AGR_AGR_003(1.0),7193,20,2006,5169557,
STATSNZ:AGR_AGR_003(1.0),7187,15,2006,505446,
STATSNZ:AGR_AGR_003(1.0),6724,7,2006,92928,
STATSNZ:AGR_AGR_003(1.0),6724,9,2006,279105,
STATSNZ:AGR_AGR_003(1.0),6703,13,2006,481451,
STATSNZ:AGR_AGR_003(1.0),6701,6,2006,142916,
STATSNZ:AGR_AGR_003(1.0),7685,19,2006,82789,
STATSNZ:AGR_AGR_003(1.0),6953,4,2006,6252,
STATSNZ:AGR_AGR_003(1.0),7056,11,2007,12132,
STATSNZ:AGR_AGR_003(1.0),7065,20,2007,279570,
STATSNZ:AGR_AGR_003(1.0),7074,2,2007,23668,
STATSNZ:AGR_AGR_003(1.0),7185,8,2007,5408,
STATSNZ:AGR_AGR_003(1.0),7186,1,2007,2027,
STATSNZ:AGR_AGR_003(1.0),6723,19,2007,1276552,
STATSNZ:AGR_AGR_003(1.0),6738,20,2007,3120429,
STATSNZ:AGR_AGR_003(1.0),6703,9,2007,1575160,
STATSNZ:AGR_AGR_003(1.0),6953,10,2007,118229,
STATSNZ:AGR_AGR_003(1.0),7077,14,2008,34713,
STATSNZ:AGR_AGR_003(1.0),7059,11,2008,5049,
STATSNZ:AGR_AGR_003(1.0),7068,1,2008,5639,
STATSNZ:AGR_AGR_003(1.0),7073,5,2008,17979,
STATSNZ:AGR_AGR_003(1.0),7074,15,2008,136467,
STATSNZ:AGR_AGR_003(1.0),7185,2,2008,983,
STATSNZ:AGR_AGR_003(1.0),7185,4,2008,2853,
STATSNZ:AGR_AGR_003(1.0),6702,1,2008,356330,
STATSNZ:AGR_AGR_003(1.0),6702,16,2008,4738716,
STATSNZ:AGR_AGR_003(1.0),6702,20,2008,29927601,
STATSNZ:AGR_AGR_003(1.0),7699,9,2008,16871,
STATSNZ:AGR_AGR_003(1.0),7687,15,2008,158096,
STATSNZ:AGR_AGR_003(1.0),6951,3,2008,528,
STATSNZ:AGR_AGR_003(1.0),7058,15,2009,18996,
STATSNZ:AGR_AGR_003(1.0),7059,6,2009,37135,
STATSNZ:AGR_AGR_003(1.0),7187,19,2009,1614887,
STATSNZ:AGR_AGR_003(1.0),7188,3,2009,107763,
STATSNZ:AGR_AGR_003(1.0),6721,17,2009,3544257,
STATSNZ:AGR_AGR_003(1.0),7686,10,2009,79541,
STATSNZ:AGR_AGR_003(1.0),7064,2,2010,25160,
STATSNZ:AGR_AGR_003(1.0),7067,6,2010,38519,
STATSNZ:AGR_AGR_003(1.0),7068,20,2010,70383,
STATSNZ:AGR_AGR_003(1.0),7073,3,2010,45963,
STATSNZ:AGR_AGR_003(1.0),6731,7,2010,583467,
STATSNZ:AGR_AGR_003(1.0),6722,11,2010,3112,
STATSNZ:AGR_AGR_003(1.0),6738,19,2010,1217469,
STATSNZ:AGR_AGR_003(1.0),6702,14,2010,39067,
STATSNZ:AGR_AGR_003(1.0),6702,16,2010,4651937,
STATSNZ:AGR_AGR_003(1.0),7688,4,2010,9504,
STATSNZ:AGR_AGR_003(1.0),6951,16,2010,140,
STATSNZ:AGR_AGR_003(1.0),7810,5,2010,1644,
STATSNZ:AGR_AGR_003(1.0),7077,8,2011,593632,
STATSNZ:AGR_AGR_003(1.0),7056,1,2011,75624,
STATSNZ:AGR_AGR_003(1.0),7056,18,2011,4916,
STATSNZ:AGR_AGR_003(1.0),7059,5,2011,23490,
STATSNZ:AGR_AGR_003(1.0),7059,7,2011,9431,
STATSNZ:AGR_AGR_003(1.0),7185,13,2011,499,
STATSNZ:AGR_AGR_003(1.0),7188,2,2011,6384,
STATSNZ:AGR_AGR_003(1.0),6721,16,2011,3636461,
STATSNZ:AGR_AGR_003(1.0),6721,18,2011,35451,
STATSNZ:AGR_AGR_003(1.0),6738,6,2011,611894,
STATSNZ:AGR_AGR_003(1.0),6702,19,2011,12498329,
STATSNZ:AGR_AGR_003(1.0),7687,7,2011,2323,
STATSNZ:AGR_AGR_003(1.0),7810,1,2011,2718,
STATSNZ:AGR_AGR_003(1.0),7057,13,2012,2932,
STATSNZ:AGR_AGR_003(1.0),7057,15,2012,19515,
STATSNZ:AGR_AGR_003(1.0),7058,6,2012,18674,
STATSNZ:AGR_AGR_003(1.0),7193,4,2012,312326,
STATSNZ:AGR_AGR_003(1.0),7193,6,2012,93047,
STATSNZ:AGR_AGR_003(1.0),7186,19,2012,12231,
STATSNZ:AGR_AGR_003(1.0),7187,3,2012,1482057,
STATSNZ:AGR_AGR_003(1.0),6720,17,2012,39261,
STATSNZ:AGR_AGR_003(1.0),6703,1,2012,340156,
STATSNZ:AGR_AGR_003(1.0),6701,11,2012,11512,
STATSNZ:AGR_AGR_003(1.0),7685,10,2012,32419,
STATSNZ:AGR_AGR_003(1.0),7685,15,2012,30258,
STATSNZ:AGR_AGR_003(1.0),7686,8,2012,15005,
STATSNZ:AGR_AGR_003(1.0),7696,12,2012,0,
STATSNZ:AGR_AGR_003(1.0),7696,14,2012,12613,
STATSNZ:AGR_AGR_003(1.0),6955,2,2012,,c
STATSNZ:AGR_AGR_003(1.0),7077,5,2013,260456,
STATSNZ:AGR_AGR_003(1.0),7073,13,2013,,s
STATSNZ:AGR_AGR_003(1.0),7074,6,2013,91650,
STATSNZ:AGR_AGR_003(1.0),7184,2,2013,20498,
STATSNZ:AGR_AGR_003(1.0),7185,12,2013,,c
STATSNZ:AGR_AGR_003(1.0),6722,4,2013,,s
STATSNZ:AGR_AGR_003(1.0),6738,3,2013,206850,
STATSNZ:AGR_AGR_003(1.0),7699,17,2013,221388,
STATSNZ:AGR_AGR_003(1.0),7687,6,2013,29617,
STATSNZ:AGR_AGR_003(1.0),7810,10,2013,38412,
STATSNZ:AGR_AGR_003(1.0),7077,2,2014,119267,
STATSNZ:AGR_AGR_003(1.0),7056,12,2014,441,
STATSNZ:AGR_AGR_003(1.0),7059,1,2014,32873,
STATSNZ:AGR_AGR_003(1.0),7059,16,2014,22281,
STATSNZ:AGR_AGR_003(1.0),7059,18,2014,472,
STATSNZ:AGR_AGR_003(1.0),7059,20,2014,319243,
STATSNZ:AGR_AGR_003(1.0),7067,15,2014,55926,
STATSNZ:AGR_AGR_003(1.0),7185,7,2014,4353,
STATSNZ:AGR_AGR_003(1.0),7185,9,2014,1818,
STATSNZ:AGR_AGR_003(1.0),7188,13,2014,,c
STATSNZ:AGR_AGR_003(1.0),6721,19,2014,10537537,
STATSNZ:AGR_AGR_003(1.0),6738,10,2014,1630881,
STATSNZ:AGR_AGR_003(1.0),6702,4,2014,220722,
STATSNZ:AGR_AGR_003(1.0),7687,1,2014,1132,
STATSNZ:AGR_AGR_003(1.0),7687,18,2014,0,
STATSNZ:AGR_AGR_003(1.0),6954,7,2014,16486,
STATSNZ:AGR_AGR_003(1.0),6949,17,2014,,c
STATSNZ:AGR_AGR_003(1.0),7057,7,2015,3343,
STATSNZ:AGR_AGR_003(1.0),7058,10,2015,94239,
STATSNZ:AGR_AGR_003(1.0),7064,13,2015,8239,
STATSNZ:AGR_AGR_003(1.0),7065,4,2015,6346,
STATSNZ:AGR_AGR_003(1.0),7065,6,2015,25269,
STATSNZ:AGR_AGR_003(1.0),7186,4,2015,989,
STATSNZ:AGR_AGR_003(1.0),7187,14,2015,141234,
STATSNZ:AGR_AGR_003(1.0),6731,18,2015,73763,
STATSNZ:AGR_AGR_003(1.0),6720,11,2015,3765,
STATSNZ:AGR_AGR_003(1.0),6723,15,2015,248862,
STATSNZ:AGR_AGR_003(1.0),6723,17,2015,275997,
STATSNZ:AGR_AGR_003(1.0),6701,5,2015,70422,
STATSNZ:AGR_AGR_003(1.0),7696,6,2015,26751,
STATSNZ:AGR_AGR_003(1.0),7696,8,2015,27227,
STATSNZ:AGR_AGR_003(1.0),6951,12,2015,0,
STATSNZ:AGR_AGR_003(1.0),7057,5,2016,8834,
STATSNZ:AGR_AGR_003(1.0),7064,11,2016,4896,
STATSNZ:AGR_AGR_003(1.0),7065,2,2016,10169,
STATSNZ:AGR_AGR_003(1.0),7065,4,2016,6964,
STATSNZ:AGR_AGR_003(1.0),7071,18,2016,0,
STATSNZ:AGR_AGR_003(1.0),7186,2,2016,1242,
STATSNZ:AGR_AGR_003(1.0),7187,12,2016,,c
STATSNZ:AGR_AGR_003(1.0),6731,20,2016,27583673,
STATSNZ:AGR_AGR_003(1.0),6720,9,2016,12620,
STATSNZ:AGR_AGR_003(1.0),6723,13,2016,8740,
STATSNZ:AGR_AGR_003(1.0),6723,15,2016,267541,
STATSNZ:AGR_AGR_003(1.0),6701,3,2016,67221,
STATSNZ:AGR_AGR_003(1.0),7685,7,2016,,s
STATSNZ:AGR_AGR_003(1.0),7696,4,2016,12424,
STATSNZ:AGR_AGR_003(1.0),7696,6,2016,19562,
STATSNZ:AGR_AGR_003(1.0),6951,12,2016,0,
STATSNZ:AGR_AGR_003(1.0),6951,19,2016,2395,
STATSNZ:AGR_AGR_003(1.0),7066,11,2017,5229,
STATSNZ:AGR_AGR_003(1.0),7066,13,2017,4365,
STATSNZ:AGR_AGR_003(1.0),7071,2,2017,1414,
STATSNZ:AGR_AGR_003(1.0),7071,10,2017,82165,
STATSNZ:AGR_AGR_003(1.0),7071,17,2017,1501,
STATSNZ:AGR_AGR_003(1.0),7193,14,2017,156204,
STATSNZ:AGR_AGR_003(1.0),7193,16,2017,333850,
STATSNZ:AGR_AGR_003(1.0),7188,4,2017,17652,
STATSNZ:AGR_AGR_003(1.0),6720,8,2017,48863,
STATSNZ:AGR_AGR_003(1.0),6724,5,2017,218279,
STATSNZ:AGR_AGR_003(1.0),6724,7,2017,78398,
STATSNZ:AGR_AGR_003(1.0),6703,11,2017,227079,
STATSNZ:AGR_AGR_003(1.0),7686,20,2017,178774,
STATSNZ:AGR_AGR_003(1.0),6953,2,2017,8980,
STATSNZ:AGR_AGR_003(1.0),6955,12,2017,0,
STATSNZ:AGR_AGR_003(1.0),7077,11,2018,31913,
STATSNZ:AGR_AGR_003(1.0),7058,15,2018,14850,
STATSNZ:AGR_AGR_003(1.0),7072,9,2018,12244,
STATSNZ:AGR_AGR_003(1.0),7073,2,2018,,s
STATSNZ:AGR_AGR_003(1.0),7185,16,2018,,s
STATSNZ:AGR_AGR_003(1.0),6721,10,2018,8352625,
STATSNZ:AGR_AGR_003(1.0),6727,20,2018,245697,
STATSNZ:AGR_AGR_003(1.0),6702,13,2018,308011,
STATSNZ:AGR_AGR_003(1.0),7686,2,2018,2316,
STATSNZ:AGR_AGR_003(1.0),7686,17,2018,42577,
STATSNZ:AGR_AGR_003(1.0),6955,11,2018,,s
STATSNZ:AGR_AGR_003(1.0),7810,4,2018,982,
STATSNZ:AGR_AGR_003(1.0),7058,9,2019,5142,
STATSNZ:AGR_AGR_003(1.0),7065,15,2019,16781,
STATSNZ:AGR_AGR_003(1.0),7071,12,2019,,s
STATSNZ:AGR_AGR_003(1.0),7074,16,2019,96476,
STATSNZ:AGR_AGR_003(1.0),7074,18,2019,,s
STATSNZ:AGR_AGR_003(1.0),7187,6,2019,53041,
STATSNZ:AGR_AGR_003(1.0),6731,19,2019,13654970,
STATSNZ:AGR_AGR_003(1.0),6723,7,2019,35673,
STATSNZ:AGR_AGR_003(1.0),6723,9,2019,130501,
STATSNZ:AGR_AGR_003(1.0),7685,1,2019,,s
STATSNZ:AGR_AGR_003(1.0),7696,10,2019,86397,
STATSNZ:AGR_AGR_003(1.0),7696,15,2019,86471,
STATSNZ:AGR_AGR_003(1.0),7696,17,2019,68026,
STATSNZ:AGR_AGR_003(1.0),6951,4,2019,3,
STATSNZ:AGR_AGR_003(1.0),7058,9,2020,5830,
STATSNZ:AGR_AGR_003(1.0),7059,2,2020,,s
STATSNZ:AGR_AGR_003(1.0),7066,8,2020,67979,
STATSNZ:AGR_AGR_003(1.0),7193,11,2020,59397,
STATSNZ:AGR_AGR_003(1.0),7188,20,2020,359786,
STATSNZ:AGR_AGR_003(1.0),6720,3,2020,15443,
STATSNZ:AGR_AGR_003(1.0),6720,5,2020,14646,
STATSNZ:AGR_AGR_003(1.0),6721,13,2020,313864,
STATSNZ:AGR_AGR_003(1.0),6724,2,2020,,s
STATSNZ:AGR_AGR_003(1.0),6724,17,2020,496603,
STATSNZ:AGR_AGR_003(1.0),6954,8,2020,12610,
STATSNZ:AGR_AGR_003(1.0),6954,19,2020,157673,
STATSNZ:AGR_AGR_003(1.0),6953,14,2020,76,
STATSNZ:AGR_AGR_003(1.0),6953,16,2020,6252,
STATSNZ:AGR_AGR_003(1.0),7077,4,2021,,s
STATSNZ:AGR_AGR_003(1.0),7058,8,2021,,s
STATSNZ:AGR_AGR_003(1.0),7058,19,2021,41137,
STATSNZ:AGR_AGR_003(1.0),7071,11,2021,687,
STATSNZ:AGR_AGR_003(1.0),7184,1,2021,42420,
STATSNZ:AGR_AGR_003(1.0),7184,20,2021,851988,
STATSNZ:AGR_AGR_003(1.0),7187,5,2021,7110,
STATSNZ:AGR_AGR_003(1.0),6720,2,2021,,s
STATSNZ:AGR_AGR_003(1.0),6721,12,2021,312,
STATSNZ:AGR_AGR_003(1.0),7686,12,2021,0,
STATSNZ:AGR_AGR_003(1.0),7686,19,2021,132294,
STATSNZ:AGR_AGR_003(1.0),7687,3,2021,26607,
STATSNZ:AGR_AGR_003(1.0),7696,16,2021,47285,
STATSNZ:AGR_AGR_003(1.0),6954,9,2021,9153,
STATSNZ:AGR_AGR_003(1.0),7065,7,2022,12972,
STATSNZ:AGR_AGR_003(1.0),7065,9,2022,9486,
STATSNZ:AGR_AGR_003(1.0),7068,13,2022,1060,
STATSNZ:AGR_AGR_003(1.0),7071,6,2022,21404,
STATSNZ:AGR_AGR_003(1.0),7074,12,2022,,s
STATSNZ:AGR_AGR_003(1.0),7074,19,2022,345721,
STATSNZ:AGR_AGR_003(1.0),7187,10,2022,2700287,
STATSNZ:AGR_AGR_003(1.0),6731,4,2022,208760,
STATSNZ:AGR_AGR_003(1.0),6723,1,2022,21147,
STATSNZ:AGR_AGR_003(1.0),6723,18,2022,1858,
STATSNZ:AGR_AGR_003(1.0),6738,7,2022,48036,
STATSNZ:AGR_AGR_003(1.0),6703,17,2022,3332672,
STATSNZ:AGR_AGR_003(1.0),7696,11,2022,3429,
STATSNZ:AGR_AGR_003(1.0),6951,15,2022,4479,
STATSNZ:AGR_AGR_003(1.0),6953,8,2022,12633,
STATSNZ:AGR_AGR_003(1.0),7057,14,2023,,s
STATSNZ:AGR_AGR_003(1.0),7066,2,2023,,s
STATSNZ:AGR_AGR_003(1.0),7066,10,2023,294071,
STATSNZ:AGR_AGR_003(1.0),7072,14,2023,,s
STATSNZ:AGR_AGR_003(1.0),7072,16,2023,,s
STATSNZ:AGR_AGR_003(1.0),7193,5,2023,,s
STATSNZ:AGR_AGR_003(1.0),6720,20,2023,221790,
STATSNZ:AGR_AGR_003(1.0),6724,11,2023,38197,
STATSNZ:AGR_AGR_003(1.0),6724,13,2023,,s
STATSNZ:AGR_AGR_003(1.0),6703,10,2023,10319637,
STATSNZ:AGR_AGR_003(1.0),6703,17,2023,3104066,
STATSNZ:AGR_AGR_003(1.0),6701,19,2023,563995,
STATSNZ:AGR_AGR_003(1.0),6954,2,2023,10456,
STATSNZ:AGR_AGR_003(1.0),6954,4,2023,,s
STATSNZ:AGR_AGR_003(1.0),6953,8,2023,11744,
STATSNZ:AGR_AGR_003(1.0),6953,19,2023,142613,
STATSNZ:AGR_AGR_003(1.0),6955,1,2023,7728,
STATSNZ:AGR_AGR_003(1.0),7058,20,2024,150085,
STATSNZ:AGR_AGR_003(1.0),7066,11,2024,4184,
STATSNZ:AGR_AGR_003(1.0),7066,13,2024,3065,
STATSNZ:AGR_AGR_003(1.0),7071,2,2024,,s
STATSNZ:AGR_AGR_003(1.0),7071,17,2024,1577,
STATSNZ:AGR_AGR_003(1.0),7187,11,2024,46942,
STATSNZ:AGR_AGR_003(1.0),7188,4,2024,,s
STATSNZ:AGR_AGR_003(1.0),6720,8,2024,41848,
STATSNZ:AGR_AGR_003(1.0),6720,19,2024,112089,
STATSNZ:AGR_AGR_003(1.0),7686,1,2024,455,
STATSNZ:AGR_AGR_003(1.0),7686,16,2024,24406,
STATSNZ:AGR_AGR_003(1.0),7686,20,2024,151806,
STATSNZ:AGR_AGR_003(1.0),7696,5,2024,2277,
STATSNZ:AGR_AGR_003(1.0),7696,7,2024,702,
STATSNZ:AGR_AGR_003(1.0),6703,5,1994,1372364,
STATSNZ:AGR_AGR_003(1.0),7193,19,1994,561446,
STATSNZ:AGR_AGR_003(1.0),6738,8,1994,510867,
STATSNZ:AGR_AGR_003(1.0),7187,7,1994,472608,
STATSNZ:AGR_AGR_003(1.0),6724,1,1994,131728,
STATSNZ:AGR_AGR_003(1.0),7185,10,1994,26678,
STATSNZ:AGR_AGR_003(1.0),7810,5,1994,3612,
STATSNZ:AGR_AGR_003(1.0),7185,17,1994,787,
STATSNZ:AGR_AGR_003(1.0),7186,14,1994,132,
STATSNZ:AGR_AGR_003(1.0),6731,6,2002,3788684,
STATSNZ:AGR_AGR_003(1.0),6702,7,2002,489639,
STATSNZ:AGR_AGR_003(1.0),7077,5,2002,309823,
STATSNZ:AGR_AGR_003(1.0),7188,20,2002,221538,
STATSNZ:AGR_AGR_003(1.0),7699,4,2002,73027,
STATSNZ:AGR_AGR_003(1.0),7185,20,2002,54027,
STATSNZ:AGR_AGR_003(1.0),7064,16,2002,40111,
STATSNZ:AGR_AGR_003(1.0),7184,2,2002,31533,
STATSNZ:AGR_AGR_003(1.0),6720,3,2002,31091,
STATSNZ:AGR_AGR_003(1.0),7056,2,2002,27849,
STATSNZ:AGR_AGR_003(1.0),7190,13,2002,19191,
STATSNZ:AGR_AGR_003(1.0),7058,9,2002,7173,
STATSNZ:AGR_AGR_003(1.0),7686,11,2002,6734,
STATSNZ:AGR_AGR_003(1.0),7188,16,2002,6523,
STATSNZ:AGR_AGR_003(1.0),7186,9,2002,1014,
STATSNZ:AGR_AGR_003(1.0),6703,10,2003,15039867,
STATSNZ:AGR_AGR_003(1.0),6723,3,2003,191826,
STATSNZ:AGR_AGR_003(1.0),6727,19,2003,686063,
STATSNZ:AGR_AGR_003(1.0),6738,7,2003,47933,
STATSNZ:AGR_AGR_003(1.0),6949,20,2003,43109,
STATSNZ:AGR_AGR_003(1.0),6955,7,2003,31501,
STATSNZ:AGR_AGR_003(1.0),7059,10,2003,278831,
STATSNZ:AGR_AGR_003(1.0),7184,2,2003,31139,
STATSNZ:AGR_AGR_003(1.0),7185,20,2003,43707,
STATSNZ:AGR_AGR_003(1.0),7057,14,2004,1402,
STATSNZ:AGR_AGR_003(1.0),6724,11,2004,39529,
STATSNZ:AGR_AGR_003(1.0),6954,2,2004,11094,
STATSNZ:AGR_AGR_003(1.0),7810,10,2004,53657,
STATSNZ:AGR_AGR_003(1.0),7057,5,2005,9864,
STATSNZ:AGR_AGR_003(1.0),7066,16,2005,26107,
STATSNZ:AGR_AGR_003(1.0),7068,6,2005,4884,
STATSNZ:AGR_AGR_003(1.0),7073,14,2005,2119,
STATSNZ:AGR_AGR_003(1.0),6722,5,2005,15010,
STATSNZ:AGR_AGR_003(1.0),6724,12,2005,1535,
STATSNZ:AGR_AGR_003(1.0),7688,11,2005,6873,
STATSNZ:AGR_AGR_003(1.0),6955,15,2005,425658,
STATSNZ:AGR_AGR_003(1.0),7077,16,2006,278269,
STATSNZ:AGR_AGR_003(1.0),7056,13,2006,25406,
STATSNZ:AGR_AGR_003(1.0),7065,1,2006,33725,
STATSNZ:AGR_AGR_003(1.0),7185,19,2006,11204,
STATSNZ:AGR_AGR_003(1.0),6738,1,2006,61098,
STATSNZ:AGR_AGR_003(1.0),6703,11,2006,275130,
STATSNZ:AGR_AGR_003(1.0),6701,8,2006,303535,
STATSNZ:AGR_AGR_003(1.0),7699,15,2006,465055,
STATSNZ:AGR_AGR_003(1.0),6955,1,2006,9293,
STATSNZ:AGR_AGR_003(1.0),7057,8,2007,25393,
STATSNZ:AGR_AGR_003(1.0),7193,16,2007,218264,
STATSNZ:AGR_AGR_003(1.0),7193,20,2007,5260850,
STATSNZ:AGR_AGR_003(1.0),7184,13,2007,2975,
STATSNZ:AGR_AGR_003(1.0),7186,3,2007,3662,
STATSNZ:AGR_AGR_003(1.0),6731,17,2007,5662387,
STATSNZ:AGR_AGR_003(1.0),6724,5,2007,301949,
STATSNZ:AGR_AGR_003(1.0),7687,17,2007,157623,
STATSNZ:AGR_AGR_003(1.0),7077,19,2008,1170750,
STATSNZ:AGR_AGR_003(1.0),7058,1,2008,20192,
STATSNZ:AGR_AGR_003(1.0),7074,10,2008,644137,
STATSNZ:AGR_AGR_003(1.0),7074,17,2008,53823,
STATSNZ:AGR_AGR_003(1.0),7184,7,2008,72949,
STATSNZ:AGR_AGR_003(1.0),6701,6,2008,88932,
STATSNZ:AGR_AGR_003(1.0),7688,19,2008,180929,
STATSNZ:AGR_AGR_003(1.0),7059,19,2009,102774,
STATSNZ:AGR_AGR_003(1.0),7065,10,2009,251455,
STATSNZ:AGR_AGR_003(1.0),7067,7,2009,11835,
STATSNZ:AGR_AGR_003(1.0),7185,16,2009,2653,
STATSNZ:AGR_AGR_003(1.0),7187,6,2009,64466,
STATSNZ:AGR_AGR_003(1.0),6723,11,2009,25006,
STATSNZ:AGR_AGR_003(1.0),6949,9,2009,1946,
STATSNZ:AGR_AGR_003(1.0),6953,16,2009,13391,
STATSNZ:AGR_AGR_003(1.0),7056,1,2010,91420,
STATSNZ:AGR_AGR_003(1.0),7065,12,2010,99,
STATSNZ:AGR_AGR_003(1.0),7067,2,2010,15437,
STATSNZ:AGR_AGR_003(1.0),7072,19,2010,39474,
STATSNZ:AGR_AGR_003(1.0),6721,1,2010,269043,
STATSNZ:AGR_AGR_003(1.0),6723,8,2010,418665,
STATSNZ:AGR_AGR_003(1.0),6727,15,2010,140639,
STATSNZ:AGR_AGR_003(1.0),7687,7,2010,1851,
STATSNZ:AGR_AGR_003(1.0),7077,4,2011,83793,
STATSNZ:AGR_AGR_003(1.0),7064,2,2011,15314,
STATSNZ:AGR_AGR_003(1.0),7074,11,2011,11996,
STATSNZ:AGR_AGR_003(1.0),7193,4,2011,331536,
STATSNZ:AGR_AGR_003(1.0),7184,1,2011,52071,
STATSNZ:AGR_AGR_003(1.0),7187,9,2011,84559,
STATSNZ:AGR_AGR_003(1.0),6701,10,2011,497101,
STATSNZ:AGR_AGR_003(1.0),7699,7,2011,5389,
STATSNZ:AGR_AGR_003(1.0),7688,4,2011,8013,
STATSNZ:AGR_AGR_003(1.0),6954,11,2011,547,
STATSNZ:AGR_AGR_003(1.0),7077,4,2012,93357,
STATSNZ:AGR_AGR_003(1.0),7056,1,2012,75518,
STATSNZ:AGR_AGR_003(1.0),7056,18,2012,4819,
STATSNZ:AGR_AGR_003(1.0),7057,11,2012,1468,
STATSNZ:AGR_AGR_003(1.0),7058,8,2012,18249,
STATSNZ:AGR_AGR_003(1.0),7184,1,2012,50397,
STATSNZ:AGR_AGR_003(1.0),7186,8,2012,4967,
STATSNZ:AGR_AGR_003(1.0),7187,5,2012,7803,
STATSNZ:AGR_AGR_003(1.0),6703,20,2012,25954154,
STATSNZ:AGR_AGR_003(1.0),7699,3,2012,81019,
STATSNZ:AGR_AGR_003(1.0),7686,19,2012,154483,
STATSNZ:AGR_AGR_003(1.0),7688,17,2012,54265,
STATSNZ:AGR_AGR_003(1.0),7077,3,2013,501614,
STATSNZ:AGR_AGR_003(1.0),7056,10,2013,569062,
STATSNZ:AGR_AGR_003(1.0),7056,17,2013,49161,
STATSNZ:AGR_AGR_003(1.0),7072,1,2013,34646,
STATSNZ:AGR_AGR_003(1.0),7073,11,2013,,s
STATSNZ:AGR_AGR_003(1.0),7074,8,2013,127154,
STATSNZ:AGR_AGR_003(1.0),6723,1,2013,25297,
STATSNZ:AGR_AGR_003(1.0),6727,8,2013,19487,
STATSNZ:AGR_AGR_003(1.0),6738,5,2013,150792,
STATSNZ:AGR_AGR_003(1.0),6702,5,2013,1253834,
STATSNZ:AGR_AGR_003(1.0),7699,2,2013,10869,
STATSNZ:AGR_AGR_003(1.0),7685,12,2013,0,
STATSNZ:AGR_AGR_003(1.0),7686,9,2013,3869,
STATSNZ:AGR_AGR_003(1.0),7688,16,2013,27470,
STATSNZ:AGR_AGR_003(1.0),6949,20,2013,31133,
STATSNZ:AGR_AGR_003(1.0),6955,3,2013,75330,
STATSNZ:AGR_AGR_003(1.0),7058,6,2014,17141,
STATSNZ:AGR_AGR_003(1.0),7064,13,2014,5909,
STATSNZ:AGR_AGR_003(1.0),7065,19,2014,52267,
STATSNZ:AGR_AGR_003(1.0),7184,12,2014,,c
STATSNZ:AGR_AGR_003(1.0),7186,2,2014,840,
STATSNZ:AGR_AGR_003(1.0),6731,16,2014,5257716,
STATSNZ:AGR_AGR_003(1.0),6722,7,2014,1062,
STATSNZ:AGR_AGR_003(1.0),6724,14,2014,2844,
STATSNZ:AGR_AGR_003(1.0),7699,1,2014,2931,
STATSNZ:AGR_AGR_003(1.0),7688,15,2014,54742,
STATSNZ:AGR_AGR_003(1.0),6954,5,2014,,c
STATSNZ:AGR_AGR_003(1.0),6949,2,2014,468,
STATSNZ:AGR_AGR_003(1.0),6951,12,2014,0,
STATSNZ:AGR_AGR_003(1.0),7056,12,2015,270,
STATSNZ:AGR_AGR_003(1.0),7057,5,2015,9113,
STATSNZ:AGR_AGR_003(1.0),7058,2,2015,6098,
STATSNZ:AGR_AGR_003(1.0),7064,9,2015,14779,
STATSNZ:AGR_AGR_003(1.0),7066,16,2015,27559,
STATSNZ:AGR_AGR_003(1.0),7186,2,2015,3288,
STATSNZ:AGR_AGR_003(1.0),7187,20,2015,5056403,
STATSNZ:AGR_AGR_003(1.0),7188,9,2015,10986,
STATSNZ:AGR_AGR_003(1.0),7190,6,2015,33529,
STATSNZ:AGR_AGR_003(1.0),6731,16,2015,5120190,
STATSNZ:AGR_AGR_003(1.0),6720,13,2015,4685,
STATSNZ:AGR_AGR_003(1.0),6702,10,2015,11968772,
STATSNZ:AGR_AGR_003(1.0),7687,14,2015,15916,
STATSNZ:AGR_AGR_003(1.0),7688,11,2015,3674,
STATSNZ:AGR_AGR_003(1.0),7056,19,2016,285977,
STATSNZ:AGR_AGR_003(1.0),7057,3,2016,18420,
STATSNZ:AGR_AGR_003(1.0),7058,10,2016,94412,
STATSNZ:AGR_AGR_003(1.0),7058,17,2016,2532,
STATSNZ:AGR_AGR_003(1.0),7064,7,2016,10806,
STATSNZ:AGR_AGR_003(1.0),7186,10,2016,43346,
STATSNZ:AGR_AGR_003(1.0),7188,7,2016,37133,
STATSNZ:AGR_AGR_003(1.0),7190,4,2016,231904,
STATSNZ:AGR_AGR_003(1.0),6731,14,2016,23148,
STATSNZ:AGR_AGR_003(1.0),6720,11,2016,3002,
STATSNZ:AGR_AGR_003(1.0),6722,18,2016,,c
STATSNZ:AGR_AGR_003(1.0),7687,12,2016,0,
STATSNZ:AGR_AGR_003(1.0),7688,9,2016,3050,
STATSNZ:AGR_AGR_003(1.0),7065,1,2017,25110,
STATSNZ:AGR_AGR_003(1.0),7067,8,2017,58297,
STATSNZ:AGR_AGR_003(1.0),7068,5,2017,4824,
STATSNZ:AGR_AGR_003(1.0),6721,5,2017,883146,
STATSNZ:AGR_AGR_003(1.0),6722,2,2017,9181,
STATSNZ:AGR_AGR_003(1.0),6727,2,2017,3267,
STATSNZ:AGR_AGR_003(1.0),6738,16,2017,289811,
STATSNZ:AGR_AGR_003(1.0),6703,9,2017,1264507,
STATSNZ:AGR_AGR_003(1.0),6701,6,2017,110471,
STATSNZ:AGR_AGR_003(1.0),7696,3,2017,22810,
STATSNZ:AGR_AGR_003(1.0),6954,10,2017,87151,
STATSNZ:AGR_AGR_003(1.0),6949,19,2017,18093,
STATSNZ:AGR_AGR_003(1.0),6951,7,2017,261,
STATSNZ:AGR_AGR_003(1.0),6953,10,2017,77008,
STATSNZ:AGR_AGR_003(1.0),6953,17,2017,284,
STATSNZ:AGR_AGR_003(1.0),6955,14,2017,73,
STATSNZ:AGR_AGR_003(1.0),7077,15,2018,512260,
STATSNZ:AGR_AGR_003(1.0),7073,6,2018,41624,
STATSNZ:AGR_AGR_003(1.0),7193,13,2018,,s
STATSNZ:AGR_AGR_003(1.0),7187,19,2018,1989747,
STATSNZ:AGR_AGR_003(1.0),7188,7,2018,38629,
STATSNZ:AGR_AGR_003(1.0),7190,17,2018,450820,
STATSNZ:AGR_AGR_003(1.0),6701,16,2018,163723,
STATSNZ:AGR_AGR_003(1.0),7685,7,2018,,s
STATSNZ:AGR_AGR_003(1.0),7058,11,2019,1502,
STATSNZ:AGR_AGR_003(1.0),7059,4,2019,8073,
STATSNZ:AGR_AGR_003(1.0),7064,1,2019,43149,
STATSNZ:AGR_AGR_003(1.0),7064,18,2019,,s
STATSNZ:AGR_AGR_003(1.0),7068,15,2019,9359,
STATSNZ:AGR_AGR_003(1.0),7193,13,2019,18223,
STATSNZ:AGR_AGR_003(1.0),7188,1,2019,24172,
STATSNZ:AGR_AGR_003(1.0),6720,5,2019,13526,
STATSNZ:AGR_AGR_003(1.0),6721,15,2019,2539170,
STATSNZ:AGR_AGR_003(1.0),6722,12,2019,,s
STATSNZ:AGR_AGR_003(1.0),6954,19,2019,171837,
STATSNZ:AGR_AGR_003(1.0),6953,1,2019,2653,
STATSNZ:AGR_AGR_003(1.0),6953,18,2019,0,
STATSNZ:AGR_AGR_003(1.0),7058,7,2020,4998,
STATSNZ:AGR_AGR_003(1.0),7059,4,2020,11140,
STATSNZ:AGR_AGR_003(1.0),7074,16,2020,98827,
STATSNZ:AGR_AGR_003(1.0),6723,7,2020,32662,
STATSNZ:AGR_AGR_003(1.0),6727,14,2020,11,
STATSNZ:AGR_AGR_003(1.0),6738,11,2020,,s
STATSNZ:AGR_AGR_003(1.0),7685,20,2020,118726,
STATSNZ:AGR_AGR_003(1.0),7696,13,2020,1747,
STATSNZ:AGR_AGR_003(1.0),6949,3,2020,1982,
STATSNZ:AGR_AGR_003(1.0),7077,6,2021,418274,
STATSNZ:AGR_AGR_003(1.0),7056,16,2021,99449,
STATSNZ:AGR_AGR_003(1.0),7056,20,2021,891691,
STATSNZ:AGR_AGR_003(1.0),7057,13,2021,3321,
STATSNZ:AGR_AGR_003(1.0),7059,3,2021,57239,
STATSNZ:AGR_AGR_003(1.0),7067,17,2021,30298,
STATSNZ:AGR_AGR_003(1.0),7187,3,2021,1461747,
STATSNZ:AGR_AGR_003(1.0),7188,10,2021,219852,
STATSNZ:AGR_AGR_003(1.0),7190,19,2021,1804283,
STATSNZ:AGR_AGR_003(1.0),6731,7,2021,441897,
STATSNZ:AGR_AGR_003(1.0),6720,17,2021,31265,
STATSNZ:AGR_AGR_003(1.0),6721,14,2021,,s
STATSNZ:AGR_AGR_003(1.0),7685,15,2021,41877,
STATSNZ:AGR_AGR_003(1.0),7686,8,2021,9026,
STATSNZ:AGR_AGR_003(1.0),7687,5,2021,,s
STATSNZ:AGR_AGR_003(1.0),7696,12,2021,0,
STATSNZ:AGR_AGR_003(1.0),7064,12,2022,,s
STATSNZ:AGR_AGR_003(1.0),7072,16,2022,12707,
STATSNZ:AGR_AGR_003(1.0),7193,7,2022,517962,
STATSNZ:AGR_AGR_003(1.0),6720,20,2022,242240,
STATSNZ:AGR_AGR_003(1.0),6722,6,2022,27960,
STATSNZ:AGR_AGR_003(1.0),6724,13,2022,81381,
STATSNZ:AGR_AGR_003(1.0),6954,4,2022,209,
STATSNZ:AGR_AGR_003(1.0),6953,12,2022,2,
STATSNZ:AGR_AGR_003(1.0),7810,2,2022,3010,
STATSNZ:AGR_AGR_003(1.0),7056,17,2023,44072,
STATSNZ:AGR_AGR_003(1.0),7065,5,2023,,s
STATSNZ:AGR_AGR_003(1.0),7184,17,2023,86353,
STATSNZ:AGR_AGR_003(1.0),6723,18,2023,,s
STATSNZ:AGR_AGR_003(1.0),6727,8,2023,,s
STATSNZ:AGR_AGR_003(1.0),6738,5,2023,157779,
STATSNZ:AGR_AGR_003(1.0),6703,15,2023,3333000,
STATSNZ:AGR_AGR_003(1.0),6955,5,2023,,s
STATSNZ:AGR_AGR_003(1.0),7057,4,2024,2598,
STATSNZ:AGR_AGR_003(1.0),7058,1,2024,15592,
STATSNZ:AGR_AGR_003(1.0),7065,1,2024,26864,
STATSNZ:AGR_AGR_003(1.0),7065,18,2024,202,
STATSNZ:AGR_AGR_003(1.0),7066,15,2024,,s
STATSNZ:AGR_AGR_003(1.0),7067,8,2024,54471,
STATSNZ:AGR_AGR_003(1.0),7068,5,2024,3236,
STATSNZ:AGR_AGR_003(1.0),6731,15,2024,4189852,
STATSNZ:AGR_AGR_003(1.0),6721,5,2024,733321,
STATSNZ:AGR_AGR_003(1.0),6722,2,2024,,s
STATSNZ:AGR_AGR_003(1.0),6738,16,2024,267135,
STATSNZ:AGR_AGR_003(1.0),7685,6,2024,16650,
STATSNZ:AGR_AGR_003(1.0),7687,13,2024,1952,
STATSNZ:AGR_AGR_003(1.0),7688,19,2024,94845,
STATSNZ:AGR_AGR_003(1.0),7696,3,2024,13036,
STATSNZ:AGR_AGR_003(1.0),6954,10,2024,66908,
STATSNZ:AGR_AGR_003(1.0),6949,19,2024,,s
STATSNZ:AGR_AGR_003(1.0),6951,7,2024,136,
STATSNZ:AGR_AGR_003(1.0),6953,17,2024,337,
STATSNZ:AGR_AGR_003(1.0),6955,14,2024,,s
STATSNZ:AGR_AGR_003(1.0),7077,8,1994,824881,
STATSNZ:AGR_AGR_003(1.0),7184,3,1994,244069,
STATSNZ:AGR_AGR_003(1.0),6727,13,1994,88757,
STATSNZ:AGR_AGR_003(1.0),7187,9,1994,63489,
STATSNZ:AGR_AGR_003(1.0),6727,11,1994,6632,
STATSNZ:AGR_AGR_003(1.0),7686,14,1994,4516,
STATSNZ:AGR_AGR_003(1.0),7184,5,1994,1703,
STATSNZ:AGR_AGR_003(1.0),6731,19,2002,21131586,
STATSNZ:AGR_AGR_003(1.0),6731,8,2002,6563838,
STATSNZ:AGR_AGR_003(1.0),7187,4,2002,243580,
STATSNZ:AGR_AGR_003(1.0),7696,15,2002,157989,
STATSNZ:AGR_AGR_003(1.0),7057,20,2002,157557,
STATSNZ:AGR_AGR_003(1.0),7685,20,2002,138900,
STATSNZ:AGR_AGR_003(1.0),7187,2,2002,108725,
STATSNZ:AGR_AGR_003(1.0),7072,1,2002,46828,
STATSNZ:AGR_AGR_003(1.0),7685,16,2002,12997,
STATSNZ:AGR_AGR_003(1.0),7696,13,2002,9444,
STATSNZ:AGR_AGR_003(1.0),7065,13,2002,5450,
STATSNZ:AGR_AGR_003(1.0),7058,7,2002,3397,
STATSNZ:AGR_AGR_003(1.0),7065,11,2002,2227,
STATSNZ:AGR_AGR_003(1.0),7685,1,2002,1160,
STATSNZ:AGR_AGR_003(1.0),6701,12,2002,281,
STATSNZ:AGR_AGR_003(1.0),6722,6,2003,34630,
STATSNZ:AGR_AGR_003(1.0),6723,20,2003,2271780,
STATSNZ:AGR_AGR_003(1.0),6738,5,2003,196804,
STATSNZ:AGR_AGR_003(1.0),6949,3,2003,6684,
STATSNZ:AGR_AGR_003(1.0),7056,17,2003,60115,
STATSNZ:AGR_AGR_003(1.0),7067,1,2003,40770,
STATSNZ:AGR_AGR_003(1.0),7073,15,2003,49556,
STATSNZ:AGR_AGR_003(1.0),7073,17,2003,18538,
STATSNZ:AGR_AGR_003(1.0),7074,8,2003,173031,
STATSNZ:AGR_AGR_003(1.0),7077,7,2003,121184,
STATSNZ:AGR_AGR_003(1.0),7810,2,2003,9786,
STATSNZ:AGR_AGR_003(1.0),7810,10,2003,55543,
STATSNZ:AGR_AGR_003(1.0),7810,17,2003,4314,
STATSNZ:AGR_AGR_003(1.0),7073,11,2004,2867,
STATSNZ:AGR_AGR_003(1.0),7184,10,2004,589247,
STATSNZ:AGR_AGR_003(1.0),7184,15,2004,103315,
STATSNZ:AGR_AGR_003(1.0),7184,17,2004,56091,
STATSNZ:AGR_AGR_003(1.0),6949,20,2004,41187,
STATSNZ:AGR_AGR_003(1.0),6955,3,2004,125196,
STATSNZ:AGR_AGR_003(1.0),7068,19,2005,20866,
STATSNZ:AGR_AGR_003(1.0),7074,7,2005,23968,
STATSNZ:AGR_AGR_003(1.0),7074,9,2005,46213,
STATSNZ:AGR_AGR_003(1.0),6731,1,2005,556734,
STATSNZ:AGR_AGR_003(1.0),6720,11,2005,3525,
STATSNZ:AGR_AGR_003(1.0),6723,10,2005,1706600,
STATSNZ:AGR_AGR_003(1.0),6723,15,2005,512225,
STATSNZ:AGR_AGR_003(1.0),6723,17,2005,474774,
STATSNZ:AGR_AGR_003(1.0),6703,14,2005,72856,
STATSNZ:AGR_AGR_003(1.0),7696,6,2005,40620,
STATSNZ:AGR_AGR_003(1.0),7077,1,2006,490788,
STATSNZ:AGR_AGR_003(1.0),7056,11,2006,11846,
STATSNZ:AGR_AGR_003(1.0),7073,9,2006,14698,
STATSNZ:AGR_AGR_003(1.0),7074,2,2006,23585,
STATSNZ:AGR_AGR_003(1.0),7184,15,2006,111177,
STATSNZ:AGR_AGR_003(1.0),7185,8,2006,4117,
STATSNZ:AGR_AGR_003(1.0),6723,19,2006,1422947,
STATSNZ:AGR_AGR_003(1.0),6738,16,2006,307381,
STATSNZ:AGR_AGR_003(1.0),6738,20,2006,3285141,
STATSNZ:AGR_AGR_003(1.0),7699,13,2006,15868,
STATSNZ:AGR_AGR_003(1.0),7687,17,2006,177453,
STATSNZ:AGR_AGR_003(1.0),6951,7,2006,155,
STATSNZ:AGR_AGR_003(1.0),7077,12,2007,1298,
STATSNZ:AGR_AGR_003(1.0),7077,14,2007,30275,
STATSNZ:AGR_AGR_003(1.0),7058,3,2007,25562,
STATSNZ:AGR_AGR_003(1.0),7058,18,2007,298,
STATSNZ:AGR_AGR_003(1.0),7073,5,2007,14639,
STATSNZ:AGR_AGR_003(1.0),7184,9,2007,13103,
STATSNZ:AGR_AGR_003(1.0),7184,11,2007,10808,
STATSNZ:AGR_AGR_003(1.0),6727,2,2007,3450,
STATSNZ:AGR_AGR_003(1.0),6727,10,2007,60015,
STATSNZ:AGR_AGR_003(1.0),6701,6,2007,147309,
STATSNZ:AGR_AGR_003(1.0),6701,8,2007,253926,
STATSNZ:AGR_AGR_003(1.0),7696,9,2007,6061,
STATSNZ:AGR_AGR_003(1.0),6955,20,2007,787756,
STATSNZ:AGR_AGR_003(1.0),7193,14,2008,152869,
STATSNZ:AGR_AGR_003(1.0),6731,15,2008,6063300,
STATSNZ:AGR_AGR_003(1.0),6724,3,2008,302641,
STATSNZ:AGR_AGR_003(1.0),6724,5,2008,231958,
STATSNZ:AGR_AGR_003(1.0),6703,9,2008,1480331,
STATSNZ:AGR_AGR_003(1.0),6701,2,2008,7595,
STATSNZ:AGR_AGR_003(1.0),7685,6,2008,11134,
STATSNZ:AGR_AGR_003(1.0),7686,16,2008,35479,
STATSNZ:AGR_AGR_003(1.0),6953,10,2008,109102,
STATSNZ:AGR_AGR_003(1.0),7056,6,2009,98509,
STATSNZ:AGR_AGR_003(1.0),7057,16,2009,10738,
STATSNZ:AGR_AGR_003(1.0),7064,3,2009,60040,
STATSNZ:AGR_AGR_003(1.0),7064,5,2009,30306,
STATSNZ:AGR_AGR_003(1.0),7190,10,2009,2455195,
STATSNZ:AGR_AGR_003(1.0),7190,17,2009,329532,
STATSNZ:AGR_AGR_003(1.0),7699,8,2009,76299,
STATSNZ:AGR_AGR_003(1.0),7688,5,2009,5492,
STATSNZ:AGR_AGR_003(1.0),7066,7,2010,16002,
STATSNZ:AGR_AGR_003(1.0),7066,9,2010,14676,
STATSNZ:AGR_AGR_003(1.0),7072,6,2010,55957,
STATSNZ:AGR_AGR_003(1.0),6720,4,2010,3838,
STATSNZ:AGR_AGR_003(1.0),6720,6,2010,31951,
STATSNZ:AGR_AGR_003(1.0),6724,18,2010,10166,
STATSNZ:AGR_AGR_003(1.0),6701,17,2010,145173,
STATSNZ:AGR_AGR_003(1.0),7696,1,2010,2262,
STATSNZ:AGR_AGR_003(1.0),6953,15,2010,156098,
STATSNZ:AGR_AGR_003(1.0),6955,8,2010,57210,
STATSNZ:AGR_AGR_003(1.0),7057,15,2011,21814,
STATSNZ:AGR_AGR_003(1.0),7057,17,2011,10663,
STATSNZ:AGR_AGR_003(1.0),7058,8,2011,20250,
STATSNZ:AGR_AGR_003(1.0),7064,4,2011,9288,
STATSNZ:AGR_AGR_003(1.0),7193,6,2011,90655,
STATSNZ:AGR_AGR_003(1.0),7193,8,2011,472992,
STATSNZ:AGR_AGR_003(1.0),7184,20,2011,860668,
STATSNZ:AGR_AGR_003(1.0),7187,5,2011,9966,
STATSNZ:AGR_AGR_003(1.0),6703,3,2011,1583838,
STATSNZ:AGR_AGR_003(1.0),7685,10,2011,32771,
STATSNZ:AGR_AGR_003(1.0),7685,17,2011,13144,
STATSNZ:AGR_AGR_003(1.0),7686,19,2011,165694,
STATSNZ:AGR_AGR_003(1.0),7696,14,2011,13680,
STATSNZ:AGR_AGR_003(1.0),7696,16,2011,69884,
STATSNZ:AGR_AGR_003(1.0),7056,16,2012,96331,
STATSNZ:AGR_AGR_003(1.0),7056,20,2012,911380,
STATSNZ:AGR_AGR_003(1.0),7059,3,2012,38256,
STATSNZ:AGR_AGR_003(1.0),7059,5,2012,23040,
STATSNZ:AGR_AGR_003(1.0),7185,11,2012,1781,
STATSNZ:AGR_AGR_003(1.0),7185,13,2012,513,
STATSNZ:AGR_AGR_003(1.0),7188,2,2012,7382,
STATSNZ:AGR_AGR_003(1.0),7188,10,2012,247341,
STATSNZ:AGR_AGR_003(1.0),7190,19,2012,1385555,
STATSNZ:AGR_AGR_003(1.0),6721,14,2012,40695,
STATSNZ:AGR_AGR_003(1.0),6738,2,2012,24829,
STATSNZ:AGR_AGR_003(1.0),6738,4,2012,12908,
STATSNZ:AGR_AGR_003(1.0),6702,8,2012,4368346,
STATSNZ:AGR_AGR_003(1.0),7687,5,2012,6160,
STATSNZ:AGR_AGR_003(1.0),6954,11,2012,500,
STATSNZ:AGR_AGR_003(1.0),7810,20,2012,56878,
STATSNZ:AGR_AGR_003(1.0),7057,12,2013,38,
STATSNZ:AGR_AGR_003(1.0),7057,14,2013,993,
STATSNZ:AGR_AGR_003(1.0),7071,6,2013,18740,
STATSNZ:AGR_AGR_003(1.0),7072,16,2013,8581,
STATSNZ:AGR_AGR_003(1.0),7072,20,2013,250605,
STATSNZ:AGR_AGR_003(1.0),7193,3,2013,1837858,
STATSNZ:AGR_AGR_003(1.0),7193,5,2013,19332,
STATSNZ:AGR_AGR_003(1.0),7187,17,2013,472814,
STATSNZ:AGR_AGR_003(1.0),6724,11,2013,26179,
STATSNZ:AGR_AGR_003(1.0),6703,2,2013,144599,
STATSNZ:AGR_AGR_003(1.0),6703,10,2013,12388344,
STATSNZ:AGR_AGR_003(1.0),7685,14,2013,1744,
STATSNZ:AGR_AGR_003(1.0),7685,16,2013,8442,
STATSNZ:AGR_AGR_003(1.0),6954,2,2013,,c
STATSNZ:AGR_AGR_003(1.0),7057,9,2014,5487,
STATSNZ:AGR_AGR_003(1.0),7058,2,2014,10338,
STATSNZ:AGR_AGR_003(1.0),7064,15,2014,60611,
STATSNZ:AGR_AGR_003(1.0),7065,8,2014,47567,
STATSNZ:AGR_AGR_003(1.0),7186,6,2014,429,
STATSNZ:AGR_AGR_003(1.0),7187,16,2014,282283,
STATSNZ:AGR_AGR_003(1.0),7187,20,2014,5175869,
STATSNZ:AGR_AGR_003(1.0),6720,13,2014,5215,
STATSNZ:AGR_AGR_003(1.0),6723,17,2014,352906,
STATSNZ:AGR_AGR_003(1.0),6701,7,2014,10423,
STATSNZ:AGR_AGR_003(1.0),7696,8,2014,27568,
STATSNZ:AGR_AGR_003(1.0),7696,19,2014,271606,
STATSNZ:AGR_AGR_003(1.0),7077,10,2015,2523931,
STATSNZ:AGR_AGR_003(1.0),7056,19,2015,304837,
STATSNZ:AGR_AGR_003(1.0),7059,14,2015,3611,
STATSNZ:AGR_AGR_003(1.0),7059,16,2015,22413,
STATSNZ:AGR_AGR_003(1.0),7059,20,2015,306703,
STATSNZ:AGR_AGR_003(1.0),7067,13,2015,4781,
STATSNZ:AGR_AGR_003(1.0),7072,17,2015,5094,
STATSNZ:AGR_AGR_003(1.0),7185,5,2015,,c
STATSNZ:AGR_AGR_003(1.0),7185,7,2015,3251,
STATSNZ:AGR_AGR_003(1.0),7188,11,2015,2687,
STATSNZ:AGR_AGR_003(1.0),6721,8,2015,3692009,
STATSNZ:AGR_AGR_003(1.0),6722,18,2015,,c
STATSNZ:AGR_AGR_003(1.0),6724,14,2015,1744,
STATSNZ:AGR_AGR_003(1.0),6702,2,2015,162890,
STATSNZ:AGR_AGR_003(1.0),7687,16,2015,64769,
STATSNZ:AGR_AGR_003(1.0),7687,18,2015,0,
STATSNZ:AGR_AGR_003(1.0),7687,20,2015,430500,
STATSNZ:AGR_AGR_003(1.0),7688,9,2015,4301,
STATSNZ:AGR_AGR_003(1.0),6954,5,2015,,c
STATSNZ:AGR_AGR_003(1.0),6949,15,2015,13589,
STATSNZ:AGR_AGR_003(1.0),7059,12,2016,96,
STATSNZ:AGR_AGR_003(1.0),7059,14,2016,2736,
STATSNZ:AGR_AGR_003(1.0),7066,1,2016,42092,
STATSNZ:AGR_AGR_003(1.0),7067,11,2016,4885,
STATSNZ:AGR_AGR_003(1.0),7072,15,2016,21213,
STATSNZ:AGR_AGR_003(1.0),7185,3,2016,21104,
STATSNZ:AGR_AGR_003(1.0),7185,5,2016,,c
STATSNZ:AGR_AGR_003(1.0),7188,9,2016,8911,
STATSNZ:AGR_AGR_003(1.0),6721,6,2016,1752453,
STATSNZ:AGR_AGR_003(1.0),6722,16,2016,57929,
STATSNZ:AGR_AGR_003(1.0),6702,10,2016,11518566,
STATSNZ:AGR_AGR_003(1.0),7687,14,2016,15608,
STATSNZ:AGR_AGR_003(1.0),7687,16,2016,59199,
STATSNZ:AGR_AGR_003(1.0),7688,7,2016,425,
STATSNZ:AGR_AGR_003(1.0),6949,13,2016,,c
STATSNZ:AGR_AGR_003(1.0),7064,6,2017,44334,
STATSNZ:AGR_AGR_003(1.0),7067,19,2017,127635,
STATSNZ:AGR_AGR_003(1.0),7068,3,2017,16506,
STATSNZ:AGR_AGR_003(1.0),7074,17,2017,51268,
STATSNZ:AGR_AGR_003(1.0),7190,1,2017,250527,
STATSNZ:AGR_AGR_003(1.0),6722,10,2017,161130,
STATSNZ:AGR_AGR_003(1.0),6738,12,2017,,s
STATSNZ:AGR_AGR_003(1.0),6738,14,2017,3037,
STATSNZ:AGR_AGR_003(1.0),6951,3,2017,585,
STATSNZ:AGR_AGR_003(1.0),6951,5,2017,4,
STATSNZ:AGR_AGR_003(1.0),7810,9,2017,1772,
STATSNZ:AGR_AGR_003(1.0),7810,11,2017,457,
STATSNZ:AGR_AGR_003(1.0),7056,8,2018,154531,
STATSNZ:AGR_AGR_003(1.0),7057,18,2018,0,
STATSNZ:AGR_AGR_003(1.0),7068,2,2018,836,
STATSNZ:AGR_AGR_003(1.0),7071,12,2018,0,
STATSNZ:AGR_AGR_003(1.0),7074,1,2018,63682,
STATSNZ:AGR_AGR_003(1.0),7074,16,2018,88839,
STATSNZ:AGR_AGR_003(1.0),7074,20,2018,839777,
STATSNZ:AGR_AGR_003(1.0),7186,13,2018,,s
STATSNZ:AGR_AGR_003(1.0),7186,15,2018,,s
STATSNZ:AGR_AGR_003(1.0),6723,7,2018,18911,
STATSNZ:AGR_AGR_003(1.0),6703,6,2018,2264674,
STATSNZ:AGR_AGR_003(1.0),7699,12,2018,0,
STATSNZ:AGR_AGR_003(1.0),7699,19,2018,595621,
STATSNZ:AGR_AGR_003(1.0),7059,6,2019,38262,
STATSNZ:AGR_AGR_003(1.0),7059,8,2019,49438,
STATSNZ:AGR_AGR_003(1.0),7066,12,2019,,s
STATSNZ:AGR_AGR_003(1.0),7067,5,2019,27872,
STATSNZ:AGR_AGR_003(1.0),7072,9,2019,10308,
STATSNZ:AGR_AGR_003(1.0),7188,3,2019,100193,
STATSNZ:AGR_AGR_003(1.0),6721,10,2019,8061134,
STATSNZ:AGR_AGR_003(1.0),6721,17,2019,2430068,
STATSNZ:AGR_AGR_003(1.0),6722,19,2019,175813,
STATSNZ:AGR_AGR_003(1.0),6727,14,2019,22,
STATSNZ:AGR_AGR_003(1.0),6727,16,2019,101449,
STATSNZ:AGR_AGR_003(1.0),6954,14,2019,15,
STATSNZ:AGR_AGR_003(1.0),6949,5,2019,124,
STATSNZ:AGR_AGR_003(1.0),6949,7,2019,1415,
STATSNZ:AGR_AGR_003(1.0),7064,1,2020,46046,
STATSNZ:AGR_AGR_003(1.0),7064,16,2020,48356,
STATSNZ:AGR_AGR_003(1.0),7064,20,2020,521786,
STATSNZ:AGR_AGR_003(1.0),7067,5,2020,29729,
STATSNZ:AGR_AGR_003(1.0),7067,7,2020,16910,
STATSNZ:AGR_AGR_003(1.0),7068,15,2020,11695,
STATSNZ:AGR_AGR_003(1.0),7186,7,2020,,s
STATSNZ:AGR_AGR_003(1.0),6722,19,2020,131223,
STATSNZ:AGR_AGR_003(1.0),6727,16,2020,78114,
STATSNZ:AGR_AGR_003(1.0),6738,9,2020,191674,
STATSNZ:AGR_AGR_003(1.0),7688,3,2020,18045,
STATSNZ:AGR_AGR_003(1.0),7688,18,2020,0,
STATSNZ:AGR_AGR_003(1.0),6949,7,2020,1161,
STATSNZ:AGR_AGR_003(1.0),6951,10,2020,1146,
STATSNZ:AGR_AGR_003(1.0),6951,17,2020,,s
STATSNZ:AGR_AGR_003(1.0),7056,1,2021,58151,
STATSNZ:AGR_AGR_003(1.0),7057,11,2021,,s
STATSNZ:AGR_AGR_003(1.0),7059,7,2021,10438,
STATSNZ:AGR_AGR_003(1.0),7064,10,2021,337574,
STATSNZ:AGR_AGR_003(1.0),7064,17,2021,32825,
STATSNZ:AGR_AGR_003(1.0),7068,14,2021,786,
STATSNZ:AGR_AGR_003(1.0),7193,2,2021,84973,
STATSNZ:AGR_AGR_003(1.0),7186,8,2021,,s
STATSNZ:AGR_AGR_003(1.0),6731,5,2021,1446290,
STATSNZ:AGR_AGR_003(1.0),6722,9,2021,,s
STATSNZ:AGR_AGR_003(1.0),6722,11,2021,,s
STATSNZ:AGR_AGR_003(1.0),6703,20,2021,22907449,
STATSNZ:AGR_AGR_003(1.0),7699,3,2021,63625,
STATSNZ:AGR_AGR_003(1.0),7688,2,2021,,s
STATSNZ:AGR_AGR_003(1.0),7688,10,2021,43553,
STATSNZ:AGR_AGR_003(1.0),7688,17,2021,32909,
STATSNZ:AGR_AGR_003(1.0),6949,6,2021,336,
STATSNZ:AGR_AGR_003(1.0),6951,16,2021,136,
STATSNZ:AGR_AGR_003(1.0),7059,2,2022,17746,
STATSNZ:AGR_AGR_003(1.0),7059,10,2022,243177,
STATSNZ:AGR_AGR_003(1.0),7066,6,2022,45073,
STATSNZ:AGR_AGR_003(1.0),7067,20,2022,413851,
STATSNZ:AGR_AGR_003(1.0),7073,13,2022,1386,
STATSNZ:AGR_AGR_003(1.0),7184,17,2022,95251,
STATSNZ:AGR_AGR_003(1.0),7190,7,2022,381575,
STATSNZ:AGR_AGR_003(1.0),6722,4,2022,1232,
STATSNZ:AGR_AGR_003(1.0),6727,8,2022,7791,
STATSNZ:AGR_AGR_003(1.0),6727,19,2022,195554,
STATSNZ:AGR_AGR_003(1.0),6949,1,2022,322,
STATSNZ:AGR_AGR_003(1.0),6949,18,2022,0,
STATSNZ:AGR_AGR_003(1.0),6949,20,2022,25995,
STATSNZ:AGR_AGR_003(1.0),6955,5,2022,255,
STATSNZ:AGR_AGR_003(1.0),6955,7,2022,23488,
STATSNZ:AGR_AGR_003(1.0),7064,19,2023,165927,
STATSNZ:AGR_AGR_003(1.0),7067,20,2023,415436,
STATSNZ:AGR_AGR_003(1.0),7073,13,2023,,s
STATSNZ:AGR_AGR_003(1.0),7185,12,2023,0,
STATSNZ:AGR_AGR_003(1.0),6722,4,2023,,s
STATSNZ:AGR_AGR_003(1.0),6723,14,2023,670,
STATSNZ:AGR_AGR_003(1.0),6727,19,2023,223873,
STATSNZ:AGR_AGR_003(1.0),6738,3,2023,156773,
STATSNZ:AGR_AGR_003(1.0),6949,1,2023,468,
STATSNZ:AGR_AGR_003(1.0),6951,11,2023,0,
STATSNZ:AGR_AGR_003(1.0),7810,10,2023,21121,
STATSNZ:AGR_AGR_003(1.0),7810,15,2023,5773,
STATSNZ:AGR_AGR_003(1.0),7056,7,2024,27679,
STATSNZ:AGR_AGR_003(1.0),7064,6,2024,49479,
STATSNZ:AGR_AGR_003(1.0),7067,19,2024,156018,
STATSNZ:AGR_AGR_003(1.0),7190,1,2024,190908,
STATSNZ:AGR_AGR_003(1.0),7190,18,2024,0,
STATSNZ:AGR_AGR_003(1.0),6721,7,2024,282996,
STATSNZ:AGR_AGR_003(1.0),6722,10,2024,138913,
STATSNZ:AGR_AGR_003(1.0),6722,17,2024,,s
STATSNZ:AGR_AGR_003(1.0),7699,9,2024,6496,
STATSNZ:AGR_AGR_003(1.0),7688,8,2024,7727,
STATSNZ:AGR_AGR_003(1.0),7810,11,2024,,s
STATSNZ:AGR_AGR_003(1.0),6724,16,1994,1197225,
STATSNZ:AGR_AGR_003(1.0),6738,6,1994,312583,
STATSNZ:AGR_AGR_003(1.0),7193,8,1994,308022,
STATSNZ:AGR_AGR_003(1.0),6954,15,1994,151681,
STATSNZ:AGR_AGR_003(1.0),7074,11,1994,14506,
STATSNZ:AGR_AGR_003(1.0),7810,3,1994,13738,
STATSNZ:AGR_AGR_003(1.0),7185,15,1994,1280,
STATSNZ:AGR_AGR_003(1.0),7696,18,1994,47,
STATSNZ:AGR_AGR_003(1.0),7687,19,2002,589691,
STATSNZ:AGR_AGR_003(1.0),7190,15,2002,289510,
STATSNZ:AGR_AGR_003(1.0),6954,19,2002,180866,
STATSNZ:AGR_AGR_003(1.0),7699,6,2002,126718,
STATSNZ:AGR_AGR_003(1.0),7066,8,2002,67939,
STATSNZ:AGR_AGR_003(1.0),7067,5,2002,30033,
STATSNZ:AGR_AGR_003(1.0),7688,3,2002,26024,
STATSNZ:AGR_AGR_003(1.0),7056,4,2002,25592,
STATSNZ:AGR_AGR_003(1.0),6720,5,2002,21195,
STATSNZ:AGR_AGR_003(1.0),7057,1,2002,16399,
STATSNZ:AGR_AGR_003(1.0),7686,13,2002,4135,
STATSNZ:AGR_AGR_003(1.0),7186,7,2002,1969,
STATSNZ:AGR_AGR_003(1.0),7064,18,2002,1446,
STATSNZ:AGR_AGR_003(1.0),6953,14,2002,234,
STATSNZ:AGR_AGR_003(1.0),6951,17,2002,138,
STATSNZ:AGR_AGR_003(1.0),6723,1,2003,33010,
STATSNZ:AGR_AGR_003(1.0),6949,1,2003,704,
STATSNZ:AGR_AGR_003(1.0),7067,20,2003,440415,
STATSNZ:AGR_AGR_003(1.0),7071,6,2003,28430,
STATSNZ:AGR_AGR_003(1.0),7072,3,2003,70756,
STATSNZ:AGR_AGR_003(1.0),7074,19,2003,333891,
STATSNZ:AGR_AGR_003(1.0),7184,17,2003,66148,
STATSNZ:AGR_AGR_003(1.0),7077,5,2004,341676,
STATSNZ:AGR_AGR_003(1.0),7056,15,2004,133594,
STATSNZ:AGR_AGR_003(1.0),7066,2,2004,21172,
STATSNZ:AGR_AGR_003(1.0),7067,20,2004,462388,
STATSNZ:AGR_AGR_003(1.0),7072,20,2004,352965,
STATSNZ:AGR_AGR_003(1.0),7073,13,2004,3795,
STATSNZ:AGR_AGR_003(1.0),7074,6,2004,136018,
STATSNZ:AGR_AGR_003(1.0),7193,3,2004,1685661,
STATSNZ:AGR_AGR_003(1.0),6724,13,2004,101457,
STATSNZ:AGR_AGR_003(1.0),6727,19,2004,663743,
STATSNZ:AGR_AGR_003(1.0),6738,3,2004,174431,
STATSNZ:AGR_AGR_003(1.0),6703,10,2004,14465290,
STATSNZ:AGR_AGR_003(1.0),6703,17,2004,5969743,
STATSNZ:AGR_AGR_003(1.0),7699,17,2004,390423,
STATSNZ:AGR_AGR_003(1.0),7685,14,2004,1373,
STATSNZ:AGR_AGR_003(1.0),6954,4,2004,7851,
STATSNZ:AGR_AGR_003(1.0),6949,1,2004,659,
STATSNZ:AGR_AGR_003(1.0),6951,11,2004,8,
STATSNZ:AGR_AGR_003(1.0),6953,8,2004,29781,
STATSNZ:AGR_AGR_003(1.0),7066,1,2005,47335,
STATSNZ:AGR_AGR_003(1.0),7071,5,2005,8864,
STATSNZ:AGR_AGR_003(1.0),6731,16,2005,6185038,
STATSNZ:AGR_AGR_003(1.0),6720,13,2005,6938,
STATSNZ:AGR_AGR_003(1.0),6721,6,2005,2485930,
STATSNZ:AGR_AGR_003(1.0),6954,3,2005,50310,
STATSNZ:AGR_AGR_003(1.0),6949,10,2005,13921,
STATSNZ:AGR_AGR_003(1.0),6955,17,2005,5305,
STATSNZ:AGR_AGR_003(1.0),7058,5,2006,12638,
STATSNZ:AGR_AGR_003(1.0),7073,7,2006,7828,
STATSNZ:AGR_AGR_003(1.0),7074,4,2006,23341,
STATSNZ:AGR_AGR_003(1.0),7184,11,2006,11332,
STATSNZ:AGR_AGR_003(1.0),6727,2,2006,1493,
STATSNZ:AGR_AGR_003(1.0),6701,19,2006,712516,
STATSNZ:AGR_AGR_003(1.0),7688,14,2006,10142,
STATSNZ:AGR_AGR_003(1.0),6955,20,2006,757448,
STATSNZ:AGR_AGR_003(1.0),7077,16,2007,292355,
STATSNZ:AGR_AGR_003(1.0),7056,9,2007,42324,
STATSNZ:AGR_AGR_003(1.0),7057,6,2007,14337,
STATSNZ:AGR_AGR_003(1.0),7071,10,2007,111045,
STATSNZ:AGR_AGR_003(1.0),7073,7,2007,10294,
STATSNZ:AGR_AGR_003(1.0),7074,10,2007,679862,
STATSNZ:AGR_AGR_003(1.0),7074,17,2007,58086,
STATSNZ:AGR_AGR_003(1.0),7193,14,2007,152481,
STATSNZ:AGR_AGR_003(1.0),7185,4,2007,2653,
STATSNZ:AGR_AGR_003(1.0),6724,7,2007,99503,
STATSNZ:AGR_AGR_003(1.0),6727,4,2007,837,
STATSNZ:AGR_AGR_003(1.0),6738,14,2007,2327,
STATSNZ:AGR_AGR_003(1.0),6703,11,2007,298186,
STATSNZ:AGR_AGR_003(1.0),6701,4,2007,19036,
STATSNZ:AGR_AGR_003(1.0),6702,1,2007,363752,
STATSNZ:AGR_AGR_003(1.0),7699,11,2007,20632,
STATSNZ:AGR_AGR_003(1.0),7685,8,2007,8162,
STATSNZ:AGR_AGR_003(1.0),7687,15,2007,185944,
STATSNZ:AGR_AGR_003(1.0),7810,9,2007,2276,
STATSNZ:AGR_AGR_003(1.0),7077,12,2008,1522,
STATSNZ:AGR_AGR_003(1.0),7056,9,2008,39630,
STATSNZ:AGR_AGR_003(1.0),7058,16,2008,9903,
STATSNZ:AGR_AGR_003(1.0),7184,9,2008,15465,
STATSNZ:AGR_AGR_003(1.0),7186,16,2008,825,
STATSNZ:AGR_AGR_003(1.0),7186,20,2008,15572,
STATSNZ:AGR_AGR_003(1.0),6703,7,2008,539930,
STATSNZ:AGR_AGR_003(1.0),6701,4,2008,17507,
STATSNZ:AGR_AGR_003(1.0),7057,18,2009,1433,
STATSNZ:AGR_AGR_003(1.0),7059,8,2009,50249,
STATSNZ:AGR_AGR_003(1.0),7065,15,2009,26262,
STATSNZ:AGR_AGR_003(1.0),7185,1,2009,3788,
STATSNZ:AGR_AGR_003(1.0),7187,8,2009,323026,
STATSNZ:AGR_AGR_003(1.0),6731,12,2009,4673,
STATSNZ:AGR_AGR_003(1.0),6701,20,2009,671682,
STATSNZ:AGR_AGR_003(1.0),7685,3,2009,8318,
STATSNZ:AGR_AGR_003(1.0),7696,17,2009,90807,
STATSNZ:AGR_AGR_003(1.0),7065,14,2010,756,
STATSNZ:AGR_AGR_003(1.0),7067,4,2010,9817,
STATSNZ:AGR_AGR_003(1.0),7068,1,2010,7361,
STATSNZ:AGR_AGR_003(1.0),7068,18,2010,120,
STATSNZ:AGR_AGR_003(1.0),7071,11,2010,729,
STATSNZ:AGR_AGR_003(1.0),7072,8,2010,35594,
STATSNZ:AGR_AGR_003(1.0),7074,15,2010,127807,
STATSNZ:AGR_AGR_003(1.0),6731,9,2010,1633879,
STATSNZ:AGR_AGR_003(1.0),6720,2,2010,2980,
STATSNZ:AGR_AGR_003(1.0),6721,16,2010,3794769,
STATSNZ:AGR_AGR_003(1.0),6721,20,2010,21793694,
STATSNZ:AGR_AGR_003(1.0),6724,16,2010,747746,
STATSNZ:AGR_AGR_003(1.0),6727,13,2010,31704,
STATSNZ:AGR_AGR_003(1.0),7696,20,2010,428470,
STATSNZ:AGR_AGR_003(1.0),6955,19,2010,427102,
STATSNZ:AGR_AGR_003(1.0),7077,6,2011,488087,
STATSNZ:AGR_AGR_003(1.0),7056,3,2011,85389,
STATSNZ:AGR_AGR_003(1.0),7184,3,2011,225432,
STATSNZ:AGR_AGR_003(1.0),7187,7,2011,506138,
STATSNZ:AGR_AGR_003(1.0),7188,10,2011,253889,
STATSNZ:AGR_AGR_003(1.0),6703,1,2011,285574,
STATSNZ:AGR_AGR_003(1.0),7699,5,2011,17196,
STATSNZ:AGR_AGR_003(1.0),7685,15,2011,30329,
STATSNZ:AGR_AGR_003(1.0),7058,19,2012,27839,
STATSNZ:AGR_AGR_003(1.0),7064,10,2012,314974,
STATSNZ:AGR_AGR_003(1.0),7064,17,2012,29541,
STATSNZ:AGR_AGR_003(1.0),7193,2,2012,117281,
STATSNZ:AGR_AGR_003(1.0),7184,16,2012,55517,
STATSNZ:AGR_AGR_003(1.0),7184,20,2012,918935,
STATSNZ:AGR_AGR_003(1.0),6722,11,2012,3493,
STATSNZ:AGR_AGR_003(1.0),7699,5,2012,17323,
STATSNZ:AGR_AGR_003(1.0),7688,2,2012,2334,
STATSNZ:AGR_AGR_003(1.0),7696,16,2012,66470,
STATSNZ:AGR_AGR_003(1.0),6954,9,2012,14039,
STATSNZ:AGR_AGR_003(1.0),6949,6,2012,740,
STATSNZ:AGR_AGR_003(1.0),7074,19,2013,284101,
STATSNZ:AGR_AGR_003(1.0),7184,10,2013,538188,
STATSNZ:AGR_AGR_003(1.0),7184,17,2013,98024,
STATSNZ:AGR_AGR_003(1.0),7188,14,2013,13368,
STATSNZ:AGR_AGR_003(1.0),7190,11,2013,45058,
STATSNZ:AGR_AGR_003(1.0),6720,18,2013,495,
STATSNZ:AGR_AGR_003(1.0),6723,20,2013,1998722,
STATSNZ:AGR_AGR_003(1.0),7686,11,2013,3169,
STATSNZ:AGR_AGR_003(1.0),7077,17,2014,173957,
STATSNZ:AGR_AGR_003(1.0),7056,14,2014,13004,
STATSNZ:AGR_AGR_003(1.0),7057,7,2014,3353,
STATSNZ:AGR_AGR_003(1.0),7058,4,2014,3263,
STATSNZ:AGR_AGR_003(1.0),7064,11,2014,5264,
STATSNZ:AGR_AGR_003(1.0),7066,18,2014,575,
STATSNZ:AGR_AGR_003(1.0),7073,16,2014,10387,
STATSNZ:AGR_AGR_003(1.0),7186,4,2014,2283,
STATSNZ:AGR_AGR_003(1.0),7187,1,2014,269359,
STATSNZ:AGR_AGR_003(1.0),7190,8,2014,279872,
STATSNZ:AGR_AGR_003(1.0),6731,18,2014,62234,
STATSNZ:AGR_AGR_003(1.0),6720,15,2014,50862,
STATSNZ:AGR_AGR_003(1.0),6702,2,2014,141463,
STATSNZ:AGR_AGR_003(1.0),7699,20,2014,958219,
STATSNZ:AGR_AGR_003(1.0),7687,16,2014,75424,
STATSNZ:AGR_AGR_003(1.0),7688,13,2014,1433,
STATSNZ:AGR_AGR_003(1.0),7058,4,2015,3717,
STATSNZ:AGR_AGR_003(1.0),7064,11,2015,5249,
STATSNZ:AGR_AGR_003(1.0),7065,8,2015,48115,
STATSNZ:AGR_AGR_003(1.0),7066,1,2015,38880,
STATSNZ:AGR_AGR_003(1.0),7184,19,2015,441112,
STATSNZ:AGR_AGR_003(1.0),7186,10,2015,27498,
STATSNZ:AGR_AGR_003(1.0),7190,8,2015,280112,
STATSNZ:AGR_AGR_003(1.0),6731,14,2015,24679,
STATSNZ:AGR_AGR_003(1.0),6724,12,2015,1904,
STATSNZ:AGR_AGR_003(1.0),7699,20,2015,900100,
STATSNZ:AGR_AGR_003(1.0),7686,6,2015,15965,
STATSNZ:AGR_AGR_003(1.0),7688,13,2015,994,
STATSNZ:AGR_AGR_003(1.0),6954,3,2015,37715,
STATSNZ:AGR_AGR_003(1.0),6949,10,2015,11937,
STATSNZ:AGR_AGR_003(1.0),6949,17,2015,122,
STATSNZ:AGR_AGR_003(1.0),6951,19,2015,3057,
STATSNZ:AGR_AGR_003(1.0),7064,9,2016,14879,
STATSNZ:AGR_AGR_003(1.0),7065,6,2016,25890,
STATSNZ:AGR_AGR_003(1.0),7066,20,2016,384460,
STATSNZ:AGR_AGR_003(1.0),7184,8,2016,102261,
STATSNZ:AGR_AGR_003(1.0),7190,6,2016,40064,
STATSNZ:AGR_AGR_003(1.0),6724,19,2016,2191289,
STATSNZ:AGR_AGR_003(1.0),6727,7,2016,640,
STATSNZ:AGR_AGR_003(1.0),7686,4,2016,,c
STATSNZ:AGR_AGR_003(1.0),7688,11,2016,,c
STATSNZ:AGR_AGR_003(1.0),6954,1,2016,3321,
STATSNZ:AGR_AGR_003(1.0),6954,18,2016,0,
STATSNZ:AGR_AGR_003(1.0),6949,15,2016,12900,
STATSNZ:AGR_AGR_003(1.0),6951,8,2016,325,
STATSNZ:AGR_AGR_003(1.0),6953,5,2016,332,
STATSNZ:AGR_AGR_003(1.0),7065,16,2017,8891,
STATSNZ:AGR_AGR_003(1.0),7065,20,2017,209779,
STATSNZ:AGR_AGR_003(1.0),7068,7,2017,4434,
STATSNZ:AGR_AGR_003(1.0),7184,11,2017,8395,
STATSNZ:AGR_AGR_003(1.0),7186,18,2017,0,
STATSNZ:AGR_AGR_003(1.0),7190,20,2017,4627959,
STATSNZ:AGR_AGR_003(1.0),6721,3,2017,1009598,
STATSNZ:AGR_AGR_003(1.0),6723,19,2017,878104,
STATSNZ:AGR_AGR_003(1.0),6727,17,2017,5586,
STATSNZ:AGR_AGR_003(1.0),6949,8,2017,2153,
STATSNZ:AGR_AGR_003(1.0),6955,16,2017,17456,
STATSNZ:AGR_AGR_003(1.0),7077,13,2018,57389,
STATSNZ:AGR_AGR_003(1.0),7072,7,2018,6010,
STATSNZ:AGR_AGR_003(1.0),7073,4,2018,8680,
STATSNZ:AGR_AGR_003(1.0),7185,18,2018,0,
STATSNZ:AGR_AGR_003(1.0),6724,4,2018,,s
STATSNZ:AGR_AGR_003(1.0),6727,1,2018,,s
STATSNZ:AGR_AGR_003(1.0),6701,1,2018,11272,
STATSNZ:AGR_AGR_003(1.0),6701,18,2018,,s
STATSNZ:AGR_AGR_003(1.0),6702,15,2018,3079159,
STATSNZ:AGR_AGR_003(1.0),7699,8,2018,56295,
STATSNZ:AGR_AGR_003(1.0),7685,5,2018,,s
STATSNZ:AGR_AGR_003(1.0),6953,20,2018,254720,
STATSNZ:AGR_AGR_003(1.0),7810,6,2018,1656,
STATSNZ:AGR_AGR_003(1.0),7064,3,2019,71473,
STATSNZ:AGR_AGR_003(1.0),7065,10,2019,168232,
STATSNZ:AGR_AGR_003(1.0),7066,19,2019,113797,
STATSNZ:AGR_AGR_003(1.0),7067,7,2019,17146,
STATSNZ:AGR_AGR_003(1.0),7068,10,2019,55459,
STATSNZ:AGR_AGR_003(1.0),7068,17,2019,,s
STATSNZ:AGR_AGR_003(1.0),7186,9,2019,265,
STATSNZ:AGR_AGR_003(1.0),7190,10,2019,2735002,
STATSNZ:AGR_AGR_003(1.0),6722,14,2019,,s
STATSNZ:AGR_AGR_003(1.0),6724,4,2019,18293,
STATSNZ:AGR_AGR_003(1.0),6727,18,2019,,s
STATSNZ:AGR_AGR_003(1.0),6738,11,2019,24749,
STATSNZ:AGR_AGR_003(1.0),7688,5,2019,,s
STATSNZ:AGR_AGR_003(1.0),6954,12,2019,0,
STATSNZ:AGR_AGR_003(1.0),6949,9,2019,1082,
STATSNZ:AGR_AGR_003(1.0),6951,2,2019,,s
STATSNZ:AGR_AGR_003(1.0),6953,16,2019,7935,
STATSNZ:AGR_AGR_003(1.0),6953,20,2019,224970,
STATSNZ:AGR_AGR_003(1.0),7059,6,2020,36629,
STATSNZ:AGR_AGR_003(1.0),7065,13,2020,1946,
STATSNZ:AGR_AGR_003(1.0),7066,19,2020,127291,
STATSNZ:AGR_AGR_003(1.0),7067,3,2020,55406,
STATSNZ:AGR_AGR_003(1.0),7068,10,2020,49751,
STATSNZ:AGR_AGR_003(1.0),7071,19,2020,18978,
STATSNZ:AGR_AGR_003(1.0),7072,7,2020,4135,
STATSNZ:AGR_AGR_003(1.0),7073,17,2020,,s
STATSNZ:AGR_AGR_003(1.0),7074,14,2020,7684,
STATSNZ:AGR_AGR_003(1.0),7187,4,2020,230550,
STATSNZ:AGR_AGR_003(1.0),7188,1,2020,,s
STATSNZ:AGR_AGR_003(1.0),6731,8,2020,4680562,
STATSNZ:AGR_AGR_003(1.0),6721,15,2020,2556573,
STATSNZ:AGR_AGR_003(1.0),6722,8,2020,,s
STATSNZ:AGR_AGR_003(1.0),6723,5,2020,129408,
STATSNZ:AGR_AGR_003(1.0),6727,12,2020,,s
STATSNZ:AGR_AGR_003(1.0),7696,15,2020,97471,
STATSNZ:AGR_AGR_003(1.0),6954,12,2020,,s
STATSNZ:AGR_AGR_003(1.0),6949,5,2020,,s
STATSNZ:AGR_AGR_003(1.0),6951,2,2020,,s
STATSNZ:AGR_AGR_003(1.0),6955,9,2020,27982,
STATSNZ:AGR_AGR_003(1.0),7059,5,2021,23835,
STATSNZ:AGR_AGR_003(1.0),7064,2,2021,,s
STATSNZ:AGR_AGR_003(1.0),7068,16,2021,6519,
STATSNZ:AGR_AGR_003(1.0),7193,4,2021,313358,
STATSNZ:AGR_AGR_003(1.0),7188,2,2021,,s
STATSNZ:AGR_AGR_003(1.0),6721,16,2021,3106121,
STATSNZ:AGR_AGR_003(1.0),6723,6,2021,178172,
STATSNZ:AGR_AGR_003(1.0),7685,10,2021,42832,
STATSNZ:AGR_AGR_003(1.0),7687,7,2021,1036,
STATSNZ:AGR_AGR_003(1.0),7696,14,2021,9594,
STATSNZ:AGR_AGR_003(1.0),6954,11,2021,,s
STATSNZ:AGR_AGR_003(1.0),6949,4,2021,,s
STATSNZ:AGR_AGR_003(1.0),7066,4,2022,18905,
STATSNZ:AGR_AGR_003(1.0),7067,1,2022,32335,
STATSNZ:AGR_AGR_003(1.0),7072,18,2022,680,
STATSNZ:AGR_AGR_003(1.0),7073,15,2022,33833,
STATSNZ:AGR_AGR_003(1.0),6720,1,2022,2644,
STATSNZ:AGR_AGR_003(1.0),6724,15,2022,957820,
STATSNZ:AGR_AGR_003(1.0),6727,12,2022,,s
STATSNZ:AGR_AGR_003(1.0),6738,5,2022,171119,
STATSNZ:AGR_AGR_003(1.0),6703,2,2022,152064,
STATSNZ:AGR_AGR_003(1.0),7688,20,2022,152081,
STATSNZ:AGR_AGR_003(1.0),6954,6,2022,4240,
STATSNZ:AGR_AGR_003(1.0),6949,3,2022,3850,
STATSNZ:AGR_AGR_003(1.0),6951,13,2022,0,
STATSNZ:AGR_AGR_003(1.0),6953,19,2022,155909,
STATSNZ:AGR_AGR_003(1.0),7810,10,2022,23692,
STATSNZ:AGR_AGR_003(1.0),7059,10,2023,222805,
STATSNZ:AGR_AGR_003(1.0),7065,7,2023,8085,
STATSNZ:AGR_AGR_003(1.0),7066,4,2023,12675,
STATSNZ:AGR_AGR_003(1.0),7067,14,2023,,s
STATSNZ:AGR_AGR_003(1.0),7068,11,2023,,s
STATSNZ:AGR_AGR_003(1.0),7072,18,2023,,s
STATSNZ:AGR_AGR_003(1.0),7073,11,2023,,s
STATSNZ:AGR_AGR_003(1.0),7074,8,2023,132027,
STATSNZ:AGR_AGR_003(1.0),7184,15,2023,204459,
STATSNZ:AGR_AGR_003(1.0),7190,5,2023,,s
STATSNZ:AGR_AGR_003(1.0),6731,2,2023,201464,
STATSNZ:AGR_AGR_003(1.0),6723,16,2023,192935,
STATSNZ:AGR_AGR_003(1.0),6723,20,2023,1792773,
STATSNZ:AGR_AGR_003(1.0),6727,6,2023,2836,
STATSNZ:AGR_AGR_003(1.0),6949,16,2023,804,
STATSNZ:AGR_AGR_003(1.0),6949,20,2023,22365,
STATSNZ:AGR_AGR_003(1.0),6951,13,2023,1,
STATSNZ:AGR_AGR_003(1.0),6953,6,2023,4123,
STATSNZ:AGR_AGR_003(1.0),6955,3,2023,90909,
STATSNZ:AGR_AGR_003(1.0),7057,2,2024,4457,
STATSNZ:AGR_AGR_003(1.0),7065,16,2024,,s
STATSNZ:AGR_AGR_003(1.0),7068,7,2024,,s
STATSNZ:AGR_AGR_003(1.0),7185,2,2024,,s
STATSNZ:AGR_AGR_003(1.0),7186,20,2024,,s
STATSNZ:AGR_AGR_003(1.0),7188,6,2024,,s
STATSNZ:AGR_AGR_003(1.0),7190,16,2024,202389,
STATSNZ:AGR_AGR_003(1.0),7190,20,2024,4042361,
STATSNZ:AGR_AGR_003(1.0),6731,13,2024,374416,
STATSNZ:AGR_AGR_003(1.0),6721,3,2024,803586,
STATSNZ:AGR_AGR_003(1.0),7685,4,2024,3873,
STATSNZ:AGR_AGR_003(1.0),6955,16,2024,15718,
STATSNZ:AGR_AGR_003(1.0),6720,10,1994,258560,
STATSNZ:AGR_AGR_003(1.0),7687,15,1994,112368,
STATSNZ:AGR_AGR_003(1.0),7190,16,1994,49464,
STATSNZ:AGR_AGR_003(1.0),6723,4,1994,18230,
STATSNZ:AGR_AGR_003(1.0),7185,4,1994,2729,
STATSNZ:AGR_AGR_003(1.0),6721,15,2002,5035510,
STATSNZ:AGR_AGR_003(1.0),6723,20,2002,2374210,
STATSNZ:AGR_AGR_003(1.0),7056,10,2002,769951,
STATSNZ:AGR_AGR_003(1.0),6724,6,2002,619091,
STATSNZ:AGR_AGR_003(1.0),6738,3,2002,227491,
STATSNZ:AGR_AGR_003(1.0),7074,8,2002,175400,
STATSNZ:AGR_AGR_003(1.0),7188,3,2002,67917,
STATSNZ:AGR_AGR_003(1.0),7056,17,2002,55458,
STATSNZ:AGR_AGR_003(1.0),7688,16,2002,29922,
STATSNZ:AGR_AGR_003(1.0),6953,1,2002,3870,
STATSNZ:AGR_AGR_003(1.0),6954,14,2002,322,
STATSNZ:AGR_AGR_003(1.0),7066,12,2002,319,
STATSNZ:AGR_AGR_003(1.0),6721,9,2003,1204153,
STATSNZ:AGR_AGR_003(1.0),6955,3,2003,116572,
STATSNZ:AGR_AGR_003(1.0),7056,8,2003,189069,
STATSNZ:AGR_AGR_003(1.0),7057,16,2003,10545,
STATSNZ:AGR_AGR_003(1.0),7059,13,2003,4940,
STATSNZ:AGR_AGR_003(1.0),7071,8,2003,22014,
STATSNZ:AGR_AGR_003(1.0),7074,20,2003,1079334,
STATSNZ:AGR_AGR_003(1.0),7186,11,2003,178,
STATSNZ:AGR_AGR_003(1.0),7687,10,2003,299220,
STATSNZ:AGR_AGR_003(1.0),7077,9,2004,174206,
STATSNZ:AGR_AGR_003(1.0),7056,2,2004,28475,
STATSNZ:AGR_AGR_003(1.0),7066,15,2004,58121,
STATSNZ:AGR_AGR_003(1.0),7073,10,2004,272397,
STATSNZ:AGR_AGR_003(1.0),7190,13,2004,14987,
STATSNZ:AGR_AGR_003(1.0),6720,19,2004,205962,
STATSNZ:AGR_AGR_003(1.0),6724,9,2004,270958,
STATSNZ:AGR_AGR_003(1.0),6703,13,2004,417336,
STATSNZ:AGR_AGR_003(1.0),6702,11,2004,247265,
STATSNZ:AGR_AGR_003(1.0),7699,4,2004,68044,
STATSNZ:AGR_AGR_003(1.0),7686,1,2004,3305,
STATSNZ:AGR_AGR_003(1.0),7687,8,2004,71680,
STATSNZ:AGR_AGR_003(1.0),6954,17,2004,3322,
STATSNZ:AGR_AGR_003(1.0),6953,4,2004,6617,
STATSNZ:AGR_AGR_003(1.0),7057,15,2005,20691,
STATSNZ:AGR_AGR_003(1.0),7064,5,2005,36086,
STATSNZ:AGR_AGR_003(1.0),7066,3,2005,89834,
STATSNZ:AGR_AGR_003(1.0),7193,6,2005,82772,
STATSNZ:AGR_AGR_003(1.0),7184,16,2005,24147,
STATSNZ:AGR_AGR_003(1.0),7190,4,2005,225803,
STATSNZ:AGR_AGR_003(1.0),6724,20,2005,5850583,
STATSNZ:AGR_AGR_003(1.0),6701,11,2005,10939,
STATSNZ:AGR_AGR_003(1.0),7688,7,2005,990,
STATSNZ:AGR_AGR_003(1.0),6949,15,2005,21176,
STATSNZ:AGR_AGR_003(1.0),7064,14,2006,5849,
STATSNZ:AGR_AGR_003(1.0),7186,5,2006,127,
STATSNZ:AGR_AGR_003(1.0),6721,3,2006,1867391,
STATSNZ:AGR_AGR_003(1.0),6727,15,2006,193269,
STATSNZ:AGR_AGR_003(1.0),7688,1,2006,2285,
STATSNZ:AGR_AGR_003(1.0),6955,14,2006,375,
STATSNZ:AGR_AGR_003(1.0),7077,3,2007,676584,
STATSNZ:AGR_AGR_003(1.0),7056,13,2007,23704,
STATSNZ:AGR_AGR_003(1.0),7066,9,2007,15343,
STATSNZ:AGR_AGR_003(1.0),7067,16,2007,39318,
STATSNZ:AGR_AGR_003(1.0),7071,13,2007,402,
STATSNZ:AGR_AGR_003(1.0),7074,4,2007,22389,
STATSNZ:AGR_AGR_003(1.0),7193,12,2007,1862,
STATSNZ:AGR_AGR_003(1.0),7186,16,2007,651,
STATSNZ:AGR_AGR_003(1.0),7190,7,2007,392044,
STATSNZ:AGR_AGR_003(1.0),6720,4,2007,4515,
STATSNZ:AGR_AGR_003(1.0),6721,11,2007,236387,
STATSNZ:AGR_AGR_003(1.0),6724,3,2007,323971,
STATSNZ:AGR_AGR_003(1.0),6703,7,2007,507177,
STATSNZ:AGR_AGR_003(1.0),6701,17,2007,271524,
STATSNZ:AGR_AGR_003(1.0),7699,15,2007,394833,
STATSNZ:AGR_AGR_003(1.0),7687,2,2007,4518,
STATSNZ:AGR_AGR_003(1.0),6953,15,2007,176294,
STATSNZ:AGR_AGR_003(1.0),6955,8,2007,50402,
STATSNZ:AGR_AGR_003(1.0),7058,5,2008,8095,
STATSNZ:AGR_AGR_003(1.0),7059,13,2008,4544,
STATSNZ:AGR_AGR_003(1.0),7066,17,2008,21984,
STATSNZ:AGR_AGR_003(1.0),7074,13,2008,20670,
STATSNZ:AGR_AGR_003(1.0),7188,8,2008,27654,
STATSNZ:AGR_AGR_003(1.0),6720,16,2008,52794,
STATSNZ:AGR_AGR_003(1.0),6723,6,2008,160296,
STATSNZ:AGR_AGR_003(1.0),7077,9,2009,146794,
STATSNZ:AGR_AGR_003(1.0),7073,10,2009,192586,
STATSNZ:AGR_AGR_003(1.0),7074,7,2009,25354,
STATSNZ:AGR_AGR_003(1.0),7184,4,2009,44589,
STATSNZ:AGR_AGR_003(1.0),6731,20,2009,32383589,
STATSNZ:AGR_AGR_003(1.0),6720,7,2009,5326,
STATSNZ:AGR_AGR_003(1.0),6723,15,2009,273451,
STATSNZ:AGR_AGR_003(1.0),7686,15,2009,73162,
STATSNZ:AGR_AGR_003(1.0),7687,8,2009,38021,
STATSNZ:AGR_AGR_003(1.0),7696,6,2009,26258,
STATSNZ:AGR_AGR_003(1.0),6951,19,2009,3238,
STATSNZ:AGR_AGR_003(1.0),6953,3,2009,36353,
STATSNZ:AGR_AGR_003(1.0),7077,14,2010,31816,
STATSNZ:AGR_AGR_003(1.0),7058,18,2010,239,
STATSNZ:AGR_AGR_003(1.0),7068,14,2010,666,
STATSNZ:AGR_AGR_003(1.0),7073,5,2010,13761,
STATSNZ:AGR_AGR_003(1.0),7193,2,2010,98416,
STATSNZ:AGR_AGR_003(1.0),6731,5,2010,1589785,
STATSNZ:AGR_AGR_003(1.0),6720,15,2010,53144,
STATSNZ:AGR_AGR_003(1.0),6727,10,2010,53399,
STATSNZ:AGR_AGR_003(1.0),6727,17,2010,6559,
STATSNZ:AGR_AGR_003(1.0),6949,8,2010,3168,
STATSNZ:AGR_AGR_003(1.0),7056,16,2011,88845,
STATSNZ:AGR_AGR_003(1.0),7058,20,2011,154323,
STATSNZ:AGR_AGR_003(1.0),7066,11,2011,6680,
STATSNZ:AGR_AGR_003(1.0),7073,20,2011,277532,
STATSNZ:AGR_AGR_003(1.0),7074,9,2011,36227,
STATSNZ:AGR_AGR_003(1.0),7193,17,2011,614648,
STATSNZ:AGR_AGR_003(1.0),6723,10,2011,1018821,
STATSNZ:AGR_AGR_003(1.0),7699,3,2011,76961,
STATSNZ:AGR_AGR_003(1.0),7696,5,2011,6417,
STATSNZ:AGR_AGR_003(1.0),6954,15,2011,176693,
STATSNZ:AGR_AGR_003(1.0),7077,17,2012,172150,
STATSNZ:AGR_AGR_003(1.0),7064,4,2012,11574,
STATSNZ:AGR_AGR_003(1.0),7065,12,2012,129,
STATSNZ:AGR_AGR_003(1.0),7068,16,2012,5402,
STATSNZ:AGR_AGR_003(1.0),7072,10,2012,200925,
STATSNZ:AGR_AGR_003(1.0),7184,12,2012,,c
STATSNZ:AGR_AGR_003(1.0),6731,7,2012,434402,
STATSNZ:AGR_AGR_003(1.0),6722,15,2012,57164,
STATSNZ:AGR_AGR_003(1.0),7688,6,2012,14615,
STATSNZ:AGR_AGR_003(1.0),6951,18,2012,0,
STATSNZ:AGR_AGR_003(1.0),7077,7,2013,118526,
STATSNZ:AGR_AGR_003(1.0),7056,15,2013,129851,
STATSNZ:AGR_AGR_003(1.0),7065,3,2013,42823,
STATSNZ:AGR_AGR_003(1.0),7066,19,2013,131446,
STATSNZ:AGR_AGR_003(1.0),7068,7,2013,,s
STATSNZ:AGR_AGR_003(1.0),7185,19,2013,32743,
STATSNZ:AGR_AGR_003(1.0),7188,1,2013,28468,
STATSNZ:AGR_AGR_003(1.0),7188,18,2013,,c
STATSNZ:AGR_AGR_003(1.0),6720,5,2013,16268,
STATSNZ:AGR_AGR_003(1.0),6723,14,2013,3751,
STATSNZ:AGR_AGR_003(1.0),6738,1,2013,78441,
STATSNZ:AGR_AGR_003(1.0),6738,18,2013,11290,
STATSNZ:AGR_AGR_003(1.0),6703,11,2013,220263,
STATSNZ:AGR_AGR_003(1.0),6702,9,2013,1237750,
STATSNZ:AGR_AGR_003(1.0),7686,13,2013,1486,
STATSNZ:AGR_AGR_003(1.0),6954,12,2013,,c
STATSNZ:AGR_AGR_003(1.0),6951,9,2013,,c
STATSNZ:AGR_AGR_003(1.0),6953,2,2013,,c
STATSNZ:AGR_AGR_003(1.0),6953,16,2013,10245,
STATSNZ:AGR_AGR_003(1.0),7056,19,2014,314525,
STATSNZ:AGR_AGR_003(1.0),7066,5,2014,26926,
STATSNZ:AGR_AGR_003(1.0),7074,3,2014,75191,
STATSNZ:AGR_AGR_003(1.0),7186,15,2014,,s
STATSNZ:AGR_AGR_003(1.0),7190,6,2014,25037,
STATSNZ:AGR_AGR_003(1.0),6724,1,2014,51024,
STATSNZ:AGR_AGR_003(1.0),6724,16,2014,688349,
STATSNZ:AGR_AGR_003(1.0),6703,6,2014,2117644,
STATSNZ:AGR_AGR_003(1.0),7699,14,2014,31428,
STATSNZ:AGR_AGR_003(1.0),6954,9,2014,11280,
STATSNZ:AGR_AGR_003(1.0),7058,15,2015,14042,
STATSNZ:AGR_AGR_003(1.0),7068,19,2015,30990,
STATSNZ:AGR_AGR_003(1.0),6731,1,2015,381256,
STATSNZ:AGR_AGR_003(1.0),6722,9,2015,17970,
STATSNZ:AGR_AGR_003(1.0),7685,9,2015,1706,
STATSNZ:AGR_AGR_003(1.0),7686,2,2015,1482,
STATSNZ:AGR_AGR_003(1.0),7688,10,2015,56931,
STATSNZ:AGR_AGR_003(1.0),6949,4,2015,226,
STATSNZ:AGR_AGR_003(1.0),7058,13,2016,1639,
STATSNZ:AGR_AGR_003(1.0),7068,8,2016,9596,
STATSNZ:AGR_AGR_003(1.0),7073,16,2016,17348,
STATSNZ:AGR_AGR_003(1.0),6731,16,2016,4818842,
STATSNZ:AGR_AGR_003(1.0),6722,7,2016,5021,
STATSNZ:AGR_AGR_003(1.0),7686,10,2016,53096,
STATSNZ:AGR_AGR_003(1.0),7686,17,2016,36121,
STATSNZ:AGR_AGR_003(1.0),6949,2,2016,,c
STATSNZ:AGR_AGR_003(1.0),7059,7,2017,10427,
STATSNZ:AGR_AGR_003(1.0),7072,19,2017,48324,
STATSNZ:AGR_AGR_003(1.0),7185,12,2017,57,
STATSNZ:AGR_AGR_003(1.0),7188,2,2017,9027,
STATSNZ:AGR_AGR_003(1.0),6721,1,2017,195315,
STATSNZ:AGR_AGR_003(1.0),6721,18,2017,40799,
STATSNZ:AGR_AGR_003(1.0),6738,3,2017,123891,
STATSNZ:AGR_AGR_003(1.0),6703,13,2017,322741,
STATSNZ:AGR_AGR_003(1.0),7687,9,2017,4626,
STATSNZ:AGR_AGR_003(1.0),7688,16,2017,21750,
STATSNZ:AGR_AGR_003(1.0),6954,13,2017,1398,
STATSNZ:AGR_AGR_003(1.0),6953,4,2017,1382,
STATSNZ:AGR_AGR_003(1.0),7064,20,2018,487458,
STATSNZ:AGR_AGR_003(1.0),7065,6,2018,21864,
STATSNZ:AGR_AGR_003(1.0),7067,3,2018,62778,
STATSNZ:AGR_AGR_003(1.0),7184,6,2018,13202,
STATSNZ:AGR_AGR_003(1.0),7187,14,2018,115270,
STATSNZ:AGR_AGR_003(1.0),6722,19,2018,222393,
STATSNZ:AGR_AGR_003(1.0),6723,17,2018,253238,
STATSNZ:AGR_AGR_003(1.0),6727,14,2018,141,
STATSNZ:AGR_AGR_003(1.0),6738,7,2018,33765,
STATSNZ:AGR_AGR_003(1.0),6701,5,2018,82678,
STATSNZ:AGR_AGR_003(1.0),7685,9,2018,2459,
STATSNZ:AGR_AGR_003(1.0),7696,8,2018,20341,
STATSNZ:AGR_AGR_003(1.0),6949,5,2018,,s
STATSNZ:AGR_AGR_003(1.0),6951,12,2018,0,
STATSNZ:AGR_AGR_003(1.0),7057,20,2019,202444,
STATSNZ:AGR_AGR_003(1.0),7058,7,2019,4915,
STATSNZ:AGR_AGR_003(1.0),7068,2,2019,1084,
STATSNZ:AGR_AGR_003(1.0),7073,19,2019,73057,
STATSNZ:AGR_AGR_003(1.0),7184,10,2019,533391,
STATSNZ:AGR_AGR_003(1.0),6720,3,2019,16922,
STATSNZ:AGR_AGR_003(1.0),6722,1,2019,6021,
STATSNZ:AGR_AGR_003(1.0),6727,5,2019,,s
STATSNZ:AGR_AGR_003(1.0),6738,13,2019,62043,
STATSNZ:AGR_AGR_003(1.0),7686,11,2019,899,
STATSNZ:AGR_AGR_003(1.0),6951,6,2019,,s
STATSNZ:AGR_AGR_003(1.0),6953,14,2019,15,
STATSNZ:AGR_AGR_003(1.0),7077,3,2020,539643,
STATSNZ:AGR_AGR_003(1.0),7066,6,2020,37693,
STATSNZ:AGR_AGR_003(1.0),7067,16,2020,41329,
STATSNZ:AGR_AGR_003(1.0),7071,14,2020,,s
STATSNZ:AGR_AGR_003(1.0),7074,1,2020,67834,
STATSNZ:AGR_AGR_003(1.0),7074,18,2020,,s
STATSNZ:AGR_AGR_003(1.0),7186,17,2020,,s
STATSNZ:AGR_AGR_003(1.0),7188,14,2020,,s
STATSNZ:AGR_AGR_003(1.0),7190,7,2020,415152,
STATSNZ:AGR_AGR_003(1.0),6723,9,2020,126294,
STATSNZ:AGR_AGR_003(1.0),6702,5,2020,1193833,
STATSNZ:AGR_AGR_003(1.0),7699,12,2020,0,
STATSNZ:AGR_AGR_003(1.0),7696,10,2020,86879,
STATSNZ:AGR_AGR_003(1.0),6949,18,2020,0,
STATSNZ:AGR_AGR_003(1.0),7056,12,2021,214,
STATSNZ:AGR_AGR_003(1.0),7059,16,2021,22580,
STATSNZ:AGR_AGR_003(1.0),7065,14,2021,1295,
STATSNZ:AGR_AGR_003(1.0),7066,7,2021,16812,
STATSNZ:AGR_AGR_003(1.0),7185,7,2021,3965,
STATSNZ:AGR_AGR_003(1.0),7188,15,2021,,s
STATSNZ:AGR_AGR_003(1.0),6724,18,2021,,s
STATSNZ:AGR_AGR_003(1.0),6702,6,2021,2023150,
STATSNZ:AGR_AGR_003(1.0),7687,18,2021,0,
STATSNZ:AGR_AGR_003(1.0),7696,1,2021,,s
STATSNZ:AGR_AGR_003(1.0),6953,13,2021,,s
STATSNZ:AGR_AGR_003(1.0),7058,3,2022,21281,
STATSNZ:AGR_AGR_003(1.0),7185,16,2022,2631,
STATSNZ:AGR_AGR_003(1.0),6720,14,2022,478,
STATSNZ:AGR_AGR_003(1.0),6727,20,2022,224094,
STATSNZ:AGR_AGR_003(1.0),6738,9,2022,207138,
STATSNZ:AGR_AGR_003(1.0),7686,5,2022,3255,
STATSNZ:AGR_AGR_003(1.0),7696,9,2022,2529,
STATSNZ:AGR_AGR_003(1.0),6954,17,2022,189,
STATSNZ:AGR_AGR_003(1.0),6951,10,2022,1169,
STATSNZ:AGR_AGR_003(1.0),7056,4,2023,20473,
STATSNZ:AGR_AGR_003(1.0),7059,13,2023,3563,
STATSNZ:AGR_AGR_003(1.0),7066,17,2023,23991,
STATSNZ:AGR_AGR_003(1.0),7067,19,2023,158850,
STATSNZ:AGR_AGR_003(1.0),7071,8,2023,,s
STATSNZ:AGR_AGR_003(1.0),7074,12,2023,,s
STATSNZ:AGR_AGR_003(1.0),7188,8,2023,,s
STATSNZ:AGR_AGR_003(1.0),7190,1,2023,175145,
STATSNZ:AGR_AGR_003(1.0),7190,15,2023,849764,
STATSNZ:AGR_AGR_003(1.0),7190,18,2023,0,
STATSNZ:AGR_AGR_003(1.0),6721,5,2023,738242,
STATSNZ:AGR_AGR_003(1.0),6723,3,2023,127632,
STATSNZ:AGR_AGR_003(1.0),7699,6,2023,65062,
STATSNZ:AGR_AGR_003(1.0),7699,9,2023,,s
STATSNZ:AGR_AGR_003(1.0),7685,16,2023,11550,
STATSNZ:AGR_AGR_003(1.0),6949,12,2023,0,
STATSNZ:AGR_AGR_003(1.0),6955,16,2023,22360,
STATSNZ:AGR_AGR_003(1.0),7077,19,2024,1204134,
STATSNZ:AGR_AGR_003(1.0),7058,14,2024,1023,
STATSNZ:AGR_AGR_003(1.0),7059,7,2024,,s
STATSNZ:AGR_AGR_003(1.0),7065,5,2024,12539,
STATSNZ:AGR_AGR_003(1.0),7068,9,2024,,s
STATSNZ:AGR_AGR_003(1.0),7184,5,2024,,s
STATSNZ:AGR_AGR_003(1.0),7185,12,2024,28,
STATSNZ:AGR_AGR_003(1.0),7188,2,2024,5408,
STATSNZ:AGR_AGR_003(1.0),6731,10,2024,11644650,
STATSNZ:AGR_AGR_003(1.0),6721,18,2024,30018,
STATSNZ:AGR_AGR_003(1.0),6723,16,2024,215960,
STATSNZ:AGR_AGR_003(1.0),6738,3,2024,,s
STATSNZ:AGR_AGR_003(1.0),6703,13,2024,257841,
STATSNZ:AGR_AGR_003(1.0),7687,9,2024,2219,
STATSNZ:AGR_AGR_003(1.0),6954,13,2024,,s
STATSNZ:AGR_AGR_003(1.0),6951,11,2024,0,
STATSNZ:AGR_AGR_003(1.0),6953,4,2024,,s
STATSNZ:AGR_AGR_003(1.0),6721,19,1994,19040327,
STATSNZ:AGR_AGR_003(1.0),6731,3,1994,3606345,
STATSNZ:AGR_AGR_003(1.0),7074,10,1994,958590,
STATSNZ:AGR_AGR_003(1.0),7184,7,1994,103418,
STATSNZ:AGR_AGR_003(1.0),6703,10,2002,14722560,
STATSNZ:AGR_AGR_003(1.0),7193,1,2002,405387,
STATSNZ:AGR_AGR_003(1.0),7187,6,2002,64035,
STATSNZ:AGR_AGR_003(1.0),7073,11,2002,3577,
STATSNZ:AGR_AGR_003(1.0),7074,18,2002,3551,
STATSNZ:AGR_AGR_003(1.0),7072,14,2002,1307,
STATSNZ:AGR_AGR_003(1.0),7071,14,2002,478,
STATSNZ:AGR_AGR_003(1.0),6724,10,2003,2689512,
STATSNZ:AGR_AGR_003(1.0),6949,16,2003,1437,
STATSNZ:AGR_AGR_003(1.0),6953,6,2003,5472,
STATSNZ:AGR_AGR_003(1.0),7064,19,2003,172020,
STATSNZ:AGR_AGR_003(1.0),7065,7,2003,10822,
STATSNZ:AGR_AGR_003(1.0),7066,10,2003,340642,
STATSNZ:AGR_AGR_003(1.0),7066,17,2003,21912,
STATSNZ:AGR_AGR_003(1.0),7067,14,2003,4933,
STATSNZ:AGR_AGR_003(1.0),7068,7,2003,3945,
STATSNZ:AGR_AGR_003(1.0),7072,5,2003,26051,
STATSNZ:AGR_AGR_003(1.0),7073,2,2003,6711,
STATSNZ:AGR_AGR_003(1.0),7190,5,2003,4547,
STATSNZ:AGR_AGR_003(1.0),7193,9,2003,111973,
STATSNZ:AGR_AGR_003(1.0),7810,4,2003,2355,
STATSNZ:AGR_AGR_003(1.0),7810,13,2003,928,
STATSNZ:AGR_AGR_003(1.0),7188,16,2004,5940,
STATSNZ:AGR_AGR_003(1.0),6731,10,2004,18734141,
STATSNZ:AGR_AGR_003(1.0),6721,7,2004,482837,
STATSNZ:AGR_AGR_003(1.0),6703,2,2004,222441,
STATSNZ:AGR_AGR_003(1.0),7064,9,2005,22653,
STATSNZ:AGR_AGR_003(1.0),7065,2,2005,11144,
STATSNZ:AGR_AGR_003(1.0),7066,20,2005,469575,
STATSNZ:AGR_AGR_003(1.0),7067,10,2005,333951,
STATSNZ:AGR_AGR_003(1.0),7187,19,2005,1078404,
STATSNZ:AGR_AGR_003(1.0),7696,4,2005,24274,
STATSNZ:AGR_AGR_003(1.0),6954,1,2005,7052,
STATSNZ:AGR_AGR_003(1.0),6949,11,2005,91,
STATSNZ:AGR_AGR_003(1.0),6951,8,2005,251,
STATSNZ:AGR_AGR_003(1.0),6955,6,2005,8865,
STATSNZ:AGR_AGR_003(1.0),7066,11,2006,5036,
STATSNZ:AGR_AGR_003(1.0),7067,8,2006,71754,
STATSNZ:AGR_AGR_003(1.0),7068,1,2006,7181,
STATSNZ:AGR_AGR_003(1.0),7072,20,2006,342172,
STATSNZ:AGR_AGR_003(1.0),7074,6,2006,114883,
STATSNZ:AGR_AGR_003(1.0),7193,3,2006,1735353,
STATSNZ:AGR_AGR_003(1.0),7190,20,2006,3313093,
STATSNZ:AGR_AGR_003(1.0),6720,6,2006,38737,
STATSNZ:AGR_AGR_003(1.0),6949,19,2006,22346,
STATSNZ:AGR_AGR_003(1.0),6951,3,2006,880,
STATSNZ:AGR_AGR_003(1.0),6953,10,2006,125532,
STATSNZ:AGR_AGR_003(1.0),7059,15,2007,48754,
STATSNZ:AGR_AGR_003(1.0),7064,12,2007,157,
STATSNZ:AGR_AGR_003(1.0),7074,15,2007,138348,
STATSNZ:AGR_AGR_003(1.0),7188,19,2007,90602,
STATSNZ:AGR_AGR_003(1.0),6720,18,2007,505,
STATSNZ:AGR_AGR_003(1.0),6721,1,2007,312117,
STATSNZ:AGR_AGR_003(1.0),6723,8,2007,423820,
STATSNZ:AGR_AGR_003(1.0),7696,20,2007,536604,
STATSNZ:AGR_AGR_003(1.0),7077,1,2008,507540,
STATSNZ:AGR_AGR_003(1.0),7056,11,2008,11530,
STATSNZ:AGR_AGR_003(1.0),7057,8,2008,23314,
STATSNZ:AGR_AGR_003(1.0),7193,19,2008,1820883,
STATSNZ:AGR_AGR_003(1.0),7187,15,2008,634289,
STATSNZ:AGR_AGR_003(1.0),7190,5,2008,3018,
STATSNZ:AGR_AGR_003(1.0),6731,2,2008,264979,
STATSNZ:AGR_AGR_003(1.0),6720,12,2008,102,
STATSNZ:AGR_AGR_003(1.0),6721,9,2008,1158687,
STATSNZ:AGR_AGR_003(1.0),6738,8,2008,488372,
STATSNZ:AGR_AGR_003(1.0),6703,5,2008,1361388,
STATSNZ:AGR_AGR_003(1.0),6701,15,2008,174226,
STATSNZ:AGR_AGR_003(1.0),7685,19,2008,59170,
STATSNZ:AGR_AGR_003(1.0),7686,3,2008,20479,
STATSNZ:AGR_AGR_003(1.0),7687,10,2008,170438,
STATSNZ:AGR_AGR_003(1.0),7687,17,2008,143281,
STATSNZ:AGR_AGR_003(1.0),7696,7,2008,1185,
STATSNZ:AGR_AGR_003(1.0),7077,5,2009,249657,
STATSNZ:AGR_AGR_003(1.0),7056,2,2009,17642,
STATSNZ:AGR_AGR_003(1.0),7057,3,2009,17609,
STATSNZ:AGR_AGR_003(1.0),7058,10,2009,130485,
STATSNZ:AGR_AGR_003(1.0),6731,14,2009,42889,
STATSNZ:AGR_AGR_003(1.0),6722,1,2009,3862,
STATSNZ:AGR_AGR_003(1.0),6724,8,2009,843230,
STATSNZ:AGR_AGR_003(1.0),6702,7,2009,399444,
STATSNZ:AGR_AGR_003(1.0),7699,4,2009,46053,
STATSNZ:AGR_AGR_003(1.0),7686,11,2009,2611,
STATSNZ:AGR_AGR_003(1.0),7688,9,2009,3501,
STATSNZ:AGR_AGR_003(1.0),6954,16,2009,14638,
STATSNZ:AGR_AGR_003(1.0),6954,20,2009,322788,
STATSNZ:AGR_AGR_003(1.0),7058,8,2010,20662,
STATSNZ:AGR_AGR_003(1.0),7059,5,2010,19836,
STATSNZ:AGR_AGR_003(1.0),7064,15,2010,63310,
STATSNZ:AGR_AGR_003(1.0),7068,3,2010,13989,
STATSNZ:AGR_AGR_003(1.0),7071,10,2010,90527,
STATSNZ:AGR_AGR_003(1.0),7184,20,2010,806920,
STATSNZ:AGR_AGR_003(1.0),7187,3,2010,1422958,
STATSNZ:AGR_AGR_003(1.0),7686,19,2010,173230,
STATSNZ:AGR_AGR_003(1.0),7688,10,2010,69208,
STATSNZ:AGR_AGR_003(1.0),7688,17,2010,50738,
STATSNZ:AGR_AGR_003(1.0),7696,14,2010,14330,
STATSNZ:AGR_AGR_003(1.0),6954,7,2010,15850,
STATSNZ:AGR_AGR_003(1.0),7056,5,2011,81036,
STATSNZ:AGR_AGR_003(1.0),7059,9,2011,14805,
STATSNZ:AGR_AGR_003(1.0),7190,16,2011,180604,
STATSNZ:AGR_AGR_003(1.0),7190,20,2011,3884257,
STATSNZ:AGR_AGR_003(1.0),6731,13,2011,425299,
STATSNZ:AGR_AGR_003(1.0),6720,6,2011,29271,
STATSNZ:AGR_AGR_003(1.0),6721,3,2011,1256289,
STATSNZ:AGR_AGR_003(1.0),6738,2,2011,31091,
STATSNZ:AGR_AGR_003(1.0),6703,16,2011,4196935,
STATSNZ:AGR_AGR_003(1.0),6703,20,2011,24967363,
STATSNZ:AGR_AGR_003(1.0),6702,6,2011,2225123,
STATSNZ:AGR_AGR_003(1.0),7686,14,2011,6650,
STATSNZ:AGR_AGR_003(1.0),7687,11,2011,7849,
STATSNZ:AGR_AGR_003(1.0),7696,1,2011,1032,
STATSNZ:AGR_AGR_003(1.0),7059,18,2012,373,
STATSNZ:AGR_AGR_003(1.0),7064,15,2012,61486,
STATSNZ:AGR_AGR_003(1.0),7067,6,2012,40131,
STATSNZ:AGR_AGR_003(1.0),7068,6,2012,6323,
STATSNZ:AGR_AGR_003(1.0),7071,3,2012,16451,
STATSNZ:AGR_AGR_003(1.0),7071,13,2012,194,
STATSNZ:AGR_AGR_003(1.0),7072,19,2012,45759,
STATSNZ:AGR_AGR_003(1.0),6722,1,2012,2993,
STATSNZ:AGR_AGR_003(1.0),6953,15,2012,148310,
STATSNZ:AGR_AGR_003(1.0),6955,12,2012,,c
STATSNZ:AGR_AGR_003(1.0),6955,15,2012,416401,
STATSNZ:AGR_AGR_003(1.0),7810,12,2012,53,
STATSNZ:AGR_AGR_003(1.0),7057,1,2013,12612,
STATSNZ:AGR_AGR_003(1.0),7064,6,2013,46569,
STATSNZ:AGR_AGR_003(1.0),7071,4,2013,,s
STATSNZ:AGR_AGR_003(1.0),7185,20,2013,75141,
STATSNZ:AGR_AGR_003(1.0),6724,7,2013,77827,
STATSNZ:AGR_AGR_003(1.0),6703,15,2013,3878738,
STATSNZ:AGR_AGR_003(1.0),6701,12,2013,188,
STATSNZ:AGR_AGR_003(1.0),7685,3,2013,7163,
STATSNZ:AGR_AGR_003(1.0),7687,19,2013,351972,
STATSNZ:AGR_AGR_003(1.0),6953,6,2013,7771,
STATSNZ:AGR_AGR_003(1.0),7810,13,2013,577,
STATSNZ:AGR_AGR_003(1.0),7077,15,2014,447244,
STATSNZ:AGR_AGR_003(1.0),7056,20,2014,862530,
STATSNZ:AGR_AGR_003(1.0),7059,3,2014,42271,
STATSNZ:AGR_AGR_003(1.0),7193,15,2014,1333220,
STATSNZ:AGR_AGR_003(1.0),7185,5,2014,1083,
STATSNZ:AGR_AGR_003(1.0),7187,12,2014,,s
STATSNZ:AGR_AGR_003(1.0),7188,9,2014,8234,
STATSNZ:AGR_AGR_003(1.0),7190,19,2014,1463854,
STATSNZ:AGR_AGR_003(1.0),6731,7,2014,502255,
STATSNZ:AGR_AGR_003(1.0),6720,10,2014,148255,
STATSNZ:AGR_AGR_003(1.0),6720,17,2014,41627,
STATSNZ:AGR_AGR_003(1.0),6721,14,2014,43722,
STATSNZ:AGR_AGR_003(1.0),6723,4,2014,23810,
STATSNZ:AGR_AGR_003(1.0),6738,13,2014,52886,
STATSNZ:AGR_AGR_003(1.0),6703,19,2014,13768852,
STATSNZ:AGR_AGR_003(1.0),6701,3,2014,70710,
STATSNZ:AGR_AGR_003(1.0),6702,10,2014,10745904,
STATSNZ:AGR_AGR_003(1.0),6702,17,2014,4325250,
STATSNZ:AGR_AGR_003(1.0),7685,7,2014,,s
STATSNZ:AGR_AGR_003(1.0),7686,8,2014,15131,
STATSNZ:AGR_AGR_003(1.0),7687,5,2014,7726,
STATSNZ:AGR_AGR_003(1.0),7696,12,2014,0,
STATSNZ:AGR_AGR_003(1.0),7059,12,2015,408,
STATSNZ:AGR_AGR_003(1.0),7067,10,2015,246934,
STATSNZ:AGR_AGR_003(1.0),7067,17,2015,25427,
STATSNZ:AGR_AGR_003(1.0),7068,14,2015,895,
STATSNZ:AGR_AGR_003(1.0),7071,7,2015,3164,
STATSNZ:AGR_AGR_003(1.0),7072,4,2015,4613,
STATSNZ:AGR_AGR_003(1.0),7073,4,2015,8324,
STATSNZ:AGR_AGR_003(1.0),7073,14,2015,1449,
STATSNZ:AGR_AGR_003(1.0),6703,18,2015,42989,
STATSNZ:AGR_AGR_003(1.0),6954,18,2015,0,
STATSNZ:AGR_AGR_003(1.0),6953,9,2015,12556,
STATSNZ:AGR_AGR_003(1.0),7810,6,2015,1720,
STATSNZ:AGR_AGR_003(1.0),7810,16,2015,1769,
STATSNZ:AGR_AGR_003(1.0),7059,19,2016,88314,
STATSNZ:AGR_AGR_003(1.0),7065,17,2016,5183,
STATSNZ:AGR_AGR_003(1.0),7066,14,2016,3629,
STATSNZ:AGR_AGR_003(1.0),7067,15,2016,52685,
STATSNZ:AGR_AGR_003(1.0),7071,5,2016,4055,
STATSNZ:AGR_AGR_003(1.0),7072,2,2016,6566,
STATSNZ:AGR_AGR_003(1.0),7073,2,2016,3338,
STATSNZ:AGR_AGR_003(1.0),7073,12,2016,0,
STATSNZ:AGR_AGR_003(1.0),7074,9,2016,31092,
STATSNZ:AGR_AGR_003(1.0),6703,16,2016,4403883,
STATSNZ:AGR_AGR_003(1.0),6954,16,2016,11768,
STATSNZ:AGR_AGR_003(1.0),6953,7,2016,17586,
STATSNZ:AGR_AGR_003(1.0),7810,4,2016,1633,
STATSNZ:AGR_AGR_003(1.0),7810,14,2016,270,
STATSNZ:AGR_AGR_003(1.0),7077,6,2017,421163,
STATSNZ:AGR_AGR_003(1.0),7056,3,2017,68639,
STATSNZ:AGR_AGR_003(1.0),7188,17,2017,57916,
STATSNZ:AGR_AGR_003(1.0),7190,14,2017,122841,
STATSNZ:AGR_AGR_003(1.0),6731,7,2017,497505,
STATSNZ:AGR_AGR_003(1.0),6720,4,2017,3475,
STATSNZ:AGR_AGR_003(1.0),6722,11,2017,2424,
STATSNZ:AGR_AGR_003(1.0),6723,12,2017,,s
STATSNZ:AGR_AGR_003(1.0),6724,9,2017,251487,
STATSNZ:AGR_AGR_003(1.0),6738,20,2017,2618495,
STATSNZ:AGR_AGR_003(1.0),7686,12,2017,0,
STATSNZ:AGR_AGR_003(1.0),7688,2,2017,1689,
STATSNZ:AGR_AGR_003(1.0),7057,5,2018,12364,
STATSNZ:AGR_AGR_003(1.0),7058,2,2018,5214,
STATSNZ:AGR_AGR_003(1.0),7059,12,2018,56,
STATSNZ:AGR_AGR_003(1.0),7064,9,2018,17061,
STATSNZ:AGR_AGR_003(1.0),7068,15,2018,9971,
STATSNZ:AGR_AGR_003(1.0),7071,8,2018,9531,
STATSNZ:AGR_AGR_003(1.0),7072,5,2018,16631,
STATSNZ:AGR_AGR_003(1.0),7073,15,2018,31984,
STATSNZ:AGR_AGR_003(1.0),7074,12,2018,305,
STATSNZ:AGR_AGR_003(1.0),7184,19,2018,369271,
STATSNZ:AGR_AGR_003(1.0),7185,3,2018,,s
STATSNZ:AGR_AGR_003(1.0),7186,10,2018,29425,
STATSNZ:AGR_AGR_003(1.0),7186,17,2018,,s
STATSNZ:AGR_AGR_003(1.0),7190,8,2018,312901,
STATSNZ:AGR_AGR_003(1.0),7687,14,2018,12943,
STATSNZ:AGR_AGR_003(1.0),7688,11,2018,2447,
STATSNZ:AGR_AGR_003(1.0),6954,18,2018,0,
STATSNZ:AGR_AGR_003(1.0),7810,17,2018,3242,
STATSNZ:AGR_AGR_003(1.0),7077,15,2019,524587,
STATSNZ:AGR_AGR_003(1.0),7065,11,2019,,s
STATSNZ:AGR_AGR_003(1.0),7066,8,2019,64786,
STATSNZ:AGR_AGR_003(1.0),7067,9,2019,16804,
STATSNZ:AGR_AGR_003(1.0),7067,18,2019,,s
STATSNZ:AGR_AGR_003(1.0),7071,16,2019,7589,
STATSNZ:AGR_AGR_003(1.0),7071,20,2019,95839,
STATSNZ:AGR_AGR_003(1.0),7072,13,2019,2129,
STATSNZ:AGR_AGR_003(1.0),7072,20,2019,257838,
STATSNZ:AGR_AGR_003(1.0),7073,6,2019,40920,
STATSNZ:AGR_AGR_003(1.0),7074,3,2019,95954,
STATSNZ:AGR_AGR_003(1.0),6703,19,2019,12277075,
STATSNZ:AGR_AGR_003(1.0),6702,17,2019,3518705,
STATSNZ:AGR_AGR_003(1.0),7699,14,2019,22698,
STATSNZ:AGR_AGR_003(1.0),7696,13,2019,1710,
STATSNZ:AGR_AGR_003(1.0),6951,17,2019,0,
STATSNZ:AGR_AGR_003(1.0),6955,15,2019,395308,
STATSNZ:AGR_AGR_003(1.0),7810,8,2019,3176,
STATSNZ:AGR_AGR_003(1.0),7056,10,2020,543750,
STATSNZ:AGR_AGR_003(1.0),6701,18,2020,,s
STATSNZ:AGR_AGR_003(1.0),7699,2,2020,,s
STATSNZ:AGR_AGR_003(1.0),7686,9,2020,,s
STATSNZ:AGR_AGR_003(1.0),7687,6,2020,,s
STATSNZ:AGR_AGR_003(1.0),7688,20,2020,160061,
STATSNZ:AGR_AGR_003(1.0),6951,4,2020,0,
STATSNZ:AGR_AGR_003(1.0),6953,1,2020,2725,
STATSNZ:AGR_AGR_003(1.0),7058,6,2021,21490,
STATSNZ:AGR_AGR_003(1.0),7064,13,2021,8497,
STATSNZ:AGR_AGR_003(1.0),7065,19,2021,55531,
STATSNZ:AGR_AGR_003(1.0),7066,11,2021,6725,
STATSNZ:AGR_AGR_003(1.0),7068,1,2021,4610,
STATSNZ:AGR_AGR_003(1.0),7068,18,2021,,s
STATSNZ:AGR_AGR_003(1.0),7071,15,2021,6229,
STATSNZ:AGR_AGR_003(1.0),7072,8,2021,35676,
STATSNZ:AGR_AGR_003(1.0),6738,12,2021,1180,
STATSNZ:AGR_AGR_003(1.0),6702,16,2021,4083204,
STATSNZ:AGR_AGR_003(1.0),7688,15,2021,45785,
STATSNZ:AGR_AGR_003(1.0),6951,3,2021,433,
STATSNZ:AGR_AGR_003(1.0),6953,17,2021,,s
STATSNZ:AGR_AGR_003(1.0),6955,10,2021,201730,
STATSNZ:AGR_AGR_003(1.0),6955,19,2021,415981,
STATSNZ:AGR_AGR_003(1.0),7810,7,2021,1035,
STATSNZ:AGR_AGR_003(1.0),7077,9,2022,146260,
STATSNZ:AGR_AGR_003(1.0),7056,6,2022,107239,
STATSNZ:AGR_AGR_003(1.0),7059,15,2022,41934,
STATSNZ:AGR_AGR_003(1.0),7065,5,2022,18446,
STATSNZ:AGR_AGR_003(1.0),7066,2,2022,18230,
STATSNZ:AGR_AGR_003(1.0),7067,12,2022,,s
STATSNZ:AGR_AGR_003(1.0),7068,9,2022,1755,
STATSNZ:AGR_AGR_003(1.0),7071,19,2022,23480,
STATSNZ:AGR_AGR_003(1.0),7072,7,2022,4555,
STATSNZ:AGR_AGR_003(1.0),7073,10,2022,171439,
STATSNZ:AGR_AGR_003(1.0),7073,17,2022,9216,
STATSNZ:AGR_AGR_003(1.0),7074,14,2022,8909,
STATSNZ:AGR_AGR_003(1.0),7184,4,2022,43717,
STATSNZ:AGR_AGR_003(1.0),6723,16,2022,218040,
STATSNZ:AGR_AGR_003(1.0),6702,11,2022,177510,
STATSNZ:AGR_AGR_003(1.0),7699,8,2022,57149,
STATSNZ:AGR_AGR_003(1.0),7685,18,2022,0,
STATSNZ:AGR_AGR_003(1.0),7686,15,2022,54563,
STATSNZ:AGR_AGR_003(1.0),6949,14,2022,7,
STATSNZ:AGR_AGR_003(1.0),6951,11,2022,0,
STATSNZ:AGR_AGR_003(1.0),6955,18,2022,0,
STATSNZ:AGR_AGR_003(1.0),7057,1,2023,9041,
STATSNZ:AGR_AGR_003(1.0),7058,1,2023,19003,
STATSNZ:AGR_AGR_003(1.0),7185,14,2023,1907,
STATSNZ:AGR_AGR_003(1.0),6701,12,2023,,s
STATSNZ:AGR_AGR_003(1.0),7686,3,2023,8376,
STATSNZ:AGR_AGR_003(1.0),7687,10,2023,71149,
STATSNZ:AGR_AGR_003(1.0),7687,19,2023,222788,
STATSNZ:AGR_AGR_003(1.0),7688,19,2023,109581,
STATSNZ:AGR_AGR_003(1.0),7696,7,2023,,s
STATSNZ:AGR_AGR_003(1.0),7810,2,2023,,s
STATSNZ:AGR_AGR_003(1.0),7077,6,2024,423573,
STATSNZ:AGR_AGR_003(1.0),7056,3,2024,69540,
STATSNZ:AGR_AGR_003(1.0),7059,11,2024,2689,
STATSNZ:AGR_AGR_003(1.0),7064,8,2024,68742,
STATSNZ:AGR_AGR_003(1.0),7188,17,2024,,s
STATSNZ:AGR_AGR_003(1.0),7190,14,2024,121912,
STATSNZ:AGR_AGR_003(1.0),6723,12,2024,211,
STATSNZ:AGR_AGR_003(1.0),6724,9,2024,,s
STATSNZ:AGR_AGR_003(1.0),6703,17,2024,3107176,
STATSNZ:AGR_AGR_003(1.0),7686,12,2024,83,
STATSNZ:AGR_AGR_003(1.0),6954,17,2024,468,
STATSNZ:AGR_AGR_003(1.0),6953,8,2024,12683,
STATSNZ:AGR_AGR_003(1.0),7810,15,2024,,s
STATSNZ:AGR_AGR_003(1.0),6722,7,1994,14281,
STATSNZ:AGR_AGR_003(1.0),7696,5,1994,7708,
STATSNZ:AGR_AGR_003(1.0),7810,1,1994,3549,
STATSNZ:AGR_AGR_003(1.0),7186,1,1994,680,
STATSNZ:AGR_AGR_003(1.0),7810,18,1994,54,
STATSNZ:AGR_AGR_003(1.0),7190,10,2002,2484030,
STATSNZ:AGR_AGR_003(1.0),6701,19,2002,503525,
STATSNZ:AGR_AGR_003(1.0),7184,15,2002,114398,
STATSNZ:AGR_AGR_003(1.0),7064,5,2002,38080,
STATSNZ:AGR_AGR_003(1.0),7193,5,2002,12533,
STATSNZ:AGR_AGR_003(1.0),6727,6,2002,10607,
STATSNZ:AGR_AGR_003(1.0),7686,9,2002,6910,
STATSNZ:AGR_AGR_003(1.0),7068,17,2002,4166,
STATSNZ:AGR_AGR_003(1.0),7057,14,2002,2885,
STATSNZ:AGR_AGR_003(1.0),6720,18,2002,678,
STATSNZ:AGR_AGR_003(1.0),6951,4,2002,263,
STATSNZ:AGR_AGR_003(1.0),6949,11,2002,162,
STATSNZ:AGR_AGR_003(1.0),6702,9,2003,1494431,
STATSNZ:AGR_AGR_003(1.0),6731,2,2003,361345,
STATSNZ:AGR_AGR_003(1.0),7065,3,2003,44852,
STATSNZ:AGR_AGR_003(1.0),7068,11,2003,1162,
STATSNZ:AGR_AGR_003(1.0),7184,6,2003,16980,
STATSNZ:AGR_AGR_003(1.0),7185,14,2003,1349,
STATSNZ:AGR_AGR_003(1.0),7686,10,2003,130090,
STATSNZ:AGR_AGR_003(1.0),7686,17,2003,77272,
STATSNZ:AGR_AGR_003(1.0),7057,20,2004,155437,
STATSNZ:AGR_AGR_003(1.0),7064,8,2004,84705,
STATSNZ:AGR_AGR_003(1.0),7065,15,2004,33142,
STATSNZ:AGR_AGR_003(1.0),7067,12,2004,327,
STATSNZ:AGR_AGR_003(1.0),7072,3,2004,67884,
STATSNZ:AGR_AGR_003(1.0),7193,7,2004,664922,
STATSNZ:AGR_AGR_003(1.0),7187,6,2004,72495,
STATSNZ:AGR_AGR_003(1.0),7190,3,2004,1098732,
STATSNZ:AGR_AGR_003(1.0),6731,19,2004,20536997,
STATSNZ:AGR_AGR_003(1.0),6738,16,2004,279854,
STATSNZ:AGR_AGR_003(1.0),6701,14,2004,2801,
STATSNZ:AGR_AGR_003(1.0),7685,1,2004,1433,
STATSNZ:AGR_AGR_003(1.0),7686,11,2004,5725,
STATSNZ:AGR_AGR_003(1.0),6951,7,2004,286,
STATSNZ:AGR_AGR_003(1.0),7810,11,2004,735,
STATSNZ:AGR_AGR_003(1.0),7058,15,2005,12887,
STATSNZ:AGR_AGR_003(1.0),7073,1,2005,36919,
STATSNZ:AGR_AGR_003(1.0),7185,13,2005,264,
STATSNZ:AGR_AGR_003(1.0),6720,9,2005,17576,
STATSNZ:AGR_AGR_003(1.0),6738,4,2005,21393,
STATSNZ:AGR_AGR_003(1.0),7059,17,2006,11084,
STATSNZ:AGR_AGR_003(1.0),7068,5,2006,4110,
STATSNZ:AGR_AGR_003(1.0),7074,17,2006,55286,
STATSNZ:AGR_AGR_003(1.0),7184,10,2006,506408,
STATSNZ:AGR_AGR_003(1.0),6702,3,2006,2207906,
STATSNZ:AGR_AGR_003(1.0),7686,11,2006,5141,
STATSNZ:AGR_AGR_003(1.0),7057,19,2007,55582,
STATSNZ:AGR_AGR_003(1.0),7067,6,2007,37035,
STATSNZ:AGR_AGR_003(1.0),7068,13,2007,1451,
STATSNZ:AGR_AGR_003(1.0),7068,20,2007,80424,
STATSNZ:AGR_AGR_003(1.0),7073,3,2007,57133,
STATSNZ:AGR_AGR_003(1.0),7193,1,2007,367183,
STATSNZ:AGR_AGR_003(1.0),7187,17,2007,345443,
STATSNZ:AGR_AGR_003(1.0),6731,4,2007,385373,
STATSNZ:AGR_AGR_003(1.0),6720,14,2007,731,
STATSNZ:AGR_AGR_003(1.0),6727,17,2007,9948,
STATSNZ:AGR_AGR_003(1.0),6738,19,2007,1325367,
STATSNZ:AGR_AGR_003(1.0),7686,5,2007,4905,
STATSNZ:AGR_AGR_003(1.0),6949,8,2007,2565,
STATSNZ:AGR_AGR_003(1.0),6951,1,2007,73,
STATSNZ:AGR_AGR_003(1.0),7810,5,2007,1798,
STATSNZ:AGR_AGR_003(1.0),7064,19,2008,168808,
STATSNZ:AGR_AGR_003(1.0),7072,8,2008,38826,
STATSNZ:AGR_AGR_003(1.0),7187,11,2008,49823,
STATSNZ:AGR_AGR_003(1.0),6721,20,2008,23485548,
STATSNZ:AGR_AGR_003(1.0),6727,11,2008,2349,
STATSNZ:AGR_AGR_003(1.0),7688,14,2008,8077,
STATSNZ:AGR_AGR_003(1.0),6955,19,2008,492868,
STATSNZ:AGR_AGR_003(1.0),7057,20,2009,148268,
STATSNZ:AGR_AGR_003(1.0),7066,1,2009,53309,
STATSNZ:AGR_AGR_003(1.0),7067,9,2009,10481,
STATSNZ:AGR_AGR_003(1.0),7193,7,2009,607436,
STATSNZ:AGR_AGR_003(1.0),7190,2,2009,64176,
STATSNZ:AGR_AGR_003(1.0),6731,19,2009,16305716,
STATSNZ:AGR_AGR_003(1.0),6727,5,2009,5367,
STATSNZ:AGR_AGR_003(1.0),6703,2,2009,195108,
STATSNZ:AGR_AGR_003(1.0),7685,1,2009,719,
STATSNZ:AGR_AGR_003(1.0),7077,4,2010,82840,
STATSNZ:AGR_AGR_003(1.0),7056,11,2010,12282,
STATSNZ:AGR_AGR_003(1.0),7056,14,2010,11222,
STATSNZ:AGR_AGR_003(1.0),7059,1,2010,47502,
STATSNZ:AGR_AGR_003(1.0),7065,20,2010,278676,
STATSNZ:AGR_AGR_003(1.0),7067,17,2010,31645,
STATSNZ:AGR_AGR_003(1.0),7074,2,2010,20523,
STATSNZ:AGR_AGR_003(1.0),7188,10,2010,222916,
STATSNZ:AGR_AGR_003(1.0),6721,12,2010,8476,
STATSNZ:AGR_AGR_003(1.0),6723,19,2010,993402,
STATSNZ:AGR_AGR_003(1.0),6724,3,2010,244964,
STATSNZ:AGR_AGR_003(1.0),6703,7,2010,476330,
STATSNZ:AGR_AGR_003(1.0),7687,3,2010,40128,
STATSNZ:AGR_AGR_003(1.0),7068,18,2011,109,
STATSNZ:AGR_AGR_003(1.0),7184,14,2011,18007,
STATSNZ:AGR_AGR_003(1.0),6731,9,2011,1645127,
STATSNZ:AGR_AGR_003(1.0),6722,10,2011,171088,
STATSNZ:AGR_AGR_003(1.0),7077,6,2012,471010,
STATSNZ:AGR_AGR_003(1.0),7056,14,2012,9442,
STATSNZ:AGR_AGR_003(1.0),7066,9,2012,15600,
STATSNZ:AGR_AGR_003(1.0),7074,7,2012,21157,
STATSNZ:AGR_AGR_003(1.0),7193,15,2012,1200293,
STATSNZ:AGR_AGR_003(1.0),7188,17,2012,38777,
STATSNZ:AGR_AGR_003(1.0),7699,1,2012,5158,
STATSNZ:AGR_AGR_003(1.0),7699,18,2012,0,
STATSNZ:AGR_AGR_003(1.0),7696,3,2012,29002,
STATSNZ:AGR_AGR_003(1.0),6954,13,2012,,c
STATSNZ:AGR_AGR_003(1.0),7056,4,2013,18821,
STATSNZ:AGR_AGR_003(1.0),7066,10,2013,298261,
STATSNZ:AGR_AGR_003(1.0),7067,7,2013,14369,
STATSNZ:AGR_AGR_003(1.0),7067,19,2013,134446,
STATSNZ:AGR_AGR_003(1.0),7184,13,2013,,c
STATSNZ:AGR_AGR_003(1.0),7186,11,2013,589,
STATSNZ:AGR_AGR_003(1.0),7190,1,2013,212314,
STATSNZ:AGR_AGR_003(1.0),7190,15,2013,635604,
STATSNZ:AGR_AGR_003(1.0),6731,8,2013,5469819,
STATSNZ:AGR_AGR_003(1.0),6727,4,2013,841,
STATSNZ:AGR_AGR_003(1.0),6701,8,2013,232257,
STATSNZ:AGR_AGR_003(1.0),7699,6,2013,69350,
STATSNZ:AGR_AGR_003(1.0),7685,20,2013,92467,
STATSNZ:AGR_AGR_003(1.0),7688,3,2013,18271,
STATSNZ:AGR_AGR_003(1.0),6949,12,2013,0,
STATSNZ:AGR_AGR_003(1.0),6955,16,2013,17033,
STATSNZ:AGR_AGR_003(1.0),6955,20,2013,662466,
STATSNZ:AGR_AGR_003(1.0),7058,17,2014,2130,
STATSNZ:AGR_AGR_003(1.0),7064,10,2014,304394,
STATSNZ:AGR_AGR_003(1.0),7068,12,2014,13,
STATSNZ:AGR_AGR_003(1.0),7193,10,2014,3978828,
STATSNZ:AGR_AGR_003(1.0),7184,8,2014,75989,
STATSNZ:AGR_AGR_003(1.0),6731,3,2014,1699244,
STATSNZ:AGR_AGR_003(1.0),6722,11,2014,1370,
STATSNZ:AGR_AGR_003(1.0),7685,11,2014,2013,
STATSNZ:AGR_AGR_003(1.0),7686,4,2014,8291,
STATSNZ:AGR_AGR_003(1.0),7688,2,2014,1636,
STATSNZ:AGR_AGR_003(1.0),6949,6,2014,,c
STATSNZ:AGR_AGR_003(1.0),6951,14,2014,0,
STATSNZ:AGR_AGR_003(1.0),6951,20,2014,3999,
STATSNZ:AGR_AGR_003(1.0),7057,18,2015,,s
STATSNZ:AGR_AGR_003(1.0),7066,3,2015,56297,
STATSNZ:AGR_AGR_003(1.0),7074,1,2015,69242,
STATSNZ:AGR_AGR_003(1.0),7186,13,2015,,c
STATSNZ:AGR_AGR_003(1.0),7190,4,2015,222907,
STATSNZ:AGR_AGR_003(1.0),6724,20,2015,4561932,
STATSNZ:AGR_AGR_003(1.0),7699,12,2015,0,
STATSNZ:AGR_AGR_003(1.0),6954,7,2015,14332,
STATSNZ:AGR_AGR_003(1.0),7056,8,2016,144437,
STATSNZ:AGR_AGR_003(1.0),7057,16,2016,11800,
STATSNZ:AGR_AGR_003(1.0),7066,18,2016,1089,
STATSNZ:AGR_AGR_003(1.0),7074,20,2016,839878,
STATSNZ:AGR_AGR_003(1.0),7186,11,2016,1110,
STATSNZ:AGR_AGR_003(1.0),7190,2,2016,93697,
STATSNZ:AGR_AGR_003(1.0),6724,14,2016,1172,
STATSNZ:AGR_AGR_003(1.0),7699,19,2016,582337,
STATSNZ:AGR_AGR_003(1.0),6954,5,2016,431,
STATSNZ:AGR_AGR_003(1.0),6955,17,2016,1126,
STATSNZ:AGR_AGR_003(1.0),7077,16,2017,262823,
STATSNZ:AGR_AGR_003(1.0),7057,10,2017,94878,
STATSNZ:AGR_AGR_003(1.0),7064,4,2017,11249,
STATSNZ:AGR_AGR_003(1.0),7065,12,2017,,s
STATSNZ:AGR_AGR_003(1.0),7073,7,2017,9618,
STATSNZ:AGR_AGR_003(1.0),7184,15,2017,203586,
STATSNZ:AGR_AGR_003(1.0),6731,11,2017,261878,
STATSNZ:AGR_AGR_003(1.0),6722,15,2017,45612,
STATSNZ:AGR_AGR_003(1.0),6723,8,2017,410429,
STATSNZ:AGR_AGR_003(1.0),6727,6,2017,3038,
STATSNZ:AGR_AGR_003(1.0),6701,19,2017,521516,
STATSNZ:AGR_AGR_003(1.0),6702,18,2017,43188,
STATSNZ:AGR_AGR_003(1.0),7685,2,2017,2140,
STATSNZ:AGR_AGR_003(1.0),7688,6,2017,11364,
STATSNZ:AGR_AGR_003(1.0),7696,16,2017,45676,
STATSNZ:AGR_AGR_003(1.0),7696,20,2017,313212,
STATSNZ:AGR_AGR_003(1.0),6955,1,2017,6914,
STATSNZ:AGR_AGR_003(1.0),7077,10,2018,2620089,
STATSNZ:AGR_AGR_003(1.0),7059,16,2018,16841,
STATSNZ:AGR_AGR_003(1.0),7066,6,2018,36109,
STATSNZ:AGR_AGR_003(1.0),7193,9,2018,79130,
STATSNZ:AGR_AGR_003(1.0),7185,7,2018,4424,
STATSNZ:AGR_AGR_003(1.0),7188,11,2018,,s
STATSNZ:AGR_AGR_003(1.0),7190,4,2018,210095,
STATSNZ:AGR_AGR_003(1.0),6724,10,2018,2233801,
STATSNZ:AGR_AGR_003(1.0),6724,17,2018,485340,
STATSNZ:AGR_AGR_003(1.0),6703,4,2018,233247,
STATSNZ:AGR_AGR_003(1.0),6702,2,2018,,s
STATSNZ:AGR_AGR_003(1.0),6954,8,2018,14299,
STATSNZ:AGR_AGR_003(1.0),6949,15,2018,17344,
STATSNZ:AGR_AGR_003(1.0),6953,12,2018,,s
STATSNZ:AGR_AGR_003(1.0),7056,2,2019,14961,
STATSNZ:AGR_AGR_003(1.0),7064,14,2019,4527,
STATSNZ:AGR_AGR_003(1.0),7193,10,2019,3821519,
STATSNZ:AGR_AGR_003(1.0),7186,5,2019,,s
STATSNZ:AGR_AGR_003(1.0),7190,13,2019,11822,
STATSNZ:AGR_AGR_003(1.0),6724,8,2019,680927,
STATSNZ:AGR_AGR_003(1.0),7699,4,2019,,s
STATSNZ:AGR_AGR_003(1.0),7687,8,2019,24038,
STATSNZ:AGR_AGR_003(1.0),7688,1,2019,,s
STATSNZ:AGR_AGR_003(1.0),6954,20,2019,255934,
STATSNZ:AGR_AGR_003(1.0),6953,3,2019,22360,
STATSNZ:AGR_AGR_003(1.0),6955,11,2019,,s
STATSNZ:AGR_AGR_003(1.0),7077,13,2020,71030,
STATSNZ:AGR_AGR_003(1.0),7065,9,2020,7595,
STATSNZ:AGR_AGR_003(1.0),7068,13,2020,,s
STATSNZ:AGR_AGR_003(1.0),7072,11,2020,,s
STATSNZ:AGR_AGR_003(1.0),7073,4,2020,9560,
STATSNZ:AGR_AGR_003(1.0),7187,10,2020,2867212,
STATSNZ:AGR_AGR_003(1.0),7187,17,2020,530014,
STATSNZ:AGR_AGR_003(1.0),6731,4,2020,220729,
STATSNZ:AGR_AGR_003(1.0),6721,2,2020,90827,
STATSNZ:AGR_AGR_003(1.0),6722,12,2020,,s
STATSNZ:AGR_AGR_003(1.0),6727,20,2020,240042,
STATSNZ:AGR_AGR_003(1.0),6702,15,2020,3255498,
STATSNZ:AGR_AGR_003(1.0),7685,12,2020,0,
STATSNZ:AGR_AGR_003(1.0),7696,11,2020,,s
STATSNZ:AGR_AGR_003(1.0),6951,15,2020,4901,
STATSNZ:AGR_AGR_003(1.0),7810,6,2020,1474,
STATSNZ:AGR_AGR_003(1.0),7057,9,2021,6247,
STATSNZ:AGR_AGR_003(1.0),7067,4,2021,11527,
STATSNZ:AGR_AGR_003(1.0),7193,17,2021,602169,
STATSNZ:AGR_AGR_003(1.0),7190,12,2021,,s
STATSNZ:AGR_AGR_003(1.0),6721,3,2021,1002463,
STATSNZ:AGR_AGR_003(1.0),6727,15,2021,80500,
STATSNZ:AGR_AGR_003(1.0),7685,13,2021,996,
STATSNZ:AGR_AGR_003(1.0),7064,8,2022,78786,
STATSNZ:AGR_AGR_003(1.0),7067,16,2022,37404,
STATSNZ:AGR_AGR_003(1.0),7072,3,2022,46158,
STATSNZ:AGR_AGR_003(1.0),7193,11,2022,56091,
STATSNZ:AGR_AGR_003(1.0),6721,11,2022,119398,
STATSNZ:AGR_AGR_003(1.0),6724,2,2022,30194,
STATSNZ:AGR_AGR_003(1.0),6701,14,2022,2852,
STATSNZ:AGR_AGR_003(1.0),7687,2,2022,4541,
STATSNZ:AGR_AGR_003(1.0),7688,12,2022,0,
STATSNZ:AGR_AGR_003(1.0),7810,15,2022,5898,
STATSNZ:AGR_AGR_003(1.0),7077,7,2023,114468,
STATSNZ:AGR_AGR_003(1.0),7057,4,2023,3908,
STATSNZ:AGR_AGR_003(1.0),7065,3,2023,,s
STATSNZ:AGR_AGR_003(1.0),7068,7,2023,,s
STATSNZ:AGR_AGR_003(1.0),7072,5,2023,9539,
STATSNZ:AGR_AGR_003(1.0),7073,15,2023,14003,
STATSNZ:AGR_AGR_003(1.0),7184,2,2023,,s
STATSNZ:AGR_AGR_003(1.0),7187,11,2023,38360,
STATSNZ:AGR_AGR_003(1.0),7188,18,2023,0,
STATSNZ:AGR_AGR_003(1.0),6731,15,2023,4527228,
STATSNZ:AGR_AGR_003(1.0),6722,6,2023,14285,
STATSNZ:AGR_AGR_003(1.0),6738,18,2023,,s
STATSNZ:AGR_AGR_003(1.0),6702,9,2023,1036515,
STATSNZ:AGR_AGR_003(1.0),7685,6,2023,18326,
STATSNZ:AGR_AGR_003(1.0),7686,13,2023,1039,
STATSNZ:AGR_AGR_003(1.0),6951,9,2023,92,
STATSNZ:AGR_AGR_003(1.0),7810,17,2023,1978,
STATSNZ:AGR_AGR_003(1.0),7057,10,2024,96257,
STATSNZ:AGR_AGR_003(1.0),7057,17,2024,10338,
STATSNZ:AGR_AGR_003(1.0),7064,4,2024,11452,
STATSNZ:AGR_AGR_003(1.0),7066,2,2024,,s
STATSNZ:AGR_AGR_003(1.0),7067,12,2024,111,
STATSNZ:AGR_AGR_003(1.0),7193,8,2024,410257,
STATSNZ:AGR_AGR_003(1.0),7184,15,2024,189009,
STATSNZ:AGR_AGR_003(1.0),7186,12,2024,26,
STATSNZ:AGR_AGR_003(1.0),7190,3,2024,1132185,
STATSNZ:AGR_AGR_003(1.0),6731,11,2024,188409,
STATSNZ:AGR_AGR_003(1.0),6722,15,2024,,s
STATSNZ:AGR_AGR_003(1.0),6727,6,2024,,s
STATSNZ:AGR_AGR_003(1.0),6703,3,2024,1158160,
STATSNZ:AGR_AGR_003(1.0),6701,19,2024,515042,
STATSNZ:AGR_AGR_003(1.0),7685,2,2024,2562,
STATSNZ:AGR_AGR_003(1.0),7688,6,2024,9861,
STATSNZ:AGR_AGR_003(1.0),7696,16,2024,44350,
STATSNZ:AGR_AGR_003(1.0),6949,14,2024,,s
STATSNZ:AGR_AGR_003(1.0),6955,1,2024,3231,
STATSNZ:AGR_AGR_003(1.0),6955,18,2024,0,
STATSNZ:AGR_AGR_003(1.0),6703,16,1994,5754276,
STATSNZ:AGR_AGR_003(1.0),6731,13,1994,955338,
STATSNZ:AGR_AGR_003(1.0),6720,19,1994,281769,
STATSNZ:AGR_AGR_003(1.0),6722,17,1994,99543,
STATSNZ:AGR_AGR_003(1.0),6727,9,1994,25080,
STATSNZ:AGR_AGR_003(1.0),7688,8,1994,23636,
STATSNZ:AGR_AGR_003(1.0),7687,11,1994,17183,
STATSNZ:AGR_AGR_003(1.0),7685,4,1994,13704,
STATSNZ:AGR_AGR_003(1.0),7687,1,1994,7855,
STATSNZ:AGR_AGR_003(1.0),7686,1,1994,4149,
STATSNZ:AGR_AGR_003(1.0),7077,12,1994,1891,
STATSNZ:AGR_AGR_003(1.0),7188,6,1994,1173,
STATSNZ:AGR_AGR_003(1.0),7686,18,1994,36,
STATSNZ:AGR_AGR_003(1.0),7184,18,1994,14,
STATSNZ:AGR_AGR_003(1.0),6702,5,2002,1284502,
STATSNZ:AGR_AGR_003(1.0),7077,3,2002,666884,
STATSNZ:AGR_AGR_003(1.0),7699,15,2002,411581,
STATSNZ:AGR_AGR_003(1.0),6727,16,2002,284881,
STATSNZ:AGR_AGR_003(1.0),7187,17,2002,261583,
STATSNZ:AGR_AGR_003(1.0),7696,10,2002,227965,
STATSNZ:AGR_AGR_003(1.0),7696,17,2002,147434,
STATSNZ:AGR_AGR_003(1.0),6723,9,2002,118616,
STATSNZ:AGR_AGR_003(1.0),7064,1,2002,59386,
STATSNZ:AGR_AGR_003(1.0),7059,8,2002,50223,
STATSNZ:AGR_AGR_003(1.0),7057,19,2002,45428,
STATSNZ:AGR_AGR_003(1.0),7065,15,2002,31535,
STATSNZ:AGR_AGR_003(1.0),7188,14,2002,5391,
STATSNZ:AGR_AGR_003(1.0),6949,7,2002,1914,
STATSNZ:AGR_AGR_003(1.0),7058,11,2002,1701,
STATSNZ:AGR_AGR_003(1.0),7685,12,2002,106,
STATSNZ:AGR_AGR_003(1.0),6701,16,2003,105045,
STATSNZ:AGR_AGR_003(1.0),6701,20,2003,1056749,
STATSNZ:AGR_AGR_003(1.0),6702,13,2003,490752,
STATSNZ:AGR_AGR_003(1.0),6703,15,2003,6201709,
STATSNZ:AGR_AGR_003(1.0),6724,11,2003,37200,
STATSNZ:AGR_AGR_003(1.0),7056,4,2003,22782,
STATSNZ:AGR_AGR_003(1.0),7057,1,2003,13334,
STATSNZ:AGR_AGR_003(1.0),7077,11,2003,56155,
STATSNZ:AGR_AGR_003(1.0),7187,8,2003,304358,
STATSNZ:AGR_AGR_003(1.0),7190,15,2003,273222,
STATSNZ:AGR_AGR_003(1.0),7685,3,2003,14783,
STATSNZ:AGR_AGR_003(1.0),7686,3,2003,29201,
STATSNZ:AGR_AGR_003(1.0),7687,19,2003,586377,
STATSNZ:AGR_AGR_003(1.0),7699,6,2003,139685,
STATSNZ:AGR_AGR_003(1.0),7056,6,2004,152494,
STATSNZ:AGR_AGR_003(1.0),7065,1,2004,27461,
STATSNZ:AGR_AGR_003(1.0),7068,9,2004,2192,
STATSNZ:AGR_AGR_003(1.0),7184,4,2004,49477,
STATSNZ:AGR_AGR_003(1.0),6701,19,2004,463144,
STATSNZ:AGR_AGR_003(1.0),6702,7,2004,499111,
STATSNZ:AGR_AGR_003(1.0),7686,15,2004,90700,
STATSNZ:AGR_AGR_003(1.0),6949,19,2004,23695,
STATSNZ:AGR_AGR_003(1.0),6955,1,2004,11054,
STATSNZ:AGR_AGR_003(1.0),7810,15,2004,14303,
STATSNZ:AGR_AGR_003(1.0),6724,19,2005,3028159,
STATSNZ:AGR_AGR_003(1.0),6703,1,2005,390915,
STATSNZ:AGR_AGR_003(1.0),6701,15,2005,191046,
STATSNZ:AGR_AGR_003(1.0),6702,8,2005,5396429,
STATSNZ:AGR_AGR_003(1.0),7699,5,2005,30381,
STATSNZ:AGR_AGR_003(1.0),7077,5,2006,305050,
STATSNZ:AGR_AGR_003(1.0),7056,15,2006,136668,
STATSNZ:AGR_AGR_003(1.0),7193,14,2006,148730,
STATSNZ:AGR_AGR_003(1.0),7190,9,2006,67049,
STATSNZ:AGR_AGR_003(1.0),6731,6,2006,4226620,
STATSNZ:AGR_AGR_003(1.0),6720,16,2006,55901,
STATSNZ:AGR_AGR_003(1.0),6724,5,2006,282944,
STATSNZ:AGR_AGR_003(1.0),6703,9,2006,1733953,
STATSNZ:AGR_AGR_003(1.0),6702,16,2006,4902753,
STATSNZ:AGR_AGR_003(1.0),7699,10,2006,490782,
STATSNZ:AGR_AGR_003(1.0),7699,17,2006,347537,
STATSNZ:AGR_AGR_003(1.0),7685,14,2006,2578,
STATSNZ:AGR_AGR_003(1.0),7686,7,2006,910,
STATSNZ:AGR_AGR_003(1.0),7687,4,2006,27434,
STATSNZ:AGR_AGR_003(1.0),7077,20,2007,4393617,
STATSNZ:AGR_AGR_003(1.0),7065,12,2007,68,
STATSNZ:AGR_AGR_003(1.0),7068,3,2007,16898,
STATSNZ:AGR_AGR_003(1.0),7072,19,2007,67715,
STATSNZ:AGR_AGR_003(1.0),6727,13,2007,50260,
STATSNZ:AGR_AGR_003(1.0),6702,18,2007,39269,
STATSNZ:AGR_AGR_003(1.0),7686,9,2007,3820,
STATSNZ:AGR_AGR_003(1.0),7688,16,2007,40283,
STATSNZ:AGR_AGR_003(1.0),7688,20,2007,300050,
STATSNZ:AGR_AGR_003(1.0),7066,7,2008,17527,
STATSNZ:AGR_AGR_003(1.0),7067,4,2008,13874,
STATSNZ:AGR_AGR_003(1.0),7067,14,2008,4341,
STATSNZ:AGR_AGR_003(1.0),7068,11,2008,864,
STATSNZ:AGR_AGR_003(1.0),7071,11,2008,432,
STATSNZ:AGR_AGR_003(1.0),7073,1,2008,41750,
STATSNZ:AGR_AGR_003(1.0),7074,2,2008,21464,
STATSNZ:AGR_AGR_003(1.0),7193,20,2008,5578440,
STATSNZ:AGR_AGR_003(1.0),6720,2,2008,3680,
STATSNZ:AGR_AGR_003(1.0),6949,16,2008,1290,
STATSNZ:AGR_AGR_003(1.0),6955,6,2008,14842,
STATSNZ:AGR_AGR_003(1.0),7810,3,2008,16234,
STATSNZ:AGR_AGR_003(1.0),7064,18,2009,1972,
STATSNZ:AGR_AGR_003(1.0),7068,6,2009,3836,
STATSNZ:AGR_AGR_003(1.0),7071,6,2009,31405,
STATSNZ:AGR_AGR_003(1.0),7072,3,2009,50206,
STATSNZ:AGR_AGR_003(1.0),7073,19,2009,43560,
STATSNZ:AGR_AGR_003(1.0),7074,19,2009,344024,
STATSNZ:AGR_AGR_003(1.0),6723,1,2009,28111,
STATSNZ:AGR_AGR_003(1.0),6955,15,2009,397023,
STATSNZ:AGR_AGR_003(1.0),7193,16,2010,262417,
STATSNZ:AGR_AGR_003(1.0),7185,6,2010,2442,
STATSNZ:AGR_AGR_003(1.0),6723,6,2010,216414,
STATSNZ:AGR_AGR_003(1.0),6724,7,2010,77164,
STATSNZ:AGR_AGR_003(1.0),6738,14,2010,1817,
STATSNZ:AGR_AGR_003(1.0),6703,11,2010,270425,
STATSNZ:AGR_AGR_003(1.0),6701,4,2010,7955,
STATSNZ:AGR_AGR_003(1.0),6702,1,2010,326100,
STATSNZ:AGR_AGR_003(1.0),7064,17,2011,27902,
STATSNZ:AGR_AGR_003(1.0),7065,18,2011,492,
STATSNZ:AGR_AGR_003(1.0),7067,8,2011,66872,
STATSNZ:AGR_AGR_003(1.0),7068,8,2011,7871,
STATSNZ:AGR_AGR_003(1.0),7185,10,2011,43588,
STATSNZ:AGR_AGR_003(1.0),6953,7,2011,16424,
STATSNZ:AGR_AGR_003(1.0),6953,17,2011,475,
STATSNZ:AGR_AGR_003(1.0),6955,10,2011,292563,
STATSNZ:AGR_AGR_003(1.0),7810,14,2011,288,
STATSNZ:AGR_AGR_003(1.0),7077,2,2012,117458,
STATSNZ:AGR_AGR_003(1.0),7056,3,2012,83532,
STATSNZ:AGR_AGR_003(1.0),7057,10,2012,96541,
STATSNZ:AGR_AGR_003(1.0),7059,7,2012,8050,
STATSNZ:AGR_AGR_003(1.0),7185,9,2012,1422,
STATSNZ:AGR_AGR_003(1.0),7186,6,2012,1818,
STATSNZ:AGR_AGR_003(1.0),7187,16,2012,253799,
STATSNZ:AGR_AGR_003(1.0),7188,13,2012,2655,
STATSNZ:AGR_AGR_003(1.0),7190,14,2012,115697,
STATSNZ:AGR_AGR_003(1.0),6731,11,2012,276877,
STATSNZ:AGR_AGR_003(1.0),6720,4,2012,3823,
STATSNZ:AGR_AGR_003(1.0),6721,1,2012,265999,
STATSNZ:AGR_AGR_003(1.0),6721,18,2012,38596,
STATSNZ:AGR_AGR_003(1.0),6723,8,2012,456474,
STATSNZ:AGR_AGR_003(1.0),6738,10,2012,1509677,
STATSNZ:AGR_AGR_003(1.0),6738,17,2012,108692,
STATSNZ:AGR_AGR_003(1.0),6703,14,2012,47618,
STATSNZ:AGR_AGR_003(1.0),6701,7,2012,7583,
STATSNZ:AGR_AGR_003(1.0),6702,4,2012,274312,
STATSNZ:AGR_AGR_003(1.0),7685,2,2012,2721,
STATSNZ:AGR_AGR_003(1.0),7685,11,2012,1218,
STATSNZ:AGR_AGR_003(1.0),7686,12,2012,,c
STATSNZ:AGR_AGR_003(1.0),7687,9,2012,6712,
STATSNZ:AGR_AGR_003(1.0),7696,20,2012,413283,
STATSNZ:AGR_AGR_003(1.0),7077,18,2013,10050,
STATSNZ:AGR_AGR_003(1.0),7058,9,2013,7347,
STATSNZ:AGR_AGR_003(1.0),7059,6,2013,35472,
STATSNZ:AGR_AGR_003(1.0),7064,16,2013,41807,
STATSNZ:AGR_AGR_003(1.0),7065,13,2013,2737,
STATSNZ:AGR_AGR_003(1.0),7072,12,2013,,c
STATSNZ:AGR_AGR_003(1.0),7073,9,2013,9518,
STATSNZ:AGR_AGR_003(1.0),7193,16,2013,367292,
STATSNZ:AGR_AGR_003(1.0),7185,14,2013,2583,
STATSNZ:AGR_AGR_003(1.0),7186,7,2013,3524,
STATSNZ:AGR_AGR_003(1.0),7187,4,2013,249695,
STATSNZ:AGR_AGR_003(1.0),6731,12,2013,6032,
STATSNZ:AGR_AGR_003(1.0),6722,2,2013,,s
STATSNZ:AGR_AGR_003(1.0),7688,18,2013,0,
STATSNZ:AGR_AGR_003(1.0),7696,15,2013,104187,
STATSNZ:AGR_AGR_003(1.0),7059,14,2014,1986,
STATSNZ:AGR_AGR_003(1.0),7067,2,2014,12267,
STATSNZ:AGR_AGR_003(1.0),7068,2,2014,1192,
STATSNZ:AGR_AGR_003(1.0),7068,16,2014,6614,
STATSNZ:AGR_AGR_003(1.0),7071,9,2014,6829,
STATSNZ:AGR_AGR_003(1.0),7071,20,2014,104618,
STATSNZ:AGR_AGR_003(1.0),7072,6,2014,54169,
STATSNZ:AGR_AGR_003(1.0),7073,6,2014,49197,
STATSNZ:AGR_AGR_003(1.0),6953,11,2014,236,
STATSNZ:AGR_AGR_003(1.0),6955,11,2014,557,
STATSNZ:AGR_AGR_003(1.0),7810,8,2014,5956,
STATSNZ:AGR_AGR_003(1.0),7810,18,2014,24,
STATSNZ:AGR_AGR_003(1.0),7077,13,2015,54266,
STATSNZ:AGR_AGR_003(1.0),7059,1,2015,31805,
STATSNZ:AGR_AGR_003(1.0),7185,3,2015,17174,
STATSNZ:AGR_AGR_003(1.0),7186,17,2015,3782,
STATSNZ:AGR_AGR_003(1.0),7187,19,2015,2062856,
STATSNZ:AGR_AGR_003(1.0),7188,7,2015,16702,
STATSNZ:AGR_AGR_003(1.0),6731,5,2015,1472423,
STATSNZ:AGR_AGR_003(1.0),6720,15,2015,42761,
STATSNZ:AGR_AGR_003(1.0),6721,12,2015,6106,
STATSNZ:AGR_AGR_003(1.0),6722,5,2015,41559,
STATSNZ:AGR_AGR_003(1.0),6723,2,2015,11248,
STATSNZ:AGR_AGR_003(1.0),6703,8,2015,4970912,
STATSNZ:AGR_AGR_003(1.0),6701,1,2015,13562,
STATSNZ:AGR_AGR_003(1.0),6701,18,2015,,c
STATSNZ:AGR_AGR_003(1.0),6702,15,2015,3507495,
STATSNZ:AGR_AGR_003(1.0),7685,5,2015,1892,
STATSNZ:AGR_AGR_003(1.0),7687,3,2015,32304,
STATSNZ:AGR_AGR_003(1.0),7696,19,2015,242575,
STATSNZ:AGR_AGR_003(1.0),7077,11,2016,36642,
STATSNZ:AGR_AGR_003(1.0),7058,2,2016,8326,
STATSNZ:AGR_AGR_003(1.0),7059,20,2016,316336,
STATSNZ:AGR_AGR_003(1.0),7185,1,2016,3534,
STATSNZ:AGR_AGR_003(1.0),7185,18,2016,0,
STATSNZ:AGR_AGR_003(1.0),7186,15,2016,4961,
STATSNZ:AGR_AGR_003(1.0),7187,8,2016,364002,
STATSNZ:AGR_AGR_003(1.0),7188,5,2016,856,
STATSNZ:AGR_AGR_003(1.0),6731,12,2016,4729,
STATSNZ:AGR_AGR_003(1.0),6720,13,2016,4287,
STATSNZ:AGR_AGR_003(1.0),6721,19,2016,9214503,
STATSNZ:AGR_AGR_003(1.0),6722,3,2016,24790,
STATSNZ:AGR_AGR_003(1.0),6723,10,2016,925268,
STATSNZ:AGR_AGR_003(1.0),6723,17,2016,260428,
STATSNZ:AGR_AGR_003(1.0),6703,6,2016,2339536,
STATSNZ:AGR_AGR_003(1.0),6701,16,2016,88357,
STATSNZ:AGR_AGR_003(1.0),6701,20,2016,961461,
STATSNZ:AGR_AGR_003(1.0),6702,13,2016,288639,
STATSNZ:AGR_AGR_003(1.0),7685,3,2016,8055,
STATSNZ:AGR_AGR_003(1.0),7687,1,2016,1829,
STATSNZ:AGR_AGR_003(1.0),7696,8,2016,18654,
STATSNZ:AGR_AGR_003(1.0),6951,20,2016,4223,
STATSNZ:AGR_AGR_003(1.0),7056,13,2017,22095,
STATSNZ:AGR_AGR_003(1.0),7057,19,2017,53773,
STATSNZ:AGR_AGR_003(1.0),7066,9,2017,13199,
STATSNZ:AGR_AGR_003(1.0),7067,6,2017,31858,
STATSNZ:AGR_AGR_003(1.0),7068,16,2017,6633,
STATSNZ:AGR_AGR_003(1.0),7071,13,2017,286,
STATSNZ:AGR_AGR_003(1.0),7072,14,2017,489,
STATSNZ:AGR_AGR_003(1.0),7073,11,2017,4019,
STATSNZ:AGR_AGR_003(1.0),7074,4,2017,19498,
STATSNZ:AGR_AGR_003(1.0),7193,1,2017,379401,
STATSNZ:AGR_AGR_003(1.0),7193,18,2017,52,
STATSNZ:AGR_AGR_003(1.0),7185,8,2017,6614,
STATSNZ:AGR_AGR_003(1.0),7699,15,2017,238633,
STATSNZ:AGR_AGR_003(1.0),7685,12,2017,0,
STATSNZ:AGR_AGR_003(1.0),6951,18,2017,0,
STATSNZ:AGR_AGR_003(1.0),6953,15,2017,152974,
STATSNZ:AGR_AGR_003(1.0),7059,2,2018,,s
STATSNZ:AGR_AGR_003(1.0),7068,10,2018,56969,
STATSNZ:AGR_AGR_003(1.0),6731,16,2018,4937228,
STATSNZ:AGR_AGR_003(1.0),6721,13,2018,252827,
STATSNZ:AGR_AGR_003(1.0),6722,6,2018,,s
STATSNZ:AGR_AGR_003(1.0),6723,3,2018,161087,
STATSNZ:AGR_AGR_003(1.0),6738,11,2018,,s
STATSNZ:AGR_AGR_003(1.0),6703,8,2018,4792922,
STATSNZ:AGR_AGR_003(1.0),7686,6,2018,15818,
STATSNZ:AGR_AGR_003(1.0),7696,11,2018,,s
STATSNZ:AGR_AGR_003(1.0),6951,2,2018,117,
STATSNZ:AGR_AGR_003(1.0),6955,9,2018,17560,
STATSNZ:AGR_AGR_003(1.0),7077,5,2019,254428,
STATSNZ:AGR_AGR_003(1.0),7187,2,2019,98130,
STATSNZ:AGR_AGR_003(1.0),7188,16,2019,,s
STATSNZ:AGR_AGR_003(1.0),7188,20,2019,333450,
STATSNZ:AGR_AGR_003(1.0),7190,9,2019,55471,
STATSNZ:AGR_AGR_003(1.0),6731,6,2019,2876262,
STATSNZ:AGR_AGR_003(1.0),6720,7,2019,5927,
STATSNZ:AGR_AGR_003(1.0),6721,4,2019,143971,
STATSNZ:AGR_AGR_003(1.0),6723,11,2019,,s
STATSNZ:AGR_AGR_003(1.0),6727,1,2019,,s
STATSNZ:AGR_AGR_003(1.0),6702,7,2019,377276,
STATSNZ:AGR_AGR_003(1.0),7699,10,2019,244680,
STATSNZ:AGR_AGR_003(1.0),7685,14,2019,,s
STATSNZ:AGR_AGR_003(1.0),7696,2,2019,2508,
STATSNZ:AGR_AGR_003(1.0),7059,15,2020,45269,
STATSNZ:AGR_AGR_003(1.0),7064,12,2020,,s
STATSNZ:AGR_AGR_003(1.0),7068,17,2020,,s
STATSNZ:AGR_AGR_003(1.0),7190,11,2020,41886,
STATSNZ:AGR_AGR_003(1.0),6720,1,2020,3083,
STATSNZ:AGR_AGR_003(1.0),6720,18,2020,,s
STATSNZ:AGR_AGR_003(1.0),6724,6,2020,456624,
STATSNZ:AGR_AGR_003(1.0),6727,3,2020,6474,
STATSNZ:AGR_AGR_003(1.0),6953,12,2020,,s
STATSNZ:AGR_AGR_003(1.0),7184,14,2021,18781,
STATSNZ:AGR_AGR_003(1.0),7185,11,2021,,s
STATSNZ:AGR_AGR_003(1.0),7186,4,2021,,s
STATSNZ:AGR_AGR_003(1.0),7187,1,2021,227473,
STATSNZ:AGR_AGR_003(1.0),7187,18,2021,0,
STATSNZ:AGR_AGR_003(1.0),7190,8,2021,300274,
STATSNZ:AGR_AGR_003(1.0),6731,9,2021,1290604,
STATSNZ:AGR_AGR_003(1.0),6720,6,2021,24035,
STATSNZ:AGR_AGR_003(1.0),6721,20,2021,16326488,
STATSNZ:AGR_AGR_003(1.0),6722,13,2021,,s
STATSNZ:AGR_AGR_003(1.0),6738,2,2021,,s
STATSNZ:AGR_AGR_003(1.0),6703,12,2021,844,
STATSNZ:AGR_AGR_003(1.0),6701,9,2021,74650,
STATSNZ:AGR_AGR_003(1.0),6702,2,2021,,s
STATSNZ:AGR_AGR_003(1.0),7699,16,2021,117292,
STATSNZ:AGR_AGR_003(1.0),7699,20,2021,813980,
STATSNZ:AGR_AGR_003(1.0),7688,4,2021,,s
STATSNZ:AGR_AGR_003(1.0),7077,20,2022,3821156,
STATSNZ:AGR_AGR_003(1.0),7187,13,2022,13685,
STATSNZ:AGR_AGR_003(1.0),7188,19,2022,124177,
STATSNZ:AGR_AGR_003(1.0),7190,3,2022,1232363,
STATSNZ:AGR_AGR_003(1.0),7190,17,2022,490564,
STATSNZ:AGR_AGR_003(1.0),6731,10,2022,12284432,
STATSNZ:AGR_AGR_003(1.0),6731,17,2022,3092545,
STATSNZ:AGR_AGR_003(1.0),6721,7,2022,310252,
STATSNZ:AGR_AGR_003(1.0),6722,8,2022,69575,
STATSNZ:AGR_AGR_003(1.0),6723,5,2022,120266,
STATSNZ:AGR_AGR_003(1.0),7685,8,2022,12591,
STATSNZ:AGR_AGR_003(1.0),7064,6,2023,46515,
STATSNZ:AGR_AGR_003(1.0),7071,4,2023,,s
STATSNZ:AGR_AGR_003(1.0),7072,1,2023,39418,
STATSNZ:AGR_AGR_003(1.0),7193,9,2023,86861,
STATSNZ:AGR_AGR_003(1.0),7184,6,2023,,s
STATSNZ:AGR_AGR_003(1.0),7185,20,2023,59047,
STATSNZ:AGR_AGR_003(1.0),7188,4,2023,,s
STATSNZ:AGR_AGR_003(1.0),6720,12,2023,130,
STATSNZ:AGR_AGR_003(1.0),6721,9,2023,742481,
STATSNZ:AGR_AGR_003(1.0),6722,2,2023,,s
STATSNZ:AGR_AGR_003(1.0),6724,10,2023,1842670,
STATSNZ:AGR_AGR_003(1.0),6738,7,2023,34016,
STATSNZ:AGR_AGR_003(1.0),6703,4,2023,202736,
STATSNZ:AGR_AGR_003(1.0),7810,13,2023,302,
STATSNZ:AGR_AGR_003(1.0),7072,14,2024,,s
STATSNZ:AGR_AGR_003(1.0),7073,11,2024,3090,
STATSNZ:AGR_AGR_003(1.0),7074,11,2024,7650,
STATSNZ:AGR_AGR_003(1.0),7193,18,2024,0,
STATSNZ:AGR_AGR_003(1.0),7187,9,2024,64301,
STATSNZ:AGR_AGR_003(1.0),6701,10,2024,707123,
STATSNZ:AGR_AGR_003(1.0),7699,7,2024,,s
STATSNZ:AGR_AGR_003(1.0),6721,8,1994,5044148,
STATSNZ:AGR_AGR_003(1.0),6721,7,1994,668154,
STATSNZ:AGR_AGR_003(1.0),7687,20,1994,543095,
STATSNZ:AGR_AGR_003(1.0),6954,3,1994,77594,
STATSNZ:AGR_AGR_003(1.0),6724,14,1994,35484,
STATSNZ:AGR_AGR_003(1.0),7687,14,1994,13798,
STATSNZ:AGR_AGR_003(1.0),7188,8,1994,12070,
STATSNZ:AGR_AGR_003(1.0),6954,5,1994,3222,
STATSNZ:AGR_AGR_003(1.0),6724,12,1994,2251,
STATSNZ:AGR_AGR_003(1.0),6703,13,2002,512798,
STATSNZ:AGR_AGR_003(1.0),6703,11,2002,259022,
STATSNZ:AGR_AGR_003(1.0),7193,16,2002,204802,
STATSNZ:AGR_AGR_003(1.0),7699,16,2002,196703,
STATSNZ:AGR_AGR_003(1.0),7071,10,2002,122882,
STATSNZ:AGR_AGR_003(1.0),6724,7,2002,91957,
STATSNZ:AGR_AGR_003(1.0),7074,5,2002,91372,
STATSNZ:AGR_AGR_003(1.0),6953,3,2002,55249,
STATSNZ:AGR_AGR_003(1.0),7074,7,2002,30008,
STATSNZ:AGR_AGR_003(1.0),7071,1,2002,18956,
STATSNZ:AGR_AGR_003(1.0),6953,2,2002,12399,
STATSNZ:AGR_AGR_003(1.0),6720,7,2002,8141,
STATSNZ:AGR_AGR_003(1.0),6953,4,2002,8061,
STATSNZ:AGR_AGR_003(1.0),7071,2,2002,4863,
STATSNZ:AGR_AGR_003(1.0),7071,16,2002,3513,
STATSNZ:AGR_AGR_003(1.0),6721,7,2003,457226,
STATSNZ:AGR_AGR_003(1.0),7056,7,2003,24904,
STATSNZ:AGR_AGR_003(1.0),7190,2,2003,95413,
STATSNZ:AGR_AGR_003(1.0),7688,8,2003,23333,
STATSNZ:AGR_AGR_003(1.0),7699,9,2003,25821,
STATSNZ:AGR_AGR_003(1.0),7058,20,2004,140717,
STATSNZ:AGR_AGR_003(1.0),7059,8,2004,46594,
STATSNZ:AGR_AGR_003(1.0),7059,9,2004,14008,
STATSNZ:AGR_AGR_003(1.0),7066,12,2004,273,
STATSNZ:AGR_AGR_003(1.0),7066,13,2004,7096,
STATSNZ:AGR_AGR_003(1.0),7066,14,2004,3841,
STATSNZ:AGR_AGR_003(1.0),7185,10,2004,33272,
STATSNZ:AGR_AGR_003(1.0),7188,4,2004,10224,
STATSNZ:AGR_AGR_003(1.0),7188,5,2004,824,
STATSNZ:AGR_AGR_003(1.0),7190,14,2004,82145,
STATSNZ:AGR_AGR_003(1.0),7686,10,2004,129001,
STATSNZ:AGR_AGR_003(1.0),7687,11,2004,17047,
STATSNZ:AGR_AGR_003(1.0),6954,10,2004,168848,
STATSNZ:AGR_AGR_003(1.0),6954,14,2004,275,
STATSNZ:AGR_AGR_003(1.0),6954,15,2004,190423,
STATSNZ:AGR_AGR_003(1.0),6954,16,2004,19893,
STATSNZ:AGR_AGR_003(1.0),7057,1,2005,15320,
STATSNZ:AGR_AGR_003(1.0),7057,17,2005,8602,
STATSNZ:AGR_AGR_003(1.0),7193,8,2005,410765,
STATSNZ:AGR_AGR_003(1.0),7186,13,2005,107,
STATSNZ:AGR_AGR_003(1.0),6731,12,2005,17138,
STATSNZ:AGR_AGR_003(1.0),6703,3,2005,2282141,
STATSNZ:AGR_AGR_003(1.0),6701,14,2005,2870,
STATSNZ:AGR_AGR_003(1.0),7685,3,2005,12327,
STATSNZ:AGR_AGR_003(1.0),7056,1,2006,97051,
STATSNZ:AGR_AGR_003(1.0),7059,6,2006,45792,
STATSNZ:AGR_AGR_003(1.0),7064,10,2006,392244,
STATSNZ:AGR_AGR_003(1.0),7064,16,2006,43792,
STATSNZ:AGR_AGR_003(1.0),7067,5,2006,27943,
STATSNZ:AGR_AGR_003(1.0),6727,16,2006,195618,
STATSNZ:AGR_AGR_003(1.0),7688,2,2006,3972,
STATSNZ:AGR_AGR_003(1.0),6949,6,2006,811,
STATSNZ:AGR_AGR_003(1.0),6949,7,2006,1367,
STATSNZ:AGR_AGR_003(1.0),7059,2,2007,24752,
STATSNZ:AGR_AGR_003(1.0),7059,3,2007,54087,
STATSNZ:AGR_AGR_003(1.0),7066,6,2007,34012,
STATSNZ:AGR_AGR_003(1.0),7066,8,2007,74217,
STATSNZ:AGR_AGR_003(1.0),7067,17,2007,33788,
STATSNZ:AGR_AGR_003(1.0),7188,20,2007,305727,
STATSNZ:AGR_AGR_003(1.0),6720,3,2007,30198,
STATSNZ:AGR_AGR_003(1.0),6721,12,2007,5933,
STATSNZ:AGR_AGR_003(1.0),6721,13,2007,368129,
STATSNZ:AGR_AGR_003(1.0),6721,14,2007,40369,
STATSNZ:AGR_AGR_003(1.0),6724,17,2007,683128,
STATSNZ:AGR_AGR_003(1.0),7687,3,2007,54878,
STATSNZ:AGR_AGR_003(1.0),7687,5,2007,14887,
STATSNZ:AGR_AGR_003(1.0),6954,8,2007,23358,
STATSNZ:AGR_AGR_003(1.0),6953,14,2007,162,
STATSNZ:AGR_AGR_003(1.0),7065,9,2008,5309,
STATSNZ:AGR_AGR_003(1.0),7071,9,2008,4300,
STATSNZ:AGR_AGR_003(1.0),7187,10,2008,2963367,
STATSNZ:AGR_AGR_003(1.0),6720,10,2008,178162,
STATSNZ:AGR_AGR_003(1.0),6720,15,2008,57119,
STATSNZ:AGR_AGR_003(1.0),6720,20,2008,344846,
STATSNZ:AGR_AGR_003(1.0),6723,4,2008,16974,
STATSNZ:AGR_AGR_003(1.0),7696,11,2008,8759,
STATSNZ:AGR_AGR_003(1.0),6953,19,2008,172865,
STATSNZ:AGR_AGR_003(1.0),7056,17,2009,53351,
STATSNZ:AGR_AGR_003(1.0),7068,8,2009,10592,
STATSNZ:AGR_AGR_003(1.0),7074,8,2009,122834,
STATSNZ:AGR_AGR_003(1.0),6723,20,2009,1821217,
STATSNZ:AGR_AGR_003(1.0),6738,5,2009,132638,
STATSNZ:AGR_AGR_003(1.0),7810,10,2009,42663,
STATSNZ:AGR_AGR_003(1.0),7057,19,2010,51580,
STATSNZ:AGR_AGR_003(1.0),7193,1,2010,353314,
STATSNZ:AGR_AGR_003(1.0),7184,12,2010,118,
STATSNZ:AGR_AGR_003(1.0),7184,19,2010,300958,
STATSNZ:AGR_AGR_003(1.0),7187,15,2010,733248,
STATSNZ:AGR_AGR_003(1.0),7187,16,2010,213797,
STATSNZ:AGR_AGR_003(1.0),7686,6,2010,17893,
STATSNZ:AGR_AGR_003(1.0),7065,3,2011,39920,
STATSNZ:AGR_AGR_003(1.0),7071,18,2011,55,
STATSNZ:AGR_AGR_003(1.0),7074,7,2011,22562,
STATSNZ:AGR_AGR_003(1.0),6720,9,2011,13956,
STATSNZ:AGR_AGR_003(1.0),6723,14,2011,4056,
STATSNZ:AGR_AGR_003(1.0),6724,8,2011,878389,
STATSNZ:AGR_AGR_003(1.0),6703,13,2011,269463,
STATSNZ:AGR_AGR_003(1.0),6954,20,2011,326788,
STATSNZ:AGR_AGR_003(1.0),6953,4,2011,5716,
STATSNZ:AGR_AGR_003(1.0),7067,8,2012,62649,
STATSNZ:AGR_AGR_003(1.0),7067,9,2012,12817,
STATSNZ:AGR_AGR_003(1.0),7073,8,2012,33854,
STATSNZ:AGR_AGR_003(1.0),7190,20,2012,3879543,
STATSNZ:AGR_AGR_003(1.0),6722,20,2012,320032,
STATSNZ:AGR_AGR_003(1.0),6727,3,2012,5846,
STATSNZ:AGR_AGR_003(1.0),6727,5,2012,5942,
STATSNZ:AGR_AGR_003(1.0),6701,8,2012,198217,
STATSNZ:AGR_AGR_003(1.0),6949,19,2012,19485,
STATSNZ:AGR_AGR_003(1.0),6955,20,2012,733425,
STATSNZ:AGR_AGR_003(1.0),7810,9,2012,2070,
STATSNZ:AGR_AGR_003(1.0),7810,19,2012,19145,
STATSNZ:AGR_AGR_003(1.0),7065,2,2013,9397,
STATSNZ:AGR_AGR_003(1.0),7065,10,2013,203714,
STATSNZ:AGR_AGR_003(1.0),7066,11,2013,4318,
STATSNZ:AGR_AGR_003(1.0),7071,15,2013,5657,
STATSNZ:AGR_AGR_003(1.0),7071,16,2013,,s
STATSNZ:AGR_AGR_003(1.0),7071,17,2013,1110,
STATSNZ:AGR_AGR_003(1.0),6720,6,2013,31412,
STATSNZ:AGR_AGR_003(1.0),6720,7,2013,5789,
STATSNZ:AGR_AGR_003(1.0),6720,8,2013,52635,
STATSNZ:AGR_AGR_003(1.0),6723,11,2013,20866,
STATSNZ:AGR_AGR_003(1.0),7686,20,2013,229135,
STATSNZ:AGR_AGR_003(1.0),7696,2,2013,2781,
STATSNZ:AGR_AGR_003(1.0),7696,3,2013,30581,
STATSNZ:AGR_AGR_003(1.0),6951,8,2013,256,
STATSNZ:AGR_AGR_003(1.0),6953,17,2013,910,
STATSNZ:AGR_AGR_003(1.0),6953,18,2013,,c
STATSNZ:AGR_AGR_003(1.0),7066,7,2014,21786,
STATSNZ:AGR_AGR_003(1.0),7071,12,2014,,c
STATSNZ:AGR_AGR_003(1.0),7074,1,2014,61596,
STATSNZ:AGR_AGR_003(1.0),7193,11,2014,77972,
STATSNZ:AGR_AGR_003(1.0),7186,16,2014,2705,
STATSNZ:AGR_AGR_003(1.0),6724,2,2014,26147,
STATSNZ:AGR_AGR_003(1.0),6724,18,2014,9008,
STATSNZ:AGR_AGR_003(1.0),6703,7,2014,391184,
STATSNZ:AGR_AGR_003(1.0),6953,13,2014,,c
STATSNZ:AGR_AGR_003(1.0),6953,20,2014,255356,
STATSNZ:AGR_AGR_003(1.0),7077,11,2015,41531,
STATSNZ:AGR_AGR_003(1.0),7067,2,2015,11906,
STATSNZ:AGR_AGR_003(1.0),7073,1,2015,30877,
STATSNZ:AGR_AGR_003(1.0),7073,2,2015,3514,
STATSNZ:AGR_AGR_003(1.0),7073,17,2015,7163,
STATSNZ:AGR_AGR_003(1.0),7073,18,2015,,c
STATSNZ:AGR_AGR_003(1.0),7184,6,2015,24929,
STATSNZ:AGR_AGR_003(1.0),6722,8,2015,34073,
STATSNZ:AGR_AGR_003(1.0),6727,13,2015,33300,
STATSNZ:AGR_AGR_003(1.0),6727,20,2015,241954,
STATSNZ:AGR_AGR_003(1.0),6702,12,2015,,c
STATSNZ:AGR_AGR_003(1.0),7686,17,2015,42495,
STATSNZ:AGR_AGR_003(1.0),7810,3,2015,11729,
STATSNZ:AGR_AGR_003(1.0),7077,9,2016,110801,
STATSNZ:AGR_AGR_003(1.0),7067,10,2016,251900,
STATSNZ:AGR_AGR_003(1.0),7073,10,2016,193495,
STATSNZ:AGR_AGR_003(1.0),7073,15,2016,40142,
STATSNZ:AGR_AGR_003(1.0),7073,20,2016,266780,
STATSNZ:AGR_AGR_003(1.0),7184,4,2016,53246,
STATSNZ:AGR_AGR_003(1.0),7184,6,2016,25619,
STATSNZ:AGR_AGR_003(1.0),6722,6,2016,23955,
STATSNZ:AGR_AGR_003(1.0),6727,11,2016,2512,
STATSNZ:AGR_AGR_003(1.0),6702,19,2016,12090320,
STATSNZ:AGR_AGR_003(1.0),7686,15,2016,49385,
STATSNZ:AGR_AGR_003(1.0),7810,1,2016,1869,
STATSNZ:AGR_AGR_003(1.0),7810,2,2016,3470,
STATSNZ:AGR_AGR_003(1.0),7810,17,2016,6057,
STATSNZ:AGR_AGR_003(1.0),7056,10,2017,539801,
STATSNZ:AGR_AGR_003(1.0),7056,16,2017,81109,
STATSNZ:AGR_AGR_003(1.0),7059,5,2017,21282,
STATSNZ:AGR_AGR_003(1.0),7064,15,2017,70930,
STATSNZ:AGR_AGR_003(1.0),7186,6,2017,1272,
STATSNZ:AGR_AGR_003(1.0),7190,11,2017,44159,
STATSNZ:AGR_AGR_003(1.0),7699,2,2017,11284,
STATSNZ:AGR_AGR_003(1.0),7699,3,2017,62714,
STATSNZ:AGR_AGR_003(1.0),7687,6,2017,18812,
STATSNZ:AGR_AGR_003(1.0),7687,8,2017,25638,
STATSNZ:AGR_AGR_003(1.0),7688,17,2017,39686,
STATSNZ:AGR_AGR_003(1.0),7065,7,2018,12173,
STATSNZ:AGR_AGR_003(1.0),7068,11,2018,698,
STATSNZ:AGR_AGR_003(1.0),7068,12,2018,11,
STATSNZ:AGR_AGR_003(1.0),7068,13,2018,1682,
STATSNZ:AGR_AGR_003(1.0),7073,16,2018,20421,
STATSNZ:AGR_AGR_003(1.0),6731,2,2018,202415,
STATSNZ:AGR_AGR_003(1.0),6731,3,2018,1632001,
STATSNZ:AGR_AGR_003(1.0),6731,4,2018,232865,
STATSNZ:AGR_AGR_003(1.0),6731,18,2018,,s
STATSNZ:AGR_AGR_003(1.0),6722,7,2018,,s
STATSNZ:AGR_AGR_003(1.0),6723,18,2018,,s
STATSNZ:AGR_AGR_003(1.0),7688,20,2018,152682,
STATSNZ:AGR_AGR_003(1.0),6949,4,2018,263,
STATSNZ:AGR_AGR_003(1.0),6951,13,2018,22,
STATSNZ:AGR_AGR_003(1.0),6951,15,2018,3267,
STATSNZ:AGR_AGR_003(1.0),7810,18,2018,4,
STATSNZ:AGR_AGR_003(1.0),7077,2,2019,118180,
STATSNZ:AGR_AGR_003(1.0),7077,3,2019,546980,
STATSNZ:AGR_AGR_003(1.0),7077,17,2019,191503,
STATSNZ:AGR_AGR_003(1.0),7077,18,2019,,s
STATSNZ:AGR_AGR_003(1.0),7073,9,2019,11370,
STATSNZ:AGR_AGR_003(1.0),7184,14,2019,24563,
STATSNZ:AGR_AGR_003(1.0),7185,8,2019,,s
STATSNZ:AGR_AGR_003(1.0),7188,13,2019,1078,
STATSNZ:AGR_AGR_003(1.0),6738,15,2019,724279,
STATSNZ:AGR_AGR_003(1.0),6738,20,2019,2837850,
STATSNZ:AGR_AGR_003(1.0),6702,4,2019,209254,
STATSNZ:AGR_AGR_003(1.0),7077,2,2020,113340,
STATSNZ:AGR_AGR_003(1.0),7056,11,2020,7850,
STATSNZ:AGR_AGR_003(1.0),7056,12,2020,,s
STATSNZ:AGR_AGR_003(1.0),7056,13,2020,29105,
STATSNZ:AGR_AGR_003(1.0),7059,16,2020,21557,
STATSNZ:AGR_AGR_003(1.0),7074,2,2020,16830,
STATSNZ:AGR_AGR_003(1.0),7074,4,2020,24309,
STATSNZ:AGR_AGR_003(1.0),7185,7,2020,3862,
STATSNZ:AGR_AGR_003(1.0),7185,8,2020,,s
STATSNZ:AGR_AGR_003(1.0),7188,13,2020,,s
STATSNZ:AGR_AGR_003(1.0),6738,20,2020,2674671,
STATSNZ:AGR_AGR_003(1.0),6703,8,2020,4322946,
STATSNZ:AGR_AGR_003(1.0),6702,4,2020,205736,
STATSNZ:AGR_AGR_003(1.0),7699,13,2020,6042,
STATSNZ:AGR_AGR_003(1.0),7699,14,2020,23644,
STATSNZ:AGR_AGR_003(1.0),7699,15,2020,265295,
STATSNZ:AGR_AGR_003(1.0),7065,20,2021,278580,
STATSNZ:AGR_AGR_003(1.0),7068,4,2021,2780,
STATSNZ:AGR_AGR_003(1.0),7074,3,2021,110546,
STATSNZ:AGR_AGR_003(1.0),7074,17,2021,57028,
STATSNZ:AGR_AGR_003(1.0),7185,8,2021,5513,
STATSNZ:AGR_AGR_003(1.0),6723,19,2021,804191,
STATSNZ:AGR_AGR_003(1.0),6738,14,2021,,s
STATSNZ:AGR_AGR_003(1.0),6738,15,2021,700205,
STATSNZ:AGR_AGR_003(1.0),6738,20,2021,2624026,
STATSNZ:AGR_AGR_003(1.0),7699,14,2021,21845,
STATSNZ:AGR_AGR_003(1.0),6951,5,2021,0,
STATSNZ:AGR_AGR_003(1.0),7077,12,2022,,s
STATSNZ:AGR_AGR_003(1.0),7058,1,2022,21021,
STATSNZ:AGR_AGR_003(1.0),7058,17,2022,3443,
STATSNZ:AGR_AGR_003(1.0),7059,11,2022,3613,
STATSNZ:AGR_AGR_003(1.0),7184,8,2022,70428,
STATSNZ:AGR_AGR_003(1.0),7185,2,2022,733,
STATSNZ:AGR_AGR_003(1.0),7185,18,2022,0,
STATSNZ:AGR_AGR_003(1.0),7188,7,2022,29318,
STATSNZ:AGR_AGR_003(1.0),6702,13,2022,274367,
STATSNZ:AGR_AGR_003(1.0),6702,20,2022,20655840,
STATSNZ:AGR_AGR_003(1.0),7686,2,2022,2383,
STATSNZ:AGR_AGR_003(1.0),7686,4,2022,5166,
STATSNZ:AGR_AGR_003(1.0),7687,13,2022,1300,
STATSNZ:AGR_AGR_003(1.0),6954,18,2022,0,
STATSNZ:AGR_AGR_003(1.0),7810,4,2022,850,
STATSNZ:AGR_AGR_003(1.0),7056,5,2023,71649,
STATSNZ:AGR_AGR_003(1.0),7056,6,2023,102444,
STATSNZ:AGR_AGR_003(1.0),7056,7,2023,,s
STATSNZ:AGR_AGR_003(1.0),7059,11,2023,2743,
STATSNZ:AGR_AGR_003(1.0),7059,19,2023,90617,
STATSNZ:AGR_AGR_003(1.0),7185,1,2023,2371,
STATSNZ:AGR_AGR_003(1.0),7185,2,2023,,s
STATSNZ:AGR_AGR_003(1.0),7186,11,2023,,s
STATSNZ:AGR_AGR_003(1.0),7190,16,2023,176368,
STATSNZ:AGR_AGR_003(1.0),7190,17,2023,544585,
STATSNZ:AGR_AGR_003(1.0),7699,8,2023,39593,
STATSNZ:AGR_AGR_003(1.0),7687,13,2023,1520,
STATSNZ:AGR_AGR_003(1.0),7077,7,2024,134390,
STATSNZ:AGR_AGR_003(1.0),7056,17,2024,43312,
STATSNZ:AGR_AGR_003(1.0),7056,18,2024,2926,
STATSNZ:AGR_AGR_003(1.0),7073,20,2024,207734,
STATSNZ:AGR_AGR_003(1.0),7074,8,2024,144994,
STATSNZ:AGR_AGR_003(1.0),7185,13,2024,89,
STATSNZ:AGR_AGR_003(1.0),7185,15,2024,10396,
STATSNZ:AGR_AGR_003(1.0),6723,20,2024,1530097,
STATSNZ:AGR_AGR_003(1.0),6738,4,2024,17825,
STATSNZ:AGR_AGR_003(1.0),6738,5,2024,177154,
STATSNZ:AGR_AGR_003(1.0),6738,6,2024,468233,
STATSNZ:AGR_AGR_003(1.0),6702,19,2024,10079214,
STATSNZ:AGR_AGR_003(1.0),7810,1,2024,949,
STATSNZ:AGR_AGR_003(1.0),7810,10,2024,,s
STATSNZ:AGR_AGR_003(1.0),6721,9,1994,1509046,
STATSNZ:AGR_AGR_003(1.0),6731,2,1994,498152,
STATSNZ:AGR_AGR_003(1.0),7687,10,1994,265569,
STATSNZ:AGR_AGR_003(1.0),6723,17,1994,184220,
STATSNZ:AGR_AGR_003(1.0),7686,3,1994,36763,
STATSNZ:AGR_AGR_003(1.0),6720,13,1994,10942,
STATSNZ:AGR_AGR_003(1.0),6954,17,1994,7235,
STATSNZ:AGR_AGR_003(1.0),7688,9,1994,6402,
STATSNZ:AGR_AGR_003(1.0),7696,7,1994,6052,
STATSNZ:AGR_AGR_003(1.0),7190,5,1994,4306,
STATSNZ:AGR_AGR_003(1.0),6720,12,1994,169,
STATSNZ:AGR_AGR_003(1.0),6724,8,2002,1013235,
STATSNZ:AGR_AGR_003(1.0),6738,15,2002,792928,
STATSNZ:AGR_AGR_003(1.0),6954,20,2002,342015,
STATSNZ:AGR_AGR_003(1.0),6738,16,2002,322626,
STATSNZ:AGR_AGR_003(1.0),6724,9,2002,302412,
STATSNZ:AGR_AGR_003(1.0),6721,4,2002,293602,
STATSNZ:AGR_AGR_003(1.0),7065,20,2002,246180,
STATSNZ:AGR_AGR_003(1.0),6722,1,2002,4876,
STATSNZ:AGR_AGR_003(1.0),7068,4,2002,4147,
STATSNZ:AGR_AGR_003(1.0),7072,11,2002,2921,
STATSNZ:AGR_AGR_003(1.0),6723,12,2002,486,
STATSNZ:AGR_AGR_003(1.0),6731,15,2003,7969929,
STATSNZ:AGR_AGR_003(1.0),6954,16,2003,17545,
STATSNZ:AGR_AGR_003(1.0),7057,2,2003,4680,
STATSNZ:AGR_AGR_003(1.0),7057,3,2003,18035,
STATSNZ:AGR_AGR_003(1.0),7059,19,2003,91568,
STATSNZ:AGR_AGR_003(1.0),7064,7,2003,15213,
STATSNZ:AGR_AGR_003(1.0),7066,14,2003,3539,
STATSNZ:AGR_AGR_003(1.0),7188,7,2003,12986,
STATSNZ:AGR_AGR_003(1.0),7190,4,2003,202440,
STATSNZ:AGR_AGR_003(1.0),7685,4,2003,6047,
STATSNZ:AGR_AGR_003(1.0),7688,9,2003,5713,
STATSNZ:AGR_AGR_003(1.0),7058,11,2004,1293,
STATSNZ:AGR_AGR_003(1.0),7065,2,2004,15785,
STATSNZ:AGR_AGR_003(1.0),7190,10,2004,2427374,
STATSNZ:AGR_AGR_003(1.0),7190,16,2004,110064,
STATSNZ:AGR_AGR_003(1.0),6701,20,2004,1071931,
STATSNZ:AGR_AGR_003(1.0),7686,14,2004,7738,
STATSNZ:AGR_AGR_003(1.0),7696,5,2004,14887,
STATSNZ:AGR_AGR_003(1.0),6949,11,2004,110,
STATSNZ:AGR_AGR_003(1.0),7056,5,2005,95772,
STATSNZ:AGR_AGR_003(1.0),7059,9,2005,11276,
STATSNZ:AGR_AGR_003(1.0),7074,11,2005,11720,
STATSNZ:AGR_AGR_003(1.0),7187,9,2005,75684,
STATSNZ:AGR_AGR_003(1.0),7190,16,2005,107576,
STATSNZ:AGR_AGR_003(1.0),7190,17,2005,235499,
STATSNZ:AGR_AGR_003(1.0),6701,10,2005,807316,
STATSNZ:AGR_AGR_003(1.0),6701,20,2005,1345926,
STATSNZ:AGR_AGR_003(1.0),7699,6,2005,120027,
STATSNZ:AGR_AGR_003(1.0),7687,11,2005,15396,
STATSNZ:AGR_AGR_003(1.0),7059,4,2006,8904,
STATSNZ:AGR_AGR_003(1.0),7064,1,2006,56916,
STATSNZ:AGR_AGR_003(1.0),7065,11,2006,1831,
STATSNZ:AGR_AGR_003(1.0),7066,8,2006,69344,
STATSNZ:AGR_AGR_003(1.0),7188,1,2006,21314,
STATSNZ:AGR_AGR_003(1.0),6731,8,2006,6870265,
STATSNZ:AGR_AGR_003(1.0),6731,9,2006,2012471,
STATSNZ:AGR_AGR_003(1.0),6720,5,2006,20204,
STATSNZ:AGR_AGR_003(1.0),6721,15,2006,4845082,
STATSNZ:AGR_AGR_003(1.0),6721,16,2006,4165884,
STATSNZ:AGR_AGR_003(1.0),7685,20,2006,126026,
STATSNZ:AGR_AGR_003(1.0),7687,5,2006,12324,
STATSNZ:AGR_AGR_003(1.0),7688,3,2006,28330,
STATSNZ:AGR_AGR_003(1.0),7696,13,2006,5287,
STATSNZ:AGR_AGR_003(1.0),6954,19,2006,213656,
STATSNZ:AGR_AGR_003(1.0),7056,20,2007,1027882,
STATSNZ:AGR_AGR_003(1.0),7067,3,2007,78244,
STATSNZ:AGR_AGR_003(1.0),7068,10,2007,57029,
STATSNZ:AGR_AGR_003(1.0),7071,11,2007,1292,
STATSNZ:AGR_AGR_003(1.0),7190,19,2007,1027505,
STATSNZ:AGR_AGR_003(1.0),6720,1,2007,5999,
STATSNZ:AGR_AGR_003(1.0),6720,17,2007,52309,
STATSNZ:AGR_AGR_003(1.0),7686,8,2007,23284,
STATSNZ:AGR_AGR_003(1.0),6949,5,2007,385,
STATSNZ:AGR_AGR_003(1.0),6949,6,2007,936,
STATSNZ:AGR_AGR_003(1.0),7059,1,2008,47351,
STATSNZ:AGR_AGR_003(1.0),7066,6,2008,45114,
STATSNZ:AGR_AGR_003(1.0),7067,15,2008,69649,
STATSNZ:AGR_AGR_003(1.0),6731,3,2008,2168673,
STATSNZ:AGR_AGR_003(1.0),6721,19,2008,12281225,
STATSNZ:AGR_AGR_003(1.0),6724,1,2008,92307,
STATSNZ:AGR_AGR_003(1.0),7687,3,2008,42621,
STATSNZ:AGR_AGR_003(1.0),7688,10,2008,78397,
STATSNZ:AGR_AGR_003(1.0),7696,19,2008,357314,
STATSNZ:AGR_AGR_003(1.0),6954,7,2008,15829,
STATSNZ:AGR_AGR_003(1.0),6951,14,2008,5,
STATSNZ:AGR_AGR_003(1.0),6951,15,2008,2940,
STATSNZ:AGR_AGR_003(1.0),7066,10,2009,345351,
STATSNZ:AGR_AGR_003(1.0),7071,5,2009,5332,
STATSNZ:AGR_AGR_003(1.0),7073,12,2009,45,
STATSNZ:AGR_AGR_003(1.0),7074,9,2009,30976,
STATSNZ:AGR_AGR_003(1.0),7184,16,2009,34478,
STATSNZ:AGR_AGR_003(1.0),6703,10,2009,13053607,
STATSNZ:AGR_AGR_003(1.0),6703,16,2009,4616461,
STATSNZ:AGR_AGR_003(1.0),6949,20,2009,33771,
STATSNZ:AGR_AGR_003(1.0),6953,6,2009,7793,
STATSNZ:AGR_AGR_003(1.0),6953,7,2009,14888,
STATSNZ:AGR_AGR_003(1.0),7810,14,2009,560,
STATSNZ:AGR_AGR_003(1.0),7077,1,2010,465169,
STATSNZ:AGR_AGR_003(1.0),7077,10,2010,2837251,
STATSNZ:AGR_AGR_003(1.0),7077,17,2010,186157,
STATSNZ:AGR_AGR_003(1.0),7057,8,2010,20115,
STATSNZ:AGR_AGR_003(1.0),7058,5,2010,8460,
STATSNZ:AGR_AGR_003(1.0),7193,15,2010,938453,
STATSNZ:AGR_AGR_003(1.0),7188,13,2010,1715,
STATSNZ:AGR_AGR_003(1.0),6720,16,2010,51917,
STATSNZ:AGR_AGR_003(1.0),6701,5,2010,60622,
STATSNZ:AGR_AGR_003(1.0),6702,2,2010,158684,
STATSNZ:AGR_AGR_003(1.0),6702,3,2010,1715393,
STATSNZ:AGR_AGR_003(1.0),7685,19,2010,55732,
STATSNZ:AGR_AGR_003(1.0),7686,7,2010,1126,
STATSNZ:AGR_AGR_003(1.0),7687,17,2010,126337,
STATSNZ:AGR_AGR_003(1.0),7688,14,2010,6456,
STATSNZ:AGR_AGR_003(1.0),7066,10,2011,316533,
STATSNZ:AGR_AGR_003(1.0),7066,20,2011,456881,
STATSNZ:AGR_AGR_003(1.0),7067,9,2011,14033,
STATSNZ:AGR_AGR_003(1.0),7068,6,2011,5543,
STATSNZ:AGR_AGR_003(1.0),7071,4,2011,1440,
STATSNZ:AGR_AGR_003(1.0),7072,13,2011,432,
STATSNZ:AGR_AGR_003(1.0),6720,7,2011,5548,
STATSNZ:AGR_AGR_003(1.0),6721,4,2011,196985,
STATSNZ:AGR_AGR_003(1.0),6738,18,2011,10418,
STATSNZ:AGR_AGR_003(1.0),6703,15,2011,4062620,
STATSNZ:AGR_AGR_003(1.0),7696,4,2011,16482,
STATSNZ:AGR_AGR_003(1.0),6954,1,2011,3155,
STATSNZ:AGR_AGR_003(1.0),6951,9,2011,174,
STATSNZ:AGR_AGR_003(1.0),6955,15,2011,426750,
STATSNZ:AGR_AGR_003(1.0),6955,16,2011,17307,
STATSNZ:AGR_AGR_003(1.0),7810,13,2011,585,
STATSNZ:AGR_AGR_003(1.0),7065,20,2012,241164,
STATSNZ:AGR_AGR_003(1.0),7068,3,2012,15497,
STATSNZ:AGR_AGR_003(1.0),7072,13,2012,1300,
STATSNZ:AGR_AGR_003(1.0),7073,19,2012,53735,
STATSNZ:AGR_AGR_003(1.0),6721,3,2012,1202413,
STATSNZ:AGR_AGR_003(1.0),6721,4,2012,226730,
STATSNZ:AGR_AGR_003(1.0),6722,10,2012,163393,
STATSNZ:AGR_AGR_003(1.0),6723,11,2012,22643,
STATSNZ:AGR_AGR_003(1.0),6723,19,2012,1139663,
STATSNZ:AGR_AGR_003(1.0),6724,7,2012,63958,
STATSNZ:AGR_AGR_003(1.0),6724,8,2012,895043,
STATSNZ:AGR_AGR_003(1.0),6727,17,2012,8556,
STATSNZ:AGR_AGR_003(1.0),6738,14,2012,4260,
STATSNZ:AGR_AGR_003(1.0),6949,8,2012,2514,
STATSNZ:AGR_AGR_003(1.0),6951,5,2012,8,
STATSNZ:AGR_AGR_003(1.0),7059,8,2013,45915,
STATSNZ:AGR_AGR_003(1.0),7064,5,2013,35560,
STATSNZ:AGR_AGR_003(1.0),7065,16,2013,12336,
STATSNZ:AGR_AGR_003(1.0),7066,12,2013,,s
STATSNZ:AGR_AGR_003(1.0),7066,13,2013,5369,
STATSNZ:AGR_AGR_003(1.0),7188,3,2013,100937,
STATSNZ:AGR_AGR_003(1.0),6721,3,2013,1260665,
STATSNZ:AGR_AGR_003(1.0),6721,17,2013,3277292,
STATSNZ:AGR_AGR_003(1.0),6722,10,2013,114482,
STATSNZ:AGR_AGR_003(1.0),6724,8,2013,892694,
STATSNZ:AGR_AGR_003(1.0),7688,7,2013,,s
STATSNZ:AGR_AGR_003(1.0),7696,1,2013,1519,
STATSNZ:AGR_AGR_003(1.0),7696,17,2013,92800,
STATSNZ:AGR_AGR_003(1.0),6954,14,2013,,s
STATSNZ:AGR_AGR_003(1.0),7068,1,2014,5063,
STATSNZ:AGR_AGR_003(1.0),7071,19,2014,11203,
STATSNZ:AGR_AGR_003(1.0),7072,7,2014,3371,
STATSNZ:AGR_AGR_003(1.0),7072,8,2014,38701,
STATSNZ:AGR_AGR_003(1.0),7074,15,2014,118087,
STATSNZ:AGR_AGR_003(1.0),7193,12,2014,,s
STATSNZ:AGR_AGR_003(1.0),6738,12,2014,,s
STATSNZ:AGR_AGR_003(1.0),6702,16,2014,4587020,
STATSNZ:AGR_AGR_003(1.0),6951,2,2014,29,
STATSNZ:AGR_AGR_003(1.0),6951,3,2014,725,
STATSNZ:AGR_AGR_003(1.0),6955,19,2014,413202,
STATSNZ:AGR_AGR_003(1.0),7810,7,2014,2005,
STATSNZ:AGR_AGR_003(1.0),7072,7,2015,12904,
STATSNZ:AGR_AGR_003(1.0),7074,14,2015,14493,
STATSNZ:AGR_AGR_003(1.0),7193,11,2015,77863,
STATSNZ:AGR_AGR_003(1.0),6723,5,2015,97195,
STATSNZ:AGR_AGR_003(1.0),6724,2,2015,34139,
STATSNZ:AGR_AGR_003(1.0),6727,11,2015,920,
STATSNZ:AGR_AGR_003(1.0),6738,8,2015,493071,
STATSNZ:AGR_AGR_003(1.0),6738,9,2015,150466,
STATSNZ:AGR_AGR_003(1.0),6701,15,2015,134120,
STATSNZ:AGR_AGR_003(1.0),6701,16,2015,114672,
STATSNZ:AGR_AGR_003(1.0),6955,6,2015,4157,
STATSNZ:AGR_AGR_003(1.0),7072,5,2016,13660,
STATSNZ:AGR_AGR_003(1.0),7074,12,2016,353,
STATSNZ:AGR_AGR_003(1.0),7193,9,2016,110543,
STATSNZ:AGR_AGR_003(1.0),7185,17,2016,8652,
STATSNZ:AGR_AGR_003(1.0),6723,3,2016,133186,
STATSNZ:AGR_AGR_003(1.0),6724,10,2016,2102950,
STATSNZ:AGR_AGR_003(1.0),6724,20,2016,4294238,
STATSNZ:AGR_AGR_003(1.0),6727,9,2016,19835,
STATSNZ:AGR_AGR_003(1.0),6738,6,2016,378320,
STATSNZ:AGR_AGR_003(1.0),6738,7,2016,37352,
STATSNZ:AGR_AGR_003(1.0),6701,13,2016,6676,
STATSNZ:AGR_AGR_003(1.0),6701,14,2016,1808,
STATSNZ:AGR_AGR_003(1.0),6955,4,2016,3862,
STATSNZ:AGR_AGR_003(1.0),7077,5,2017,247238,
STATSNZ:AGR_AGR_003(1.0),7056,2,2017,16087,
STATSNZ:AGR_AGR_003(1.0),7057,13,2017,3100,
STATSNZ:AGR_AGR_003(1.0),7058,19,2017,30563,
STATSNZ:AGR_AGR_003(1.0),7064,16,2017,40295,
STATSNZ:AGR_AGR_003(1.0),7064,17,2017,29599,
STATSNZ:AGR_AGR_003(1.0),7193,2,2017,132323,
STATSNZ:AGR_AGR_003(1.0),7184,10,2017,531665,
STATSNZ:AGR_AGR_003(1.0),7186,7,2017,4943,
STATSNZ:AGR_AGR_003(1.0),7187,17,2017,494497,
STATSNZ:AGR_AGR_003(1.0),7188,10,2017,240396,
STATSNZ:AGR_AGR_003(1.0),7188,14,2017,6999,
STATSNZ:AGR_AGR_003(1.0),6702,7,2017,387272,
STATSNZ:AGR_AGR_003(1.0),7685,14,2017,2555,
STATSNZ:AGR_AGR_003(1.0),7685,15,2017,32892,
STATSNZ:AGR_AGR_003(1.0),7686,11,2017,1652,
STATSNZ:AGR_AGR_003(1.0),7064,19,2018,161326,
STATSNZ:AGR_AGR_003(1.0),7067,1,2018,39597,
STATSNZ:AGR_AGR_003(1.0),7067,17,2018,23095,
STATSNZ:AGR_AGR_003(1.0),7187,10,2018,3020587,
STATSNZ:AGR_AGR_003(1.0),7188,19,2018,149056,
STATSNZ:AGR_AGR_003(1.0),7190,7,2018,410177,
STATSNZ:AGR_AGR_003(1.0),6720,15,2018,37986,
STATSNZ:AGR_AGR_003(1.0),6721,12,2018,18259,
STATSNZ:AGR_AGR_003(1.0),6949,2,2018,1203,
STATSNZ:AGR_AGR_003(1.0),6951,20,2018,4881,
STATSNZ:AGR_AGR_003(1.0),6953,19,2018,182582,
STATSNZ:AGR_AGR_003(1.0),7056,13,2019,25996,
STATSNZ:AGR_AGR_003(1.0),7074,6,2019,98119,
STATSNZ:AGR_AGR_003(1.0),7193,3,2019,1822904,
STATSNZ:AGR_AGR_003(1.0),7184,13,2019,,s
STATSNZ:AGR_AGR_003(1.0),7185,19,2019,30062,
STATSNZ:AGR_AGR_003(1.0),7187,17,2019,480995,
STATSNZ:AGR_AGR_003(1.0),7187,18,2019,0,
STATSNZ:AGR_AGR_003(1.0),7188,15,2019,,s
STATSNZ:AGR_AGR_003(1.0),6727,4,2019,540,
STATSNZ:AGR_AGR_003(1.0),6738,1,2019,40403,
STATSNZ:AGR_AGR_003(1.0),6738,10,2019,1522096,
STATSNZ:AGR_AGR_003(1.0),6701,7,2019,15877,
STATSNZ:AGR_AGR_003(1.0),6702,18,2019,,s
STATSNZ:AGR_AGR_003(1.0),7699,15,2019,247735,
STATSNZ:AGR_AGR_003(1.0),7077,10,2020,2636865,
STATSNZ:AGR_AGR_003(1.0),7077,16,2020,332610,
STATSNZ:AGR_AGR_003(1.0),7071,20,2020,86671,
STATSNZ:AGR_AGR_003(1.0),7073,7,2020,10185,
STATSNZ:AGR_AGR_003(1.0),7188,11,2020,,s
STATSNZ:AGR_AGR_003(1.0),7190,8,2020,284834,
STATSNZ:AGR_AGR_003(1.0),6702,2,2020,111237,
STATSNZ:AGR_AGR_003(1.0),6702,18,2020,,s
STATSNZ:AGR_AGR_003(1.0),7699,20,2020,833258,
STATSNZ:AGR_AGR_003(1.0),7685,9,2020,,s
STATSNZ:AGR_AGR_003(1.0),7686,6,2020,14255,
STATSNZ:AGR_AGR_003(1.0),7688,16,2020,23378,
STATSNZ:AGR_AGR_003(1.0),7077,15,2021,516312,
STATSNZ:AGR_AGR_003(1.0),7071,1,2021,21611,
STATSNZ:AGR_AGR_003(1.0),7073,8,2021,35837,
STATSNZ:AGR_AGR_003(1.0),7074,5,2021,75910,
STATSNZ:AGR_AGR_003(1.0),7193,15,2021,1325185,
STATSNZ:AGR_AGR_003(1.0),7184,13,2021,,s
STATSNZ:AGR_AGR_003(1.0),6722,20,2021,372202,
STATSNZ:AGR_AGR_003(1.0),6724,5,2021,231332,
STATSNZ:AGR_AGR_003(1.0),6724,6,2021,493057,
STATSNZ:AGR_AGR_003(1.0),6727,2,2021,1334,
STATSNZ:AGR_AGR_003(1.0),6727,3,2021,3865,
STATSNZ:AGR_AGR_003(1.0),6738,13,2021,58730,
STATSNZ:AGR_AGR_003(1.0),6703,9,2021,1143481,
STATSNZ:AGR_AGR_003(1.0),6703,19,2021,11590212,
STATSNZ:AGR_AGR_003(1.0),6702,17,2021,3317963,
STATSNZ:AGR_AGR_003(1.0),6953,10,2021,70807,
STATSNZ:AGR_AGR_003(1.0),7810,19,2021,12320,
STATSNZ:AGR_AGR_003(1.0),7077,19,2022,1154615,
STATSNZ:AGR_AGR_003(1.0),7056,7,2022,23875,
STATSNZ:AGR_AGR_003(1.0),7074,10,2022,611237,
STATSNZ:AGR_AGR_003(1.0),7184,7,2022,66368,
STATSNZ:AGR_AGR_003(1.0),7185,4,2022,6045,
STATSNZ:AGR_AGR_003(1.0),7187,12,2022,,s
STATSNZ:AGR_AGR_003(1.0),7190,18,2022,,s
STATSNZ:AGR_AGR_003(1.0),6701,1,2022,14129,
STATSNZ:AGR_AGR_003(1.0),6701,2,2022,13559,
STATSNZ:AGR_AGR_003(1.0),7699,9,2022,7790,
STATSNZ:AGR_AGR_003(1.0),7686,16,2022,27607,
STATSNZ:AGR_AGR_003(1.0),7696,7,2022,548,
STATSNZ:AGR_AGR_003(1.0),7077,19,2023,1152992,
STATSNZ:AGR_AGR_003(1.0),7057,18,2023,,s
STATSNZ:AGR_AGR_003(1.0),7058,15,2023,25279,
STATSNZ:AGR_AGR_003(1.0),7193,8,2023,398390,
STATSNZ:AGR_AGR_003(1.0),7186,20,2023,69982,
STATSNZ:AGR_AGR_003(1.0),7188,5,2023,,s
STATSNZ:AGR_AGR_003(1.0),7190,2,2023,58204,
STATSNZ:AGR_AGR_003(1.0),6731,12,2023,11863,
STATSNZ:AGR_AGR_003(1.0),6731,13,2023,414938,
STATSNZ:AGR_AGR_003(1.0),6722,17,2023,,s
STATSNZ:AGR_AGR_003(1.0),7685,3,2023,,s
STATSNZ:AGR_AGR_003(1.0),7686,10,2023,40732,
STATSNZ:AGR_AGR_003(1.0),7071,6,2024,,s
STATSNZ:AGR_AGR_003(1.0),7072,3,2024,,s
STATSNZ:AGR_AGR_003(1.0),7073,13,2024,180,
STATSNZ:AGR_AGR_003(1.0),7074,19,2024,352963,
STATSNZ:AGR_AGR_003(1.0),7184,17,2024,,s
STATSNZ:AGR_AGR_003(1.0),7186,19,2024,,s
STATSNZ:AGR_AGR_003(1.0),6703,1,2024,144652,
STATSNZ:AGR_AGR_003(1.0),6703,10,2024,10366876,
STATSNZ:AGR_AGR_003(1.0),6702,8,2024,3786223,
STATSNZ:AGR_AGR_003(1.0),7699,5,2024,7732,
STATSNZ:AGR_AGR_003(1.0),6953,7,2024,4327,
STATSNZ:AGR_AGR_003(1.0),6731,10,1994,22516394,
STATSNZ:AGR_AGR_003(1.0),6731,16,1994,7635968,
STATSNZ:AGR_AGR_003(1.0),6723,15,1994,215173,
STATSNZ:AGR_AGR_003(1.0),7187,11,1994,37875,
STATSNZ:AGR_AGR_003(1.0),7696,6,1994,31824,
STATSNZ:AGR_AGR_003(1.0),7810,15,1994,10673,
STATSNZ:AGR_AGR_003(1.0),6722,20,2002,380693,
STATSNZ:AGR_AGR_003(1.0),6722,10,2002,121667,
STATSNZ:AGR_AGR_003(1.0),7073,8,2002,85614,
STATSNZ:AGR_AGR_003(1.0),7810,19,2002,24437,
STATSNZ:AGR_AGR_003(1.0),7067,9,2002,13514,
STATSNZ:AGR_AGR_003(1.0),6727,3,2002,12563,
STATSNZ:AGR_AGR_003(1.0),6727,5,2002,8059,
STATSNZ:AGR_AGR_003(1.0),7184,13,2002,6252,
STATSNZ:AGR_AGR_003(1.0),6738,14,2002,5056,
STATSNZ:AGR_AGR_003(1.0),6727,4,2002,1953,
STATSNZ:AGR_AGR_003(1.0),7810,11,2002,763,
STATSNZ:AGR_AGR_003(1.0),6951,5,2002,38,
STATSNZ:AGR_AGR_003(1.0),6720,19,2003,225977,
STATSNZ:AGR_AGR_003(1.0),6731,20,2003,39552113,
STATSNZ:AGR_AGR_003(1.0),7058,15,2003,13376,
STATSNZ:AGR_AGR_003(1.0),7058,20,2003,152075,
STATSNZ:AGR_AGR_003(1.0),7065,4,2003,8723,
STATSNZ:AGR_AGR_003(1.0),7187,11,2003,55153,
STATSNZ:AGR_AGR_003(1.0),7187,19,2003,999861,
STATSNZ:AGR_AGR_003(1.0),7686,1,2003,4439,
STATSNZ:AGR_AGR_003(1.0),7686,16,2003,33272,
STATSNZ:AGR_AGR_003(1.0),7696,7,2003,3356,
STATSNZ:AGR_AGR_003(1.0),7057,2,2004,5483,
STATSNZ:AGR_AGR_003(1.0),7057,10,2004,107426,
STATSNZ:AGR_AGR_003(1.0),7057,16,2004,10142,
STATSNZ:AGR_AGR_003(1.0),7065,16,2004,8537,
STATSNZ:AGR_AGR_003(1.0),7190,2,2004,87946,
STATSNZ:AGR_AGR_003(1.0),6731,11,2004,339028,
STATSNZ:AGR_AGR_003(1.0),6731,13,2004,675284,
STATSNZ:AGR_AGR_003(1.0),7685,2,2004,3568,
STATSNZ:AGR_AGR_003(1.0),7685,3,2004,15311,
STATSNZ:AGR_AGR_003(1.0),7685,4,2004,5735,
STATSNZ:AGR_AGR_003(1.0),7688,7,2004,1485,
STATSNZ:AGR_AGR_003(1.0),7688,8,2004,27259,
STATSNZ:AGR_AGR_003(1.0),7696,17,2004,162204,
STATSNZ:AGR_AGR_003(1.0),7077,8,2005,696501,
STATSNZ:AGR_AGR_003(1.0),7077,9,2005,171035,
STATSNZ:AGR_AGR_003(1.0),7077,19,2005,1173898,
STATSNZ:AGR_AGR_003(1.0),7058,14,2005,1434,
STATSNZ:AGR_AGR_003(1.0),7073,10,2005,270080,
STATSNZ:AGR_AGR_003(1.0),7185,14,2005,1557,
STATSNZ:AGR_AGR_003(1.0),6702,11,2005,261579,
STATSNZ:AGR_AGR_003(1.0),7686,10,2005,120639,
STATSNZ:AGR_AGR_003(1.0),7686,16,2005,45800,
STATSNZ:AGR_AGR_003(1.0),7687,19,2005,564882,
STATSNZ:AGR_AGR_003(1.0),6954,15,2005,189427,
STATSNZ:AGR_AGR_003(1.0),7077,4,2006,117435,
STATSNZ:AGR_AGR_003(1.0),7058,7,2006,3232,
STATSNZ:AGR_AGR_003(1.0),7058,9,2006,3128,
STATSNZ:AGR_AGR_003(1.0),7065,13,2006,3954,
STATSNZ:AGR_AGR_003(1.0),7187,4,2006,235889,
STATSNZ:AGR_AGR_003(1.0),6720,3,2006,30828,
STATSNZ:AGR_AGR_003(1.0),6720,4,2006,4322,
STATSNZ:AGR_AGR_003(1.0),6723,8,2006,583816,
STATSNZ:AGR_AGR_003(1.0),7686,19,2006,241615,
STATSNZ:AGR_AGR_003(1.0),7696,15,2006,156933,
STATSNZ:AGR_AGR_003(1.0),7696,20,2006,595782,
STATSNZ:AGR_AGR_003(1.0),6953,14,2006,291,
STATSNZ:AGR_AGR_003(1.0),7064,10,2007,391581,
STATSNZ:AGR_AGR_003(1.0),7064,20,2007,566534,
STATSNZ:AGR_AGR_003(1.0),7065,9,2007,5588,
STATSNZ:AGR_AGR_003(1.0),7067,5,2007,28457,
STATSNZ:AGR_AGR_003(1.0),7068,14,2007,1034,
STATSNZ:AGR_AGR_003(1.0),7068,16,2007,5796,
STATSNZ:AGR_AGR_003(1.0),7187,10,2007,2887322,
STATSNZ:AGR_AGR_003(1.0),6731,5,2007,1825496,
STATSNZ:AGR_AGR_003(1.0),6731,6,2007,3624018,
STATSNZ:AGR_AGR_003(1.0),6731,7,2007,656144,
STATSNZ:AGR_AGR_003(1.0),6722,11,2007,1496,
STATSNZ:AGR_AGR_003(1.0),7688,1,2007,1829,
STATSNZ:AGR_AGR_003(1.0),7688,2,2007,2582,
STATSNZ:AGR_AGR_003(1.0),6951,15,2007,3785,
STATSNZ:AGR_AGR_003(1.0),6951,16,2007,532,
STATSNZ:AGR_AGR_003(1.0),6951,17,2007,74,
STATSNZ:AGR_AGR_003(1.0),7059,2,2008,19731,
STATSNZ:AGR_AGR_003(1.0),7067,1,2008,55720,
STATSNZ:AGR_AGR_003(1.0),7067,16,2008,37183,
STATSNZ:AGR_AGR_003(1.0),7067,17,2008,25718,
STATSNZ:AGR_AGR_003(1.0),7073,16,2008,11761,
STATSNZ:AGR_AGR_003(1.0),7190,7,2008,386242,
STATSNZ:AGR_AGR_003(1.0),6949,2,2008,661,
STATSNZ:AGR_AGR_003(1.0),6949,3,2008,4614,
STATSNZ:AGR_AGR_003(1.0),6949,4,2008,886,
STATSNZ:AGR_AGR_003(1.0),6955,7,2008,36456,
STATSNZ:AGR_AGR_003(1.0),7072,10,2009,240582,
STATSNZ:AGR_AGR_003(1.0),7184,15,2009,139032,
STATSNZ:AGR_AGR_003(1.0),6701,19,2009,284838,
STATSNZ:AGR_AGR_003(1.0),6955,1,2009,13279,
STATSNZ:AGR_AGR_003(1.0),6955,3,2009,86501,
STATSNZ:AGR_AGR_003(1.0),6955,17,2009,4680,
STATSNZ:AGR_AGR_003(1.0),7056,12,2010,513,
STATSNZ:AGR_AGR_003(1.0),7056,13,2010,26756,
STATSNZ:AGR_AGR_003(1.0),7059,18,2010,400,
STATSNZ:AGR_AGR_003(1.0),7074,4,2010,19217,
STATSNZ:AGR_AGR_003(1.0),7190,8,2010,287179,
STATSNZ:AGR_AGR_003(1.0),6738,10,2010,1719490,
STATSNZ:AGR_AGR_003(1.0),6738,20,2010,2936958,
STATSNZ:AGR_AGR_003(1.0),6703,19,2010,14955267,
STATSNZ:AGR_AGR_003(1.0),7699,13,2010,8562,
STATSNZ:AGR_AGR_003(1.0),7699,15,2010,319907,
STATSNZ:AGR_AGR_003(1.0),7699,20,2010,1122695,
STATSNZ:AGR_AGR_003(1.0),7064,6,2011,49526,
STATSNZ:AGR_AGR_003(1.0),7067,11,2011,5765,
STATSNZ:AGR_AGR_003(1.0),7067,19,2011,147454,
STATSNZ:AGR_AGR_003(1.0),7073,19,2011,59710,
STATSNZ:AGR_AGR_003(1.0),7190,1,2011,235835,
STATSNZ:AGR_AGR_003(1.0),6727,5,2011,4919,
STATSNZ:AGR_AGR_003(1.0),6701,19,2011,376979,
STATSNZ:AGR_AGR_003(1.0),6949,12,2011,9,
STATSNZ:AGR_AGR_003(1.0),6955,1,2011,6675,
STATSNZ:AGR_AGR_003(1.0),7810,11,2011,868,
STATSNZ:AGR_AGR_003(1.0),7810,12,2011,105,
STATSNZ:AGR_AGR_003(1.0),7065,1,2012,30528,
STATSNZ:AGR_AGR_003(1.0),7071,10,2012,94185,
STATSNZ:AGR_AGR_003(1.0),7071,16,2012,2489,
STATSNZ:AGR_AGR_003(1.0),7074,5,2012,71853,
STATSNZ:AGR_AGR_003(1.0),6720,7,2012,4774,
STATSNZ:AGR_AGR_003(1.0),6723,12,2012,305,
STATSNZ:AGR_AGR_003(1.0),6724,6,2012,552008,
STATSNZ:AGR_AGR_003(1.0),6703,11,2012,219400,
STATSNZ:AGR_AGR_003(1.0),6953,2,2012,,c
STATSNZ:AGR_AGR_003(1.0),6953,3,2012,32918,
STATSNZ:AGR_AGR_003(1.0),6953,17,2012,,c
STATSNZ:AGR_AGR_003(1.0),7064,3,2013,62260,
STATSNZ:AGR_AGR_003(1.0),7067,8,2013,56812,
STATSNZ:AGR_AGR_003(1.0),7190,10,2013,2347829,
STATSNZ:AGR_AGR_003(1.0),7190,20,2013,3688639,
STATSNZ:AGR_AGR_003(1.0),6721,5,2013,944096,
STATSNZ:AGR_AGR_003(1.0),6722,14,2013,,s
STATSNZ:AGR_AGR_003(1.0),6722,15,2013,30752,
STATSNZ:AGR_AGR_003(1.0),6727,18,2013,,c
STATSNZ:AGR_AGR_003(1.0),7688,5,2013,3635,
STATSNZ:AGR_AGR_003(1.0),7688,6,2013,14054,
STATSNZ:AGR_AGR_003(1.0),6949,9,2013,,c
STATSNZ:AGR_AGR_003(1.0),6949,11,2013,,s
STATSNZ:AGR_AGR_003(1.0),6949,19,2013,20148,
STATSNZ:AGR_AGR_003(1.0),7077,13,2014,59967,
STATSNZ:AGR_AGR_003(1.0),7067,4,2014,11095,
STATSNZ:AGR_AGR_003(1.0),7068,15,2014,16162,
STATSNZ:AGR_AGR_003(1.0),7073,3,2014,29820,
STATSNZ:AGR_AGR_003(1.0),7073,4,2014,4269,
STATSNZ:AGR_AGR_003(1.0),7073,18,2014,,c
STATSNZ:AGR_AGR_003(1.0),6722,19,2014,110405,
STATSNZ:AGR_AGR_003(1.0),6727,1,2014,1693,
STATSNZ:AGR_AGR_003(1.0),6727,15,2014,102644,
STATSNZ:AGR_AGR_003(1.0),6727,20,2014,300047,
STATSNZ:AGR_AGR_003(1.0),6702,14,2014,52806,
STATSNZ:AGR_AGR_003(1.0),6702,15,2014,3724187,
STATSNZ:AGR_AGR_003(1.0),7810,5,2014,1033,
STATSNZ:AGR_AGR_003(1.0),7810,6,2014,1572,
STATSNZ:AGR_AGR_003(1.0),7066,5,2015,20719,
STATSNZ:AGR_AGR_003(1.0),7071,19,2015,8275,
STATSNZ:AGR_AGR_003(1.0),7193,9,2015,109992,
STATSNZ:AGR_AGR_003(1.0),7186,14,2015,,s
STATSNZ:AGR_AGR_003(1.0),6724,10,2015,2302172,
STATSNZ:AGR_AGR_003(1.0),6724,16,2015,815141,
STATSNZ:AGR_AGR_003(1.0),6703,4,2015,280417,
STATSNZ:AGR_AGR_003(1.0),6703,5,2015,1278755,
STATSNZ:AGR_AGR_003(1.0),6953,11,2015,,c
STATSNZ:AGR_AGR_003(1.0),7066,3,2016,60474,
STATSNZ:AGR_AGR_003(1.0),7071,8,2016,18588,
STATSNZ:AGR_AGR_003(1.0),7193,7,2016,555532,
STATSNZ:AGR_AGR_003(1.0),7186,12,2016,,c
STATSNZ:AGR_AGR_003(1.0),6703,2,2016,159037,
STATSNZ:AGR_AGR_003(1.0),6703,3,2016,1528112,
STATSNZ:AGR_AGR_003(1.0),6703,4,2016,249652,
STATSNZ:AGR_AGR_003(1.0),6703,18,2016,32190,
STATSNZ:AGR_AGR_003(1.0),7699,7,2016,,s
STATSNZ:AGR_AGR_003(1.0),7685,18,2016,0,
STATSNZ:AGR_AGR_003(1.0),6953,9,2016,9793,
STATSNZ:AGR_AGR_003(1.0),7058,8,2017,18108,
STATSNZ:AGR_AGR_003(1.0),7072,20,2017,285947,
STATSNZ:AGR_AGR_003(1.0),7184,20,2017,946315,
STATSNZ:AGR_AGR_003(1.0),7187,3,2017,1501999,
STATSNZ:AGR_AGR_003(1.0),7187,5,2017,5073,
STATSNZ:AGR_AGR_003(1.0),6731,8,2017,5061676,
STATSNZ:AGR_AGR_003(1.0),6720,18,2017,387,
STATSNZ:AGR_AGR_003(1.0),7685,10,2017,39457,
STATSNZ:AGR_AGR_003(1.0),7685,20,2017,105808,
STATSNZ:AGR_AGR_003(1.0),7686,9,2017,1915,
STATSNZ:AGR_AGR_003(1.0),7686,19,2017,126875,
STATSNZ:AGR_AGR_003(1.0),7696,14,2017,11821,
STATSNZ:AGR_AGR_003(1.0),7059,10,2018,225567,
STATSNZ:AGR_AGR_003(1.0),7059,15,2018,43108,
STATSNZ:AGR_AGR_003(1.0),7059,20,2018,301425,
STATSNZ:AGR_AGR_003(1.0),7066,4,2018,10169,
STATSNZ:AGR_AGR_003(1.0),6720,1,2018,4078,
STATSNZ:AGR_AGR_003(1.0),6721,11,2018,153850,
STATSNZ:AGR_AGR_003(1.0),6721,19,2018,8809119,
STATSNZ:AGR_AGR_003(1.0),6724,14,2018,,s
STATSNZ:AGR_AGR_003(1.0),6724,15,2018,704798,
STATSNZ:AGR_AGR_003(1.0),7687,1,2018,,s
STATSNZ:AGR_AGR_003(1.0),7687,2,2018,4715,
STATSNZ:AGR_AGR_003(1.0),6954,5,2018,,s
STATSNZ:AGR_AGR_003(1.0),6954,6,2018,4970,
STATSNZ:AGR_AGR_003(1.0),6954,7,2018,11545,
STATSNZ:AGR_AGR_003(1.0),6949,16,2018,1314,
STATSNZ:AGR_AGR_003(1.0),7057,19,2019,87297,
STATSNZ:AGR_AGR_003(1.0),7064,15,2019,64926,
STATSNZ:AGR_AGR_003(1.0),7071,1,2019,,s
STATSNZ:AGR_AGR_003(1.0),7072,12,2019,,s
STATSNZ:AGR_AGR_003(1.0),7193,1,2019,334733,
STATSNZ:AGR_AGR_003(1.0),7193,15,2019,1212575,
STATSNZ:AGR_AGR_003(1.0),7193,17,2019,636241,
STATSNZ:AGR_AGR_003(1.0),7186,6,2019,,s
STATSNZ:AGR_AGR_003(1.0),6703,12,2019,8100,
STATSNZ:AGR_AGR_003(1.0),7699,1,2019,,s
STATSNZ:AGR_AGR_003(1.0),7685,11,2019,427,
STATSNZ:AGR_AGR_003(1.0),7685,12,2019,0,
STATSNZ:AGR_AGR_003(1.0),7688,16,2019,21509,
STATSNZ:AGR_AGR_003(1.0),7057,19,2020,63526,
STATSNZ:AGR_AGR_003(1.0),7193,1,2020,311282,
STATSNZ:AGR_AGR_003(1.0),7193,10,2020,3657502,
STATSNZ:AGR_AGR_003(1.0),7184,11,2020,8254,
STATSNZ:AGR_AGR_003(1.0),7184,19,2020,381501,
STATSNZ:AGR_AGR_003(1.0),7187,14,2020,132501,
STATSNZ:AGR_AGR_003(1.0),7187,15,2020,972869,
STATSNZ:AGR_AGR_003(1.0),7187,16,2020,272711,
STATSNZ:AGR_AGR_003(1.0),6727,2,2020,629,
STATSNZ:AGR_AGR_003(1.0),6701,5,2020,91268,
STATSNZ:AGR_AGR_003(1.0),6701,7,2020,22986,
STATSNZ:AGR_AGR_003(1.0),7685,11,2020,,s
STATSNZ:AGR_AGR_003(1.0),7072,11,2021,,s
STATSNZ:AGR_AGR_003(1.0),7072,12,2021,,s
STATSNZ:AGR_AGR_003(1.0),7193,10,2021,3676179,
STATSNZ:AGR_AGR_003(1.0),7193,16,2021,368665,
STATSNZ:AGR_AGR_003(1.0),6721,2,2021,,s
STATSNZ:AGR_AGR_003(1.0),6724,7,2021,55402,
STATSNZ:AGR_AGR_003(1.0),6701,6,2021,122227,
STATSNZ:AGR_AGR_003(1.0),7685,11,2021,,s
STATSNZ:AGR_AGR_003(1.0),6955,13,2021,,s
STATSNZ:AGR_AGR_003(1.0),7057,4,2022,8049,
STATSNZ:AGR_AGR_003(1.0),7057,18,2022,1502,
STATSNZ:AGR_AGR_003(1.0),7186,1,2022,5312,
STATSNZ:AGR_AGR_003(1.0),7186,15,2022,14815,
STATSNZ:AGR_AGR_003(1.0),7186,20,2022,71723,
STATSNZ:AGR_AGR_003(1.0),7190,4,2022,207897,
STATSNZ:AGR_AGR_003(1.0),6731,15,2022,4662185,
STATSNZ:AGR_AGR_003(1.0),6703,6,2022,2042131,
STATSNZ:AGR_AGR_003(1.0),7685,5,2022,2698,
STATSNZ:AGR_AGR_003(1.0),7685,6,2022,14864,
STATSNZ:AGR_AGR_003(1.0),7688,19,2022,111701,
STATSNZ:AGR_AGR_003(1.0),7077,8,2023,517451,
STATSNZ:AGR_AGR_003(1.0),7058,13,2023,1781,
STATSNZ:AGR_AGR_003(1.0),7058,14,2023,,s
STATSNZ:AGR_AGR_003(1.0),7065,17,2023,,s
STATSNZ:AGR_AGR_003(1.0),7184,5,2023,1396,
STATSNZ:AGR_AGR_003(1.0),7187,8,2023,307870,
STATSNZ:AGR_AGR_003(1.0),7187,9,2023,68190,
STATSNZ:AGR_AGR_003(1.0),7187,19,2023,2002200,
STATSNZ:AGR_AGR_003(1.0),6701,1,2023,14263,
STATSNZ:AGR_AGR_003(1.0),6701,10,2023,732287,
STATSNZ:AGR_AGR_003(1.0),6701,20,2023,1296282,
STATSNZ:AGR_AGR_003(1.0),7685,5,2023,,s
STATSNZ:AGR_AGR_003(1.0),7686,14,2023,1994,
STATSNZ:AGR_AGR_003(1.0),7686,16,2023,27970,
STATSNZ:AGR_AGR_003(1.0),7057,14,2024,1276,
STATSNZ:AGR_AGR_003(1.0),7072,1,2024,33207,
STATSNZ:AGR_AGR_003(1.0),7072,2,2024,,s
STATSNZ:AGR_AGR_003(1.0),7193,5,2024,,s
STATSNZ:AGR_AGR_003(1.0),7193,7,2024,504392,
STATSNZ:AGR_AGR_003(1.0),7184,16,2024,40526,
STATSNZ:AGR_AGR_003(1.0),6703,2,2024,,s
STATSNZ:AGR_AGR_003(1.0),6701,11,2024,6050,
STATSNZ:AGR_AGR_003(1.0),6701,12,2024,,s
STATSNZ:AGR_AGR_003(1.0),6701,13,2024,15654,
STATSNZ:AGR_AGR_003(1.0),7685,16,2024,15382,
STATSNZ:AGR_AGR_003(1.0),6955,2,2024,23553,
STATSNZ:AGR_AGR_003(1.0),6955,4,2024,,s
STATSNZ:AGR_AGR_003(1.0),7190,3,1994,940241,
STATSNZ:AGR_AGR_003(1.0),6731,14,1994,216544,
STATSNZ:AGR_AGR_003(1.0),7696,8,1994,42160,
STATSNZ:AGR_AGR_003(1.0),7688,11,1994,6307,
STATSNZ:AGR_AGR_003(1.0),6720,11,1994,5159,
STATSNZ:AGR_AGR_003(1.0),7186,10,1994,5099,
STATSNZ:AGR_AGR_003(1.0),6722,18,1994,4129,
STATSNZ:AGR_AGR_003(1.0),6723,19,2002,1074823,
STATSNZ:AGR_AGR_003(1.0),6701,8,2002,227476,
STATSNZ:AGR_AGR_003(1.0),6721,2,2002,223456,
STATSNZ:AGR_AGR_003(1.0),7073,19,2002,80179,
STATSNZ:AGR_AGR_003(1.0),7065,1,2002,29503,
STATSNZ:AGR_AGR_003(1.0),6949,19,2002,22241,
STATSNZ:AGR_AGR_003(1.0),7068,6,2002,5837,
STATSNZ:AGR_AGR_003(1.0),7072,13,2002,5044,
STATSNZ:AGR_AGR_003(1.0),7068,5,2002,3995,
STATSNZ:AGR_AGR_003(1.0),6951,7,2002,243,
STATSNZ:AGR_AGR_003(1.0),6731,13,2003,741038,
STATSNZ:AGR_AGR_003(1.0),7057,4,2003,4220,
STATSNZ:AGR_AGR_003(1.0),7058,1,2003,19945,
STATSNZ:AGR_AGR_003(1.0),7059,11,2003,5011,
STATSNZ:AGR_AGR_003(1.0),7064,9,2003,19242,
STATSNZ:AGR_AGR_003(1.0),7066,15,2003,52912,
STATSNZ:AGR_AGR_003(1.0),7185,1,2003,3196,
STATSNZ:AGR_AGR_003(1.0),7188,5,2003,328,
STATSNZ:AGR_AGR_003(1.0),7188,6,2003,4587,
STATSNZ:AGR_AGR_003(1.0),7190,16,2003,110816,
STATSNZ:AGR_AGR_003(1.0),7685,6,2003,16258,
STATSNZ:AGR_AGR_003(1.0),7688,19,2003,189994,
STATSNZ:AGR_AGR_003(1.0),7059,19,2004,83399,
STATSNZ:AGR_AGR_003(1.0),7185,1,2004,3538,
STATSNZ:AGR_AGR_003(1.0),7187,8,2004,289168,
STATSNZ:AGR_AGR_003(1.0),6720,8,2004,60656,
STATSNZ:AGR_AGR_003(1.0),6721,5,2004,1191085,
STATSNZ:AGR_AGR_003(1.0),6722,15,2004,81887,
STATSNZ:AGR_AGR_003(1.0),7686,20,2004,361455,
STATSNZ:AGR_AGR_003(1.0),7688,6,2004,32231,
STATSNZ:AGR_AGR_003(1.0),7696,3,2004,59961,
STATSNZ:AGR_AGR_003(1.0),7056,6,2005,135800,
STATSNZ:AGR_AGR_003(1.0),7059,11,2005,3889,
STATSNZ:AGR_AGR_003(1.0),7184,3,2005,215360,
STATSNZ:AGR_AGR_003(1.0),7185,10,2005,28141,
STATSNZ:AGR_AGR_003(1.0),7187,7,2005,506908,
STATSNZ:AGR_AGR_003(1.0),7187,8,2005,314736,
STATSNZ:AGR_AGR_003(1.0),7699,8,2005,147638,
STATSNZ:AGR_AGR_003(1.0),7685,5,2005,1519,
STATSNZ:AGR_AGR_003(1.0),7686,15,2005,108063,
STATSNZ:AGR_AGR_003(1.0),7059,5,2006,25791,
STATSNZ:AGR_AGR_003(1.0),7064,2,2006,24503,
STATSNZ:AGR_AGR_003(1.0),7066,9,2006,17339,
STATSNZ:AGR_AGR_003(1.0),7066,19,2006,104861,
STATSNZ:AGR_AGR_003(1.0),7067,7,2006,17608,
STATSNZ:AGR_AGR_003(1.0),7068,16,2006,5329,
STATSNZ:AGR_AGR_003(1.0),7187,2,2006,95818,
STATSNZ:AGR_AGR_003(1.0),7188,20,2006,234880,
STATSNZ:AGR_AGR_003(1.0),7190,19,2006,878104,
STATSNZ:AGR_AGR_003(1.0),6731,7,2006,688273,
STATSNZ:AGR_AGR_003(1.0),6721,14,2006,54212,
STATSNZ:AGR_AGR_003(1.0),7688,4,2006,13619,
STATSNZ:AGR_AGR_003(1.0),6953,16,2006,10992,
STATSNZ:AGR_AGR_003(1.0),7058,7,2007,4950,
STATSNZ:AGR_AGR_003(1.0),7059,4,2007,9835,
STATSNZ:AGR_AGR_003(1.0),7064,14,2007,4665,
STATSNZ:AGR_AGR_003(1.0),7065,11,2007,2272,
STATSNZ:AGR_AGR_003(1.0),7187,2,2007,86984,
STATSNZ:AGR_AGR_003(1.0),6720,2,2007,3840,
STATSNZ:AGR_AGR_003(1.0),6722,9,2007,10426,
STATSNZ:AGR_AGR_003(1.0),6723,6,2007,186401,
STATSNZ:AGR_AGR_003(1.0),6727,14,2007,857,
STATSNZ:AGR_AGR_003(1.0),7688,10,2007,94200,
STATSNZ:AGR_AGR_003(1.0),7696,13,2007,4843,
STATSNZ:AGR_AGR_003(1.0),6949,4,2007,995,
STATSNZ:AGR_AGR_003(1.0),7059,10,2008,258237,
STATSNZ:AGR_AGR_003(1.0),7066,4,2008,16309,
STATSNZ:AGR_AGR_003(1.0),7068,14,2008,1235,
STATSNZ:AGR_AGR_003(1.0),6731,4,2008,346445,
STATSNZ:AGR_AGR_003(1.0),6731,5,2008,1679670,
STATSNZ:AGR_AGR_003(1.0),6720,1,2008,6039,
STATSNZ:AGR_AGR_003(1.0),6721,12,2008,4920,
STATSNZ:AGR_AGR_003(1.0),6722,9,2008,14932,
STATSNZ:AGR_AGR_003(1.0),6724,15,2008,833688,
STATSNZ:AGR_AGR_003(1.0),7687,1,2008,2641,
STATSNZ:AGR_AGR_003(1.0),7688,20,2008,259327,
STATSNZ:AGR_AGR_003(1.0),6954,6,2008,6435,
STATSNZ:AGR_AGR_003(1.0),6951,20,2008,5623,
STATSNZ:AGR_AGR_003(1.0),7071,3,2009,33951,
STATSNZ:AGR_AGR_003(1.0),7184,17,2009,94810,
STATSNZ:AGR_AGR_003(1.0),6722,4,2009,14428,
STATSNZ:AGR_AGR_003(1.0),6723,10,2009,1002472,
STATSNZ:AGR_AGR_003(1.0),6738,17,2009,82212,
STATSNZ:AGR_AGR_003(1.0),6703,14,2009,46187,
STATSNZ:AGR_AGR_003(1.0),6703,15,2009,4533221,
STATSNZ:AGR_AGR_003(1.0),7810,12,2009,30,
STATSNZ:AGR_AGR_003(1.0),7077,2,2010,133998,
STATSNZ:AGR_AGR_003(1.0),7077,16,2010,280997,
STATSNZ:AGR_AGR_003(1.0),7059,16,2010,21465,
STATSNZ:AGR_AGR_003(1.0),7064,13,2010,7192,
STATSNZ:AGR_AGR_003(1.0),7193,20,2010,5915452,
STATSNZ:AGR_AGR_003(1.0),7186,3,2010,10661,
STATSNZ:AGR_AGR_003(1.0),7187,14,2010,128572,
STATSNZ:AGR_AGR_003(1.0),6702,4,2010,260907,
STATSNZ:AGR_AGR_003(1.0),7699,1,2010,6663,
STATSNZ:AGR_AGR_003(1.0),7685,11,2010,1287,
STATSNZ:AGR_AGR_003(1.0),7688,16,2010,34647,
STATSNZ:AGR_AGR_003(1.0),7065,1,2011,28488,
STATSNZ:AGR_AGR_003(1.0),6721,6,2011,1777920,
STATSNZ:AGR_AGR_003(1.0),6722,2,2011,4459,
STATSNZ:AGR_AGR_003(1.0),6722,3,2011,8619,
STATSNZ:AGR_AGR_003(1.0),6723,12,2011,890,
STATSNZ:AGR_AGR_003(1.0),6723,13,2011,16233,
STATSNZ:AGR_AGR_003(1.0),6724,9,2011,222963,
STATSNZ:AGR_AGR_003(1.0),6724,19,2011,2207065,
STATSNZ:AGR_AGR_003(1.0),6738,16,2011,306726,
STATSNZ:AGR_AGR_003(1.0),6949,19,2011,19302,
STATSNZ:AGR_AGR_003(1.0),6951,7,2011,177,
STATSNZ:AGR_AGR_003(1.0),7068,4,2012,2505,
STATSNZ:AGR_AGR_003(1.0),7068,5,2012,4495,
STATSNZ:AGR_AGR_003(1.0),7071,2,2012,2464,
STATSNZ:AGR_AGR_003(1.0),7071,14,2012,436,
STATSNZ:AGR_AGR_003(1.0),7072,11,2012,1989,
STATSNZ:AGR_AGR_003(1.0),7193,16,2012,336278,
STATSNZ:AGR_AGR_003(1.0),6721,2,2012,130921,
STATSNZ:AGR_AGR_003(1.0),6738,16,2012,382083,
STATSNZ:AGR_AGR_003(1.0),7696,2,2012,3661,
STATSNZ:AGR_AGR_003(1.0),6954,20,2012,313703,
STATSNZ:AGR_AGR_003(1.0),6951,6,2012,125,
STATSNZ:AGR_AGR_003(1.0),6951,7,2012,182,
STATSNZ:AGR_AGR_003(1.0),6955,13,2012,,c
STATSNZ:AGR_AGR_003(1.0),6955,14,2012,,c
STATSNZ:AGR_AGR_003(1.0),7810,11,2012,706,
STATSNZ:AGR_AGR_003(1.0),7065,14,2013,,s
STATSNZ:AGR_AGR_003(1.0),7068,5,2013,3874,
STATSNZ:AGR_AGR_003(1.0),7188,4,2013,19849,
STATSNZ:AGR_AGR_003(1.0),6731,11,2013,265858,
STATSNZ:AGR_AGR_003(1.0),6722,16,2013,30667,
STATSNZ:AGR_AGR_003(1.0),7685,2,2013,1910,
STATSNZ:AGR_AGR_003(1.0),6954,10,2013,102270,
STATSNZ:AGR_AGR_003(1.0),6954,20,2013,297724,
STATSNZ:AGR_AGR_003(1.0),6951,6,2013,49,
STATSNZ:AGR_AGR_003(1.0),6953,3,2013,31086,
STATSNZ:AGR_AGR_003(1.0),6955,14,2013,,c
STATSNZ:AGR_AGR_003(1.0),7068,20,2014,81037,
STATSNZ:AGR_AGR_003(1.0),7072,9,2014,11933,
STATSNZ:AGR_AGR_003(1.0),7074,16,2014,88056,
STATSNZ:AGR_AGR_003(1.0),7193,13,2014,40945,
STATSNZ:AGR_AGR_003(1.0),6721,10,2014,9241669,
STATSNZ:AGR_AGR_003(1.0),6721,20,2014,19779205,
STATSNZ:AGR_AGR_003(1.0),6723,7,2014,26529,
STATSNZ:AGR_AGR_003(1.0),6724,3,2014,217600,
STATSNZ:AGR_AGR_003(1.0),6724,4,2014,25605,
STATSNZ:AGR_AGR_003(1.0),6727,13,2014,34668,
STATSNZ:AGR_AGR_003(1.0),6738,11,2014,51895,
STATSNZ:AGR_AGR_003(1.0),6738,19,2014,1289241,
STATSNZ:AGR_AGR_003(1.0),6701,17,2014,176336,
STATSNZ:AGR_AGR_003(1.0),6701,18,2014,1537,
STATSNZ:AGR_AGR_003(1.0),6951,1,2014,7,
STATSNZ:AGR_AGR_003(1.0),6955,8,2014,49209,
STATSNZ:AGR_AGR_003(1.0),7068,20,2015,82105,
STATSNZ:AGR_AGR_003(1.0),7071,8,2015,11355,
STATSNZ:AGR_AGR_003(1.0),7072,5,2015,14069,
STATSNZ:AGR_AGR_003(1.0),7072,6,2015,63520,
STATSNZ:AGR_AGR_003(1.0),7073,3,2015,30908,
STATSNZ:AGR_AGR_003(1.0),7074,12,2015,468,
STATSNZ:AGR_AGR_003(1.0),7074,13,2015,22285,
STATSNZ:AGR_AGR_003(1.0),7193,19,2015,2665841,
STATSNZ:AGR_AGR_003(1.0),7185,17,2015,10078,
STATSNZ:AGR_AGR_003(1.0),6723,3,2015,132213,
STATSNZ:AGR_AGR_003(1.0),6738,19,2015,1256347,
STATSNZ:AGR_AGR_003(1.0),6701,17,2015,162364,
STATSNZ:AGR_AGR_003(1.0),6702,14,2015,25480,
STATSNZ:AGR_AGR_003(1.0),6951,1,2015,,c
STATSNZ:AGR_AGR_003(1.0),6951,10,2015,1597,
STATSNZ:AGR_AGR_003(1.0),6955,8,2015,49537,
STATSNZ:AGR_AGR_003(1.0),7810,5,2015,774,
STATSNZ:AGR_AGR_003(1.0),7810,17,2015,2144,
STATSNZ:AGR_AGR_003(1.0),7071,6,2016,29069,
STATSNZ:AGR_AGR_003(1.0),7072,3,2016,45867,
STATSNZ:AGR_AGR_003(1.0),7072,4,2016,5587,
STATSNZ:AGR_AGR_003(1.0),7073,1,2016,37022,
STATSNZ:AGR_AGR_003(1.0),7074,11,2016,9130,
STATSNZ:AGR_AGR_003(1.0),7074,19,2016,301561,
STATSNZ:AGR_AGR_003(1.0),7184,18,2016,0,
STATSNZ:AGR_AGR_003(1.0),7185,15,2016,8316,
STATSNZ:AGR_AGR_003(1.0),6723,1,2016,28948,
STATSNZ:AGR_AGR_003(1.0),6738,8,2016,442369,
STATSNZ:AGR_AGR_003(1.0),6701,15,2016,156052,
STATSNZ:AGR_AGR_003(1.0),6702,12,2016,3830,
STATSNZ:AGR_AGR_003(1.0),6955,6,2016,,c
STATSNZ:AGR_AGR_003(1.0),7810,3,2016,15530,
STATSNZ:AGR_AGR_003(1.0),7077,3,2017,488033,
STATSNZ:AGR_AGR_003(1.0),7077,4,2017,104751,
STATSNZ:AGR_AGR_003(1.0),7056,14,2017,9171,
STATSNZ:AGR_AGR_003(1.0),7057,11,2017,1093,
STATSNZ:AGR_AGR_003(1.0),7193,4,2017,325175,
STATSNZ:AGR_AGR_003(1.0),7184,1,2017,54075,
STATSNZ:AGR_AGR_003(1.0),7185,11,2017,1787,
STATSNZ:AGR_AGR_003(1.0),7186,8,2017,5091,
STATSNZ:AGR_AGR_003(1.0),7188,15,2017,77133,
STATSNZ:AGR_AGR_003(1.0),7188,16,2017,25068,
STATSNZ:AGR_AGR_003(1.0),6738,2,2017,21591,
STATSNZ:AGR_AGR_003(1.0),6703,20,2017,24127372,
STATSNZ:AGR_AGR_003(1.0),6702,5,2017,1125457,
STATSNZ:AGR_AGR_003(1.0),6702,6,2017,1992719,
STATSNZ:AGR_AGR_003(1.0),7688,3,2017,10660,
STATSNZ:AGR_AGR_003(1.0),6954,11,2017,207,
STATSNZ:AGR_AGR_003(1.0),7058,4,2018,4018,
STATSNZ:AGR_AGR_003(1.0),7059,1,2018,35093,
STATSNZ:AGR_AGR_003(1.0),7064,12,2018,90,
STATSNZ:AGR_AGR_003(1.0),7065,8,2018,34051,
STATSNZ:AGR_AGR_003(1.0),7065,9,2018,4549,
STATSNZ:AGR_AGR_003(1.0),7066,18,2018,,s
STATSNZ:AGR_AGR_003(1.0),7067,15,2018,61978,
STATSNZ:AGR_AGR_003(1.0),7067,16,2018,37554,
STATSNZ:AGR_AGR_003(1.0),7187,20,2018,5010334,
STATSNZ:AGR_AGR_003(1.0),6720,13,2018,4426,
STATSNZ:AGR_AGR_003(1.0),6720,20,2018,274231,
STATSNZ:AGR_AGR_003(1.0),6723,4,2018,24067,
STATSNZ:AGR_AGR_003(1.0),7687,3,2018,30075,
STATSNZ:AGR_AGR_003(1.0),7688,13,2018,763,
STATSNZ:AGR_AGR_003(1.0),7696,19,2018,232439,
STATSNZ:AGR_AGR_003(1.0),6949,18,2018,0,
STATSNZ:AGR_AGR_003(1.0),7056,14,2019,7096,
STATSNZ:AGR_AGR_003(1.0),7056,15,2019,126071,
STATSNZ:AGR_AGR_003(1.0),7057,12,2019,74,
STATSNZ:AGR_AGR_003(1.0),7059,18,2019,,s
STATSNZ:AGR_AGR_003(1.0),7074,4,2019,17282,
STATSNZ:AGR_AGR_003(1.0),7184,12,2019,,s
STATSNZ:AGR_AGR_003(1.0),7185,9,2019,2009,
STATSNZ:AGR_AGR_003(1.0),7187,16,2019,262667,
STATSNZ:AGR_AGR_003(1.0),6701,9,2019,73992,
STATSNZ:AGR_AGR_003(1.0),6702,6,2019,1941096,
STATSNZ:AGR_AGR_003(1.0),7699,16,2019,121391,
STATSNZ:AGR_AGR_003(1.0),7699,17,2019,162380,
STATSNZ:AGR_AGR_003(1.0),7685,13,2019,1377,
STATSNZ:AGR_AGR_003(1.0),6955,10,2019,225590,
STATSNZ:AGR_AGR_003(1.0),7077,1,2020,377720,
STATSNZ:AGR_AGR_003(1.0),7057,8,2020,25508,
STATSNZ:AGR_AGR_003(1.0),7058,5,2020,9042,
STATSNZ:AGR_AGR_003(1.0),7193,15,2020,1246299,
STATSNZ:AGR_AGR_003(1.0),7193,20,2020,6200222,
STATSNZ:AGR_AGR_003(1.0),7184,12,2020,,s
STATSNZ:AGR_AGR_003(1.0),7185,6,2020,,s
STATSNZ:AGR_AGR_003(1.0),7186,3,2020,,s
STATSNZ:AGR_AGR_003(1.0),6738,13,2020,,s
STATSNZ:AGR_AGR_003(1.0),6703,19,2020,11912318,
STATSNZ:AGR_AGR_003(1.0),7685,19,2020,75165,
STATSNZ:AGR_AGR_003(1.0),7687,17,2020,78260,
STATSNZ:AGR_AGR_003(1.0),7688,14,2020,5200,
STATSNZ:AGR_AGR_003(1.0),7077,16,2021,328632,
STATSNZ:AGR_AGR_003(1.0),7068,2,2021,,s
STATSNZ:AGR_AGR_003(1.0),7071,10,2021,92471,
STATSNZ:AGR_AGR_003(1.0),7071,20,2021,108751,
STATSNZ:AGR_AGR_003(1.0),7073,6,2021,28162,
STATSNZ:AGR_AGR_003(1.0),7073,7,2021,8575,
STATSNZ:AGR_AGR_003(1.0),7193,14,2021,139137,
STATSNZ:AGR_AGR_003(1.0),7184,11,2021,7603,
STATSNZ:AGR_AGR_003(1.0),7186,18,2021,0,
STATSNZ:AGR_AGR_003(1.0),6727,4,2021,,s
STATSNZ:AGR_AGR_003(1.0),6703,11,2021,219998,
STATSNZ:AGR_AGR_003(1.0),6701,8,2021,256007,
STATSNZ:AGR_AGR_003(1.0),6953,2,2021,17316,
STATSNZ:AGR_AGR_003(1.0),6955,11,2021,,s
STATSNZ:AGR_AGR_003(1.0),6955,20,2021,617711,
STATSNZ:AGR_AGR_003(1.0),7810,8,2021,,s
STATSNZ:AGR_AGR_003(1.0),7810,9,2021,,s
STATSNZ:AGR_AGR_003(1.0),7056,8,2022,136203,
STATSNZ:AGR_AGR_003(1.0),7056,9,2022,30535,
STATSNZ:AGR_AGR_003(1.0),7057,6,2022,16942,
STATSNZ:AGR_AGR_003(1.0),7058,15,2022,24115,
STATSNZ:AGR_AGR_003(1.0),7058,16,2022,12492,
STATSNZ:AGR_AGR_003(1.0),7059,12,2022,,s
STATSNZ:AGR_AGR_003(1.0),7074,20,2022,956958,
STATSNZ:AGR_AGR_003(1.0),7185,3,2022,17311,
STATSNZ:AGR_AGR_003(1.0),7186,13,2022,119,
STATSNZ:AGR_AGR_003(1.0),7187,19,2022,1922264,
STATSNZ:AGR_AGR_003(1.0),6701,3,2022,89466,
STATSNZ:AGR_AGR_003(1.0),7699,11,2022,8467,
STATSNZ:AGR_AGR_003(1.0),7699,19,2022,575130,
STATSNZ:AGR_AGR_003(1.0),7685,7,2022,1714,
STATSNZ:AGR_AGR_003(1.0),7686,18,2022,0,
STATSNZ:AGR_AGR_003(1.0),7687,15,2022,101740,
STATSNZ:AGR_AGR_003(1.0),7057,2,2023,,s
STATSNZ:AGR_AGR_003(1.0),7057,16,2023,15840,
STATSNZ:AGR_AGR_003(1.0),7058,20,2023,150047,
STATSNZ:AGR_AGR_003(1.0),7059,9,2023,12964,
STATSNZ:AGR_AGR_003(1.0),7066,14,2023,,s
STATSNZ:AGR_AGR_003(1.0),7185,10,2023,31260,
STATSNZ:AGR_AGR_003(1.0),7185,16,2023,3420,
STATSNZ:AGR_AGR_003(1.0),7186,13,2023,,s
STATSNZ:AGR_AGR_003(1.0),6702,11,2023,158636,
STATSNZ:AGR_AGR_003(1.0),7685,4,2023,2886,
STATSNZ:AGR_AGR_003(1.0),7686,2,2023,990,
STATSNZ:AGR_AGR_003(1.0),7687,11,2023,,s
STATSNZ:AGR_AGR_003(1.0),7688,8,2023,7427,
STATSNZ:AGR_AGR_003(1.0),7696,18,2023,0,
STATSNZ:AGR_AGR_003(1.0),6954,15,2023,149788,
STATSNZ:AGR_AGR_003(1.0),6954,16,2023,9827,
STATSNZ:AGR_AGR_003(1.0),7184,2,2024,9510,
STATSNZ:AGR_AGR_003(1.0),7184,18,2024,0,
STATSNZ:AGR_AGR_003(1.0),7185,20,2024,64611,
STATSNZ:AGR_AGR_003(1.0),6722,4,2024,2165,
STATSNZ:AGR_AGR_003(1.0),6723,1,2024,15065,
STATSNZ:AGR_AGR_003(1.0),6727,8,2024,,s
STATSNZ:AGR_AGR_003(1.0),6727,9,2024,,s
STATSNZ:AGR_AGR_003(1.0),6703,16,2024,3876291,
STATSNZ:AGR_AGR_003(1.0),7686,13,2024,912,
STATSNZ:AGR_AGR_003(1.0),6949,20,2024,21699,
STATSNZ:AGR_AGR_003(1.0),7810,20,2024,,s
STATSNZ:AGR_AGR_003(1.0),6703,17,1994,7245394,
STATSNZ:AGR_AGR_003(1.0),6724,13,1994,138566,
STATSNZ:AGR_AGR_003(1.0),6703,18,1994,36930,
STATSNZ:AGR_AGR_003(1.0),7699,9,1994,30232,
STATSNZ:AGR_AGR_003(1.0),6954,4,1994,15162,
STATSNZ:AGR_AGR_003(1.0),7185,3,1994,11362,
STATSNZ:AGR_AGR_003(1.0),7687,13,1994,8237,
STATSNZ:AGR_AGR_003(1.0),7185,2,1994,1282,
STATSNZ:AGR_AGR_003(1.0),7190,18,1994,42,
STATSNZ:AGR_AGR_003(1.0),7186,13,1994,35,
STATSNZ:AGR_AGR_003(1.0),6721,17,2002,4538448,
STATSNZ:AGR_AGR_003(1.0),7699,17,2002,351558,
STATSNZ:AGR_AGR_003(1.0),7056,15,2002,132199,
STATSNZ:AGR_AGR_003(1.0),7074,6,2002,121920,
STATSNZ:AGR_AGR_003(1.0),7056,16,2002,90010,
STATSNZ:AGR_AGR_003(1.0),6738,2,2002,53618,
STATSNZ:AGR_AGR_003(1.0),7059,6,2002,53412,
STATSNZ:AGR_AGR_003(1.0),6703,12,2002,8666,
STATSNZ:AGR_AGR_003(1.0),7066,11,2002,5024,
STATSNZ:AGR_AGR_003(1.0),7185,11,2002,689,
STATSNZ:AGR_AGR_003(1.0),6954,12,2002,18,
STATSNZ:AGR_AGR_003(1.0),6703,3,2003,2017374,
STATSNZ:AGR_AGR_003(1.0),6721,8,2003,4489298,
STATSNZ:AGR_AGR_003(1.0),6954,3,2003,60789,
STATSNZ:AGR_AGR_003(1.0),7056,6,2003,133801,
STATSNZ:AGR_AGR_003(1.0),7066,1,2003,47795,
STATSNZ:AGR_AGR_003(1.0),7066,2,2003,20997,
STATSNZ:AGR_AGR_003(1.0),7186,13,2003,163,
STATSNZ:AGR_AGR_003(1.0),7190,3,2003,1109797,
STATSNZ:AGR_AGR_003(1.0),7190,17,2003,196888,
STATSNZ:AGR_AGR_003(1.0),7193,8,2003,408986,
STATSNZ:AGR_AGR_003(1.0),7687,20,2003,885597,
STATSNZ:AGR_AGR_003(1.0),7699,8,2003,136232,
STATSNZ:AGR_AGR_003(1.0),7185,14,2004,1496,
STATSNZ:AGR_AGR_003(1.0),7185,20,2004,44661,
STATSNZ:AGR_AGR_003(1.0),6720,9,2004,18684,
STATSNZ:AGR_AGR_003(1.0),7699,5,2004,37878,
STATSNZ:AGR_AGR_003(1.0),7687,19,2004,584179,
STATSNZ:AGR_AGR_003(1.0),7064,7,2005,14639,
STATSNZ:AGR_AGR_003(1.0),7067,12,2005,587,
STATSNZ:AGR_AGR_003(1.0),7193,7,2005,615592,
STATSNZ:AGR_AGR_003(1.0),7190,2,2005,79594,
STATSNZ:AGR_AGR_003(1.0),7190,3,2005,1146292,
STATSNZ:AGR_AGR_003(1.0),6721,7,2005,474969,
STATSNZ:AGR_AGR_003(1.0),7056,10,2006,737802,
STATSNZ:AGR_AGR_003(1.0),7057,11,2006,1811,
STATSNZ:AGR_AGR_003(1.0),7064,15,2006,77231,
STATSNZ:AGR_AGR_003(1.0),7067,6,2006,44080,
STATSNZ:AGR_AGR_003(1.0),7072,11,2006,1523,
STATSNZ:AGR_AGR_003(1.0),7072,19,2006,60701,
STATSNZ:AGR_AGR_003(1.0),7193,2,2006,122234,
STATSNZ:AGR_AGR_003(1.0),7190,11,2006,40277,
STATSNZ:AGR_AGR_003(1.0),6721,1,2006,324657,
STATSNZ:AGR_AGR_003(1.0),6721,2,2006,181866,
STATSNZ:AGR_AGR_003(1.0),6724,6,2006,709662,
STATSNZ:AGR_AGR_003(1.0),7699,2,2006,15271,
STATSNZ:AGR_AGR_003(1.0),7688,16,2006,42649,
STATSNZ:AGR_AGR_003(1.0),7688,17,2006,75910,
STATSNZ:AGR_AGR_003(1.0),6949,8,2006,2755,
STATSNZ:AGR_AGR_003(1.0),7056,12,2007,470,
STATSNZ:AGR_AGR_003(1.0),7059,17,2007,11828,
STATSNZ:AGR_AGR_003(1.0),7066,7,2007,17949,
STATSNZ:AGR_AGR_003(1.0),7190,8,2007,243274,
STATSNZ:AGR_AGR_003(1.0),6724,18,2007,13304,
STATSNZ:AGR_AGR_003(1.0),7699,20,2007,1396023,
STATSNZ:AGR_AGR_003(1.0),7687,4,2007,26230,
STATSNZ:AGR_AGR_003(1.0),6953,20,2007,319760,
STATSNZ:AGR_AGR_003(1.0),7077,20,2008,4136872,
STATSNZ:AGR_AGR_003(1.0),7058,3,2008,20683,
STATSNZ:AGR_AGR_003(1.0),7058,4,2008,2783,
STATSNZ:AGR_AGR_003(1.0),7059,14,2008,2371,
STATSNZ:AGR_AGR_003(1.0),7068,20,2008,66336,
STATSNZ:AGR_AGR_003(1.0),7074,14,2008,10367,
STATSNZ:AGR_AGR_003(1.0),7188,19,2008,113516,
STATSNZ:AGR_AGR_003(1.0),6720,14,2008,750,
STATSNZ:AGR_AGR_003(1.0),6723,5,2008,115892,
STATSNZ:AGR_AGR_003(1.0),6738,9,2008,196022,
STATSNZ:AGR_AGR_003(1.0),6738,19,2008,1183007,
STATSNZ:AGR_AGR_003(1.0),6702,10,2008,13811104,
STATSNZ:AGR_AGR_003(1.0),7686,5,2008,4576,
STATSNZ:AGR_AGR_003(1.0),7687,16,2008,87151,
STATSNZ:AGR_AGR_003(1.0),6951,1,2008,113,
STATSNZ:AGR_AGR_003(1.0),6951,10,2008,2082,
STATSNZ:AGR_AGR_003(1.0),7077,7,2009,126336,
STATSNZ:AGR_AGR_003(1.0),7065,3,2009,63639,
STATSNZ:AGR_AGR_003(1.0),7066,13,2009,5944,
STATSNZ:AGR_AGR_003(1.0),7184,3,2009,223379,
STATSNZ:AGR_AGR_003(1.0),7185,14,2009,2692,
STATSNZ:AGR_AGR_003(1.0),6720,9,2009,15280,
STATSNZ:AGR_AGR_003(1.0),6738,4,2009,21992,
STATSNZ:AGR_AGR_003(1.0),6702,8,2009,4428778,
STATSNZ:AGR_AGR_003(1.0),6702,9,2009,1265902,
STATSNZ:AGR_AGR_003(1.0),7696,4,2009,16051,
STATSNZ:AGR_AGR_003(1.0),7810,20,2009,65149,
STATSNZ:AGR_AGR_003(1.0),7077,15,2010,486385,
STATSNZ:AGR_AGR_003(1.0),7064,10,2010,335247,
STATSNZ:AGR_AGR_003(1.0),7065,19,2010,40571,
STATSNZ:AGR_AGR_003(1.0),7184,11,2010,13795,
STATSNZ:AGR_AGR_003(1.0),7187,1,2010,273713,
STATSNZ:AGR_AGR_003(1.0),6731,6,2010,3429382,
STATSNZ:AGR_AGR_003(1.0),6701,6,2010,101104,
STATSNZ:AGR_AGR_003(1.0),6702,17,2010,4873484,
STATSNZ:AGR_AGR_003(1.0),7688,1,2010,1264,
STATSNZ:AGR_AGR_003(1.0),7810,8,2010,4675,
STATSNZ:AGR_AGR_003(1.0),7056,17,2011,46387,
STATSNZ:AGR_AGR_003(1.0),7059,8,2011,46952,
STATSNZ:AGR_AGR_003(1.0),7066,13,2011,4303,
STATSNZ:AGR_AGR_003(1.0),7071,3,2011,19849,
STATSNZ:AGR_AGR_003(1.0),7071,17,2011,825,
STATSNZ:AGR_AGR_003(1.0),7074,8,2011,137161,
STATSNZ:AGR_AGR_003(1.0),7188,3,2011,112947,
STATSNZ:AGR_AGR_003(1.0),6720,8,2011,53988,
STATSNZ:AGR_AGR_003(1.0),6723,20,2011,2015897,
STATSNZ:AGR_AGR_003(1.0),6738,3,2011,153770,
STATSNZ:AGR_AGR_003(1.0),6703,14,2011,29866,
STATSNZ:AGR_AGR_003(1.0),7686,20,2011,236965,
STATSNZ:AGR_AGR_003(1.0),7057,12,2012,14,
STATSNZ:AGR_AGR_003(1.0),7064,2,2012,16930,
STATSNZ:AGR_AGR_003(1.0),7064,3,2012,60332,
STATSNZ:AGR_AGR_003(1.0),7068,18,2012,116,
STATSNZ:AGR_AGR_003(1.0),7193,3,2012,1832380,
STATSNZ:AGR_AGR_003(1.0),7184,13,2012,5646,
STATSNZ:AGR_AGR_003(1.0),7184,14,2012,23012,
STATSNZ:AGR_AGR_003(1.0),7187,18,2012,,c
STATSNZ:AGR_AGR_003(1.0),6731,9,2012,1664892,
STATSNZ:AGR_AGR_003(1.0),6722,13,2012,9612,
STATSNZ:AGR_AGR_003(1.0),6722,14,2012,1481,
STATSNZ:AGR_AGR_003(1.0),6727,4,2012,1176,
STATSNZ:AGR_AGR_003(1.0),6701,9,2012,69293,
STATSNZ:AGR_AGR_003(1.0),7688,4,2012,11141,
STATSNZ:AGR_AGR_003(1.0),7688,5,2012,5035,
STATSNZ:AGR_AGR_003(1.0),7696,15,2012,111195,
STATSNZ:AGR_AGR_003(1.0),6955,10,2012,273903,
STATSNZ:AGR_AGR_003(1.0),7077,6,2013,433768,
STATSNZ:AGR_AGR_003(1.0),7058,11,2013,,s
STATSNZ:AGR_AGR_003(1.0),7065,1,2013,33033,
STATSNZ:AGR_AGR_003(1.0),7068,6,2013,5612,
STATSNZ:AGR_AGR_003(1.0),7188,2,2013,7382,
STATSNZ:AGR_AGR_003(1.0),7188,16,2013,21116,
STATSNZ:AGR_AGR_003(1.0),7188,17,2013,38777,
STATSNZ:AGR_AGR_003(1.0),6723,12,2013,160,
STATSNZ:AGR_AGR_003(1.0),6738,17,2013,115492,
STATSNZ:AGR_AGR_003(1.0),6702,7,2013,391531,
STATSNZ:AGR_AGR_003(1.0),6954,13,2013,,c
STATSNZ:AGR_AGR_003(1.0),7056,11,2014,8885,
STATSNZ:AGR_AGR_003(1.0),7059,2,2014,15832,
STATSNZ:AGR_AGR_003(1.0),7066,6,2014,43204,
STATSNZ:AGR_AGR_003(1.0),7071,11,2014,,s
STATSNZ:AGR_AGR_003(1.0),7074,2,2014,15519,
STATSNZ:AGR_AGR_003(1.0),7185,6,2014,2116,
STATSNZ:AGR_AGR_003(1.0),7186,17,2014,2387,
STATSNZ:AGR_AGR_003(1.0),6720,2,2014,2796,
STATSNZ:AGR_AGR_003(1.0),6721,12,2014,6323,
STATSNZ:AGR_AGR_003(1.0),6721,13,2014,343854,
STATSNZ:AGR_AGR_003(1.0),6724,17,2014,522930,
STATSNZ:AGR_AGR_003(1.0),6703,8,2014,4149610,
STATSNZ:AGR_AGR_003(1.0),7699,12,2014,0,
STATSNZ:AGR_AGR_003(1.0),7699,13,2014,7109,
STATSNZ:AGR_AGR_003(1.0),7687,3,2014,36750,
STATSNZ:AGR_AGR_003(1.0),7687,17,2014,113905,
STATSNZ:AGR_AGR_003(1.0),6954,8,2014,25329,
STATSNZ:AGR_AGR_003(1.0),7057,6,2015,13566,
STATSNZ:AGR_AGR_003(1.0),7058,16,2015,7358,
STATSNZ:AGR_AGR_003(1.0),7058,17,2015,2766,
STATSNZ:AGR_AGR_003(1.0),7065,7,2015,8680,
STATSNZ:AGR_AGR_003(1.0),7068,12,2015,23,
STATSNZ:AGR_AGR_003(1.0),7073,16,2015,10580,
STATSNZ:AGR_AGR_003(1.0),7184,7,2015,69767,
STATSNZ:AGR_AGR_003(1.0),7184,8,2015,78737,
STATSNZ:AGR_AGR_003(1.0),7187,12,2015,5755,
STATSNZ:AGR_AGR_003(1.0),6731,3,2015,1646010,
STATSNZ:AGR_AGR_003(1.0),6722,7,2015,5378,
STATSNZ:AGR_AGR_003(1.0),6723,18,2015,,s
STATSNZ:AGR_AGR_003(1.0),6701,2,2015,4216,
STATSNZ:AGR_AGR_003(1.0),6701,3,2015,73165,
STATSNZ:AGR_AGR_003(1.0),6702,13,2015,306293,
STATSNZ:AGR_AGR_003(1.0),7686,18,2015,0,
STATSNZ:AGR_AGR_003(1.0),6951,13,2015,60,
STATSNZ:AGR_AGR_003(1.0),6951,14,2015,,c
STATSNZ:AGR_AGR_003(1.0),7810,4,2015,1254,
STATSNZ:AGR_AGR_003(1.0),7810,18,2015,,s
STATSNZ:AGR_AGR_003(1.0),7058,14,2016,2764,
STATSNZ:AGR_AGR_003(1.0),7058,15,2016,18148,
STATSNZ:AGR_AGR_003(1.0),7065,5,2016,12170,
STATSNZ:AGR_AGR_003(1.0),7068,19,2016,26538,
STATSNZ:AGR_AGR_003(1.0),7073,14,2016,2186,
STATSNZ:AGR_AGR_003(1.0),7184,5,2016,2682,
STATSNZ:AGR_AGR_003(1.0),7187,9,2016,79147,
STATSNZ:AGR_AGR_003(1.0),7187,19,2016,2040990,
STATSNZ:AGR_AGR_003(1.0),6731,1,2016,366197,
STATSNZ:AGR_AGR_003(1.0),6722,5,2016,17900,
STATSNZ:AGR_AGR_003(1.0),6723,16,2016,214378,
STATSNZ:AGR_AGR_003(1.0),6701,1,2016,15397,
STATSNZ:AGR_AGR_003(1.0),6701,10,2016,561140,
STATSNZ:AGR_AGR_003(1.0),6702,11,2016,211250,
STATSNZ:AGR_AGR_003(1.0),7686,16,2016,23610,
STATSNZ:AGR_AGR_003(1.0),6951,11,2016,1,
STATSNZ:AGR_AGR_003(1.0),7810,16,2016,1702,
STATSNZ:AGR_AGR_003(1.0),7056,1,2017,68433,
STATSNZ:AGR_AGR_003(1.0),7056,15,2017,113004,
STATSNZ:AGR_AGR_003(1.0),7059,6,2017,36012,
STATSNZ:AGR_AGR_003(1.0),7066,19,2017,104159,
STATSNZ:AGR_AGR_003(1.0),7071,1,2017,14586,
STATSNZ:AGR_AGR_003(1.0),7074,6,2017,91470,
STATSNZ:AGR_AGR_003(1.0),7193,17,2017,681011,
STATSNZ:AGR_AGR_003(1.0),7188,1,2017,30767,
STATSNZ:AGR_AGR_003(1.0),7190,12,2017,1194,
STATSNZ:AGR_AGR_003(1.0),6721,16,2017,3158763,
STATSNZ:AGR_AGR_003(1.0),6721,17,2017,2847184,
STATSNZ:AGR_AGR_003(1.0),6703,12,2017,12337,
STATSNZ:AGR_AGR_003(1.0),7699,17,2017,192480,
STATSNZ:AGR_AGR_003(1.0),7687,7,2017,1246,
STATSNZ:AGR_AGR_003(1.0),6954,12,2017,8,
STATSNZ:AGR_AGR_003(1.0),7057,7,2018,3664,
STATSNZ:AGR_AGR_003(1.0),7058,17,2018,,s
STATSNZ:AGR_AGR_003(1.0),7067,2,2018,13306,
STATSNZ:AGR_AGR_003(1.0),7073,17,2018,,s
STATSNZ:AGR_AGR_003(1.0),7184,8,2018,75765,
STATSNZ:AGR_AGR_003(1.0),7187,12,2018,,s
STATSNZ:AGR_AGR_003(1.0),7187,13,2018,,s
STATSNZ:AGR_AGR_003(1.0),6722,8,2018,38201,
STATSNZ:AGR_AGR_003(1.0),6727,13,2018,21008,
STATSNZ:AGR_AGR_003(1.0),6701,3,2018,133575,
STATSNZ:AGR_AGR_003(1.0),7696,9,2018,,s
STATSNZ:AGR_AGR_003(1.0),6951,14,2018,,s
STATSNZ:AGR_AGR_003(1.0),7058,8,2019,,s
STATSNZ:AGR_AGR_003(1.0),7065,13,2019,,s
STATSNZ:AGR_AGR_003(1.0),7065,20,2019,208696,
STATSNZ:AGR_AGR_003(1.0),7068,3,2019,13521,
STATSNZ:AGR_AGR_003(1.0),7068,4,2019,2707,
STATSNZ:AGR_AGR_003(1.0),7073,8,2019,32399,
STATSNZ:AGR_AGR_003(1.0),7184,20,2019,943725,
STATSNZ:AGR_AGR_003(1.0),7187,3,2019,1460787,
STATSNZ:AGR_AGR_003(1.0),7187,4,2019,243598,
STATSNZ:AGR_AGR_003(1.0),7188,14,2019,,s
STATSNZ:AGR_AGR_003(1.0),6720,18,2019,,s
STATSNZ:AGR_AGR_003(1.0),6722,20,2019,338699,
STATSNZ:AGR_AGR_003(1.0),6723,19,2019,891279,
STATSNZ:AGR_AGR_003(1.0),6738,14,2019,1892,
STATSNZ:AGR_AGR_003(1.0),6702,5,2019,1141820,
STATSNZ:AGR_AGR_003(1.0),7686,9,2019,1561,
STATSNZ:AGR_AGR_003(1.0),7686,19,2019,117457,
STATSNZ:AGR_AGR_003(1.0),7696,14,2019,9588,
STATSNZ:AGR_AGR_003(1.0),6951,5,2019,4,
STATSNZ:AGR_AGR_003(1.0),7810,19,2019,11823,
STATSNZ:AGR_AGR_003(1.0),7059,17,2020,10740,
STATSNZ:AGR_AGR_003(1.0),7071,12,2020,15,
STATSNZ:AGR_AGR_003(1.0),7074,3,2020,88947,
STATSNZ:AGR_AGR_003(1.0),7186,18,2020,0,
STATSNZ:AGR_AGR_003(1.0),6703,9,2020,1276643,
STATSNZ:AGR_AGR_003(1.0),7687,4,2020,13989,
STATSNZ:AGR_AGR_003(1.0),7687,18,2020,0,
STATSNZ:AGR_AGR_003(1.0),6954,9,2020,11935,
STATSNZ:AGR_AGR_003(1.0),6953,10,2020,67910,
STATSNZ:AGR_AGR_003(1.0),6953,20,2020,204949,
STATSNZ:AGR_AGR_003(1.0),7077,2,2021,124698,
STATSNZ:AGR_AGR_003(1.0),7077,3,2021,621833,
STATSNZ:AGR_AGR_003(1.0),7059,18,2021,,s
STATSNZ:AGR_AGR_003(1.0),7068,3,2021,12024,
STATSNZ:AGR_AGR_003(1.0),7071,13,2021,,s
STATSNZ:AGR_AGR_003(1.0),7071,14,2021,273,
STATSNZ:AGR_AGR_003(1.0),7074,18,2021,,s
STATSNZ:AGR_AGR_003(1.0),7185,9,2021,1074,
STATSNZ:AGR_AGR_003(1.0),7188,13,2021,,s
STATSNZ:AGR_AGR_003(1.0),6720,4,2021,,s
STATSNZ:AGR_AGR_003(1.0),6720,18,2021,,s
STATSNZ:AGR_AGR_003(1.0),6723,8,2021,381329,
STATSNZ:AGR_AGR_003(1.0),6723,9,2021,99328,
STATSNZ:AGR_AGR_003(1.0),6738,10,2021,1422773,
STATSNZ:AGR_AGR_003(1.0),6702,4,2021,,s
STATSNZ:AGR_AGR_003(1.0),7686,9,2021,,s
STATSNZ:AGR_AGR_003(1.0),7696,10,2021,74258,
STATSNZ:AGR_AGR_003(1.0),7696,20,2021,298709,
STATSNZ:AGR_AGR_003(1.0),6953,15,2021,137948,
STATSNZ:AGR_AGR_003(1.0),7077,11,2022,39234,
STATSNZ:AGR_AGR_003(1.0),7058,2,2022,7993,
STATSNZ:AGR_AGR_003(1.0),7065,6,2022,33200,
STATSNZ:AGR_AGR_003(1.0),7066,17,2022,14931,
STATSNZ:AGR_AGR_003(1.0),7073,2,2022,4499,
STATSNZ:AGR_AGR_003(1.0),7074,13,2022,21954,
STATSNZ:AGR_AGR_003(1.0),7185,17,2022,5831,
STATSNZ:AGR_AGR_003(1.0),7188,8,2022,22690,
STATSNZ:AGR_AGR_003(1.0),6720,12,2022,,s
STATSNZ:AGR_AGR_003(1.0),6720,13,2022,3929,
STATSNZ:AGR_AGR_003(1.0),6723,3,2022,113054,
STATSNZ:AGR_AGR_003(1.0),6723,17,2022,214975,
STATSNZ:AGR_AGR_003(1.0),6738,8,2022,419478,
STATSNZ:AGR_AGR_003(1.0),7686,3,2022,10540,
STATSNZ:AGR_AGR_003(1.0),7696,8,2022,18025,
STATSNZ:AGR_AGR_003(1.0),7066,1,2023,37928,
STATSNZ:AGR_AGR_003(1.0),7071,6,2023,,s
STATSNZ:AGR_AGR_003(1.0),7186,12,2023,,s
STATSNZ:AGR_AGR_003(1.0),6721,7,2023,273473,
STATSNZ:AGR_AGR_003(1.0),6724,12,2023,1496,
STATSNZ:AGR_AGR_003(1.0),6703,2,2023,139367,
STATSNZ:AGR_AGR_003(1.0),6703,3,2023,1210559,
STATSNZ:AGR_AGR_003(1.0),7699,7,2023,,s
STATSNZ:AGR_AGR_003(1.0),7687,12,2023,,s
STATSNZ:AGR_AGR_003(1.0),6955,18,2023,0,
STATSNZ:AGR_AGR_003(1.0),7077,8,2024,520736,
STATSNZ:AGR_AGR_003(1.0),7065,3,2024,42564,
STATSNZ:AGR_AGR_003(1.0),7074,9,2024,31380,
STATSNZ:AGR_AGR_003(1.0),7185,14,2024,,s
STATSNZ:AGR_AGR_003(1.0),7188,18,2024,0,
STATSNZ:AGR_AGR_003(1.0),6723,10,2024,854524,
STATSNZ:AGR_AGR_003(1.0),6723,14,2024,2028,
STATSNZ:AGR_AGR_003(1.0),6702,9,2024,915819,
STATSNZ:AGR_AGR_003(1.0),7686,10,2024,,s
STATSNZ:AGR_AGR_003(1.0),6954,15,2024,172042,
STATSNZ:AGR_AGR_003(1.0),7077,19,1994,1134325,
STATSNZ:AGR_AGR_003(1.0),6723,16,1994,165144,
STATSNZ:AGR_AGR_003(1.0),7688,19,1994,96634,
STATSNZ:AGR_AGR_003(1.0),6738,7,1994,54550,
STATSNZ:AGR_AGR_003(1.0),7686,2,1994,6694,
STATSNZ:AGR_AGR_003(1.0),7810,2,1994,6116,
STATSNZ:AGR_AGR_003(1.0),7685,5,1994,3231,
STATSNZ:AGR_AGR_003(1.0),6702,6,2002,2790053,
STATSNZ:AGR_AGR_003(1.0),7065,10,2002,190530,
STATSNZ:AGR_AGR_003(1.0),7699,3,2002,143098,
STATSNZ:AGR_AGR_003(1.0),6723,11,2002,26728,
STATSNZ:AGR_AGR_003(1.0),6953,16,2002,13404,
STATSNZ:AGR_AGR_003(1.0),7067,7,2002,12961,
STATSNZ:AGR_AGR_003(1.0),7688,4,2002,12098,
STATSNZ:AGR_AGR_003(1.0),7696,1,2002,9581,
STATSNZ:AGR_AGR_003(1.0),7696,2,2002,6129,
STATSNZ:AGR_AGR_003(1.0),7685,13,2002,2908,
STATSNZ:AGR_AGR_003(1.0),6949,9,2002,1844,
STATSNZ:AGR_AGR_003(1.0),7685,14,2002,1664,
STATSNZ:AGR_AGR_003(1.0),6951,6,2002,92,
STATSNZ:AGR_AGR_003(1.0),7057,12,2002,81,
STATSNZ:AGR_AGR_003(1.0),6701,10,2003,583480,
STATSNZ:AGR_AGR_003(1.0),6701,14,2003,1747,
STATSNZ:AGR_AGR_003(1.0),6703,17,2003,5996762,
STATSNZ:AGR_AGR_003(1.0),6720,11,2003,4411,
STATSNZ:AGR_AGR_003(1.0),6731,14,2003,83978,
STATSNZ:AGR_AGR_003(1.0),6949,10,2003,17907,
STATSNZ:AGR_AGR_003(1.0),7058,10,2003,121331,
STATSNZ:AGR_AGR_003(1.0),7185,16,2003,1688,
STATSNZ:AGR_AGR_003(1.0),7699,7,2003,9058,
STATSNZ:AGR_AGR_003(1.0),7077,7,2004,122957,
STATSNZ:AGR_AGR_003(1.0),7077,8,2004,641607,
STATSNZ:AGR_AGR_003(1.0),7056,4,2004,23162,
STATSNZ:AGR_AGR_003(1.0),7065,3,2004,46114,
STATSNZ:AGR_AGR_003(1.0),7066,10,2004,354193,
STATSNZ:AGR_AGR_003(1.0),7066,20,2004,478746,
STATSNZ:AGR_AGR_003(1.0),7067,19,2004,142209,
STATSNZ:AGR_AGR_003(1.0),7068,7,2004,4779,
STATSNZ:AGR_AGR_003(1.0),7184,2,2004,20612,
STATSNZ:AGR_AGR_003(1.0),6723,14,2004,5498,
STATSNZ:AGR_AGR_003(1.0),6702,9,2004,1426904,
STATSNZ:AGR_AGR_003(1.0),7699,6,2004,147378,
STATSNZ:AGR_AGR_003(1.0),7685,16,2004,13444,
STATSNZ:AGR_AGR_003(1.0),7685,17,2004,24950,
STATSNZ:AGR_AGR_003(1.0),7696,4,2004,27416,
STATSNZ:AGR_AGR_003(1.0),6954,1,2004,4927,
STATSNZ:AGR_AGR_003(1.0),6951,8,2004,527,
STATSNZ:AGR_AGR_003(1.0),6951,9,2004,254,
STATSNZ:AGR_AGR_003(1.0),6955,16,2004,23361,
STATSNZ:AGR_AGR_003(1.0),7188,6,2005,3683,
STATSNZ:AGR_AGR_003(1.0),6731,13,2005,638031,
STATSNZ:AGR_AGR_003(1.0),6731,14,2005,74988,
STATSNZ:AGR_AGR_003(1.0),6727,9,2005,11996,
STATSNZ:AGR_AGR_003(1.0),6703,2,2005,222328,
STATSNZ:AGR_AGR_003(1.0),6703,16,2005,5156203,
STATSNZ:AGR_AGR_003(1.0),7699,7,2005,4772,
STATSNZ:AGR_AGR_003(1.0),7685,4,2005,4074,
STATSNZ:AGR_AGR_003(1.0),7187,17,2006,294159,
STATSNZ:AGR_AGR_003(1.0),6727,3,2006,5470,
STATSNZ:AGR_AGR_003(1.0),7699,1,2006,8703,
STATSNZ:AGR_AGR_003(1.0),7687,6,2006,39857,
STATSNZ:AGR_AGR_003(1.0),6953,1,2006,4018,
STATSNZ:AGR_AGR_003(1.0),7077,1,2007,495833,
STATSNZ:AGR_AGR_003(1.0),7057,9,2007,6395,
STATSNZ:AGR_AGR_003(1.0),7058,5,2007,14224,
STATSNZ:AGR_AGR_003(1.0),7058,6,2007,11477,
STATSNZ:AGR_AGR_003(1.0),7059,16,2007,21872,
STATSNZ:AGR_AGR_003(1.0),7064,13,2007,9295,
STATSNZ:AGR_AGR_003(1.0),7067,4,2007,17953,
STATSNZ:AGR_AGR_003(1.0),7068,1,2007,6826,
STATSNZ:AGR_AGR_003(1.0),7072,8,2007,46907,
STATSNZ:AGR_AGR_003(1.0),6727,15,2007,187668,
STATSNZ:AGR_AGR_003(1.0),6738,12,2007,221,
STATSNZ:AGR_AGR_003(1.0),6702,3,2007,2164947,
STATSNZ:AGR_AGR_003(1.0),7699,10,2007,430171,
STATSNZ:AGR_AGR_003(1.0),7685,19,2007,69476,
STATSNZ:AGR_AGR_003(1.0),7686,7,2007,941,
STATSNZ:AGR_AGR_003(1.0),7688,14,2007,8755,
STATSNZ:AGR_AGR_003(1.0),7688,15,2007,82033,
STATSNZ:AGR_AGR_003(1.0),6951,3,2007,761,
STATSNZ:AGR_AGR_003(1.0),6955,19,2007,491389,
STATSNZ:AGR_AGR_003(1.0),7056,19,2008,334633,
STATSNZ:AGR_AGR_003(1.0),7059,15,2008,42649,
STATSNZ:AGR_AGR_003(1.0),7065,8,2008,53033,
STATSNZ:AGR_AGR_003(1.0),7066,5,2008,27314,
STATSNZ:AGR_AGR_003(1.0),7071,19,2008,21648,
STATSNZ:AGR_AGR_003(1.0),7073,3,2008,36692,
STATSNZ:AGR_AGR_003(1.0),7187,20,2008,4347657,
STATSNZ:AGR_AGR_003(1.0),7190,6,2008,44220,
STATSNZ:AGR_AGR_003(1.0),6949,17,2008,454,
STATSNZ:AGR_AGR_003(1.0),7810,5,2008,1720,
STATSNZ:AGR_AGR_003(1.0),7056,18,2009,5284,
STATSNZ:AGR_AGR_003(1.0),7184,2,2009,14406,
STATSNZ:AGR_AGR_003(1.0),7185,20,2009,57480,
STATSNZ:AGR_AGR_003(1.0),7187,7,2009,506604,
STATSNZ:AGR_AGR_003(1.0),6721,5,2009,1016497,
STATSNZ:AGR_AGR_003(1.0),6722,2,2009,3220,
STATSNZ:AGR_AGR_003(1.0),6951,9,2009,196,
STATSNZ:AGR_AGR_003(1.0),6955,16,2009,26800,
STATSNZ:AGR_AGR_003(1.0),7810,13,2009,757,
STATSNZ:AGR_AGR_003(1.0),7074,17,2010,50608,
STATSNZ:AGR_AGR_003(1.0),7193,14,2010,160791,
STATSNZ:AGR_AGR_003(1.0),7187,2,2010,72276,
STATSNZ:AGR_AGR_003(1.0),7190,9,2010,56844,
STATSNZ:AGR_AGR_003(1.0),7190,19,2010,1198777,
STATSNZ:AGR_AGR_003(1.0),6720,17,2010,44072,
STATSNZ:AGR_AGR_003(1.0),6721,10,2010,10377843,
STATSNZ:AGR_AGR_003(1.0),6724,5,2010,287101,
STATSNZ:AGR_AGR_003(1.0),6738,12,2010,284,
STATSNZ:AGR_AGR_003(1.0),7699,10,2010,331884,
STATSNZ:AGR_AGR_003(1.0),7065,16,2011,11042,
STATSNZ:AGR_AGR_003(1.0),7190,10,2011,2563099,
STATSNZ:AGR_AGR_003(1.0),7810,20,2011,56505,
STATSNZ:AGR_AGR_003(1.0),7193,17,2012,670581,
STATSNZ:AGR_AGR_003(1.0),7188,15,2012,79941,
STATSNZ:AGR_AGR_003(1.0),7190,12,2012,,c
STATSNZ:AGR_AGR_003(1.0),6727,18,2012,,c
STATSNZ:AGR_AGR_003(1.0),6738,15,2012,761669,
STATSNZ:AGR_AGR_003(1.0),6702,6,2012,2313506,
STATSNZ:AGR_AGR_003(1.0),7685,13,2012,1150,
STATSNZ:AGR_AGR_003(1.0),7696,1,2012,1580,
STATSNZ:AGR_AGR_003(1.0),7065,15,2013,18383,
STATSNZ:AGR_AGR_003(1.0),7071,3,2013,20936,
STATSNZ:AGR_AGR_003(1.0),7073,19,2013,60619,
STATSNZ:AGR_AGR_003(1.0),7074,7,2013,19846,
STATSNZ:AGR_AGR_003(1.0),7193,18,2013,0,
STATSNZ:AGR_AGR_003(1.0),7184,1,2013,49580,
STATSNZ:AGR_AGR_003(1.0),7184,15,2013,201974,
STATSNZ:AGR_AGR_003(1.0),7187,5,2013,9291,
STATSNZ:AGR_AGR_003(1.0),7187,6,2013,60783,
STATSNZ:AGR_AGR_003(1.0),7190,13,2013,14861,
STATSNZ:AGR_AGR_003(1.0),6731,19,2013,15828294,
STATSNZ:AGR_AGR_003(1.0),6722,1,2013,3250,
STATSNZ:AGR_AGR_003(1.0),6727,5,2013,3206,
STATSNZ:AGR_AGR_003(1.0),7810,12,2013,,c
STATSNZ:AGR_AGR_003(1.0),7077,14,2014,40777,
STATSNZ:AGR_AGR_003(1.0),7067,3,2014,45000,
STATSNZ:AGR_AGR_003(1.0),7067,17,2014,24091,
STATSNZ:AGR_AGR_003(1.0),7068,10,2014,47248,
STATSNZ:AGR_AGR_003(1.0),7073,5,2014,15393,
STATSNZ:AGR_AGR_003(1.0),7186,3,2014,13439,
STATSNZ:AGR_AGR_003(1.0),6720,1,2014,4136,
STATSNZ:AGR_AGR_003(1.0),6949,5,2014,,c
STATSNZ:AGR_AGR_003(1.0),6953,12,2014,,c
STATSNZ:AGR_AGR_003(1.0),6955,9,2014,36079,
STATSNZ:AGR_AGR_003(1.0),7185,18,2015,0,
STATSNZ:AGR_AGR_003(1.0),6723,4,2015,28031,
STATSNZ:AGR_AGR_003(1.0),6724,1,2015,68947,
STATSNZ:AGR_AGR_003(1.0),6727,12,2015,22,
STATSNZ:AGR_AGR_003(1.0),6702,20,2015,24802071,
STATSNZ:AGR_AGR_003(1.0),7685,7,2015,,s
STATSNZ:AGR_AGR_003(1.0),7686,4,2015,7617,
STATSNZ:AGR_AGR_003(1.0),6949,2,2015,,s
STATSNZ:AGR_AGR_003(1.0),6951,20,2015,4654,
STATSNZ:AGR_AGR_003(1.0),7185,16,2016,3837,
STATSNZ:AGR_AGR_003(1.0),6723,2,2016,11757,
STATSNZ:AGR_AGR_003(1.0),6727,19,2016,244127,
STATSNZ:AGR_AGR_003(1.0),6703,17,2016,3987805,
STATSNZ:AGR_AGR_003(1.0),7685,5,2016,632,
STATSNZ:AGR_AGR_003(1.0),7686,2,2016,2107,
STATSNZ:AGR_AGR_003(1.0),6949,10,2016,10000,
STATSNZ:AGR_AGR_003(1.0),7057,12,2017,,s
STATSNZ:AGR_AGR_003(1.0),7058,9,2017,4250,
STATSNZ:AGR_AGR_003(1.0),7067,7,2017,15332,
STATSNZ:AGR_AGR_003(1.0),7071,15,2017,5752,
STATSNZ:AGR_AGR_003(1.0),7072,12,2017,6,
STATSNZ:AGR_AGR_003(1.0),7074,5,2017,65503,
STATSNZ:AGR_AGR_003(1.0),7193,3,2017,1871594,
STATSNZ:AGR_AGR_003(1.0),7185,19,2017,28569,
STATSNZ:AGR_AGR_003(1.0),6720,5,2017,14985,
STATSNZ:AGR_AGR_003(1.0),7688,18,2017,0,
STATSNZ:AGR_AGR_003(1.0),6949,9,2017,546,
STATSNZ:AGR_AGR_003(1.0),6953,16,2017,10552,
STATSNZ:AGR_AGR_003(1.0),6955,10,2017,192940,
STATSNZ:AGR_AGR_003(1.0),7077,20,2018,3721262,
STATSNZ:AGR_AGR_003(1.0),7057,6,2018,14585,
STATSNZ:AGR_AGR_003(1.0),7058,3,2018,17601,
STATSNZ:AGR_AGR_003(1.0),6731,17,2018,3487730,
STATSNZ:AGR_AGR_003(1.0),6720,14,2018,376,
STATSNZ:AGR_AGR_003(1.0),6723,5,2018,133705,
STATSNZ:AGR_AGR_003(1.0),6724,2,2018,29829,
STATSNZ:AGR_AGR_003(1.0),6727,12,2018,,s
STATSNZ:AGR_AGR_003(1.0),6738,9,2018,186324,
STATSNZ:AGR_AGR_003(1.0),6701,17,2018,161207,
STATSNZ:AGR_AGR_003(1.0),6702,10,2018,11430076,
STATSNZ:AGR_AGR_003(1.0),7685,8,2018,,s
STATSNZ:AGR_AGR_003(1.0),7686,4,2018,8381,
STATSNZ:AGR_AGR_003(1.0),7686,5,2018,,s
STATSNZ:AGR_AGR_003(1.0),7687,15,2018,112041,
STATSNZ:AGR_AGR_003(1.0),7688,12,2018,0,
STATSNZ:AGR_AGR_003(1.0),6949,3,2018,2252,
STATSNZ:AGR_AGR_003(1.0),6951,10,2018,1253,
STATSNZ:AGR_AGR_003(1.0),6955,7,2018,23236,
STATSNZ:AGR_AGR_003(1.0),6731,8,2019,4791398,
STATSNZ:AGR_AGR_003(1.0),6727,3,2019,10700,
STATSNZ:AGR_AGR_003(1.0),6703,11,2019,205243,
STATSNZ:AGR_AGR_003(1.0),6701,8,2019,250432,
STATSNZ:AGR_AGR_003(1.0),7685,20,2019,116591,
STATSNZ:AGR_AGR_003(1.0),7687,6,2019,,s
STATSNZ:AGR_AGR_003(1.0),7688,3,2019,11690,
STATSNZ:AGR_AGR_003(1.0),7064,14,2020,,s
STATSNZ:AGR_AGR_003(1.0),7065,11,2020,,s
STATSNZ:AGR_AGR_003(1.0),7067,18,2020,,s
STATSNZ:AGR_AGR_003(1.0),7068,2,2020,,s
STATSNZ:AGR_AGR_003(1.0),7072,9,2020,11989,
STATSNZ:AGR_AGR_003(1.0),7073,6,2020,25860,
STATSNZ:AGR_AGR_003(1.0),7074,17,2020,63884,
STATSNZ:AGR_AGR_003(1.0),7193,13,2020,17933,
STATSNZ:AGR_AGR_003(1.0),7193,14,2020,177297,
STATSNZ:AGR_AGR_003(1.0),7186,4,2020,,s
STATSNZ:AGR_AGR_003(1.0),7186,5,2020,208,
STATSNZ:AGR_AGR_003(1.0),7187,1,2020,238026,
STATSNZ:AGR_AGR_003(1.0),7187,2,2020,94249,
STATSNZ:AGR_AGR_003(1.0),7188,12,2020,,s
STATSNZ:AGR_AGR_003(1.0),7190,9,2020,63490,
STATSNZ:AGR_AGR_003(1.0),6720,16,2020,45278,
STATSNZ:AGR_AGR_003(1.0),6721,10,2020,7708691,
STATSNZ:AGR_AGR_003(1.0),6724,4,2020,22073,
STATSNZ:AGR_AGR_003(1.0),6955,11,2020,,s
STATSNZ:AGR_AGR_003(1.0),7810,8,2020,,s
STATSNZ:AGR_AGR_003(1.0),7068,17,2021,4939,
STATSNZ:AGR_AGR_003(1.0),7184,12,2021,,s
STATSNZ:AGR_AGR_003(1.0),7187,17,2021,465053,
STATSNZ:AGR_AGR_003(1.0),6721,15,2021,2352958,
STATSNZ:AGR_AGR_003(1.0),7699,1,2021,,s
STATSNZ:AGR_AGR_003(1.0),7186,14,2022,2247,
STATSNZ:AGR_AGR_003(1.0),7187,11,2022,41157,
STATSNZ:AGR_AGR_003(1.0),6731,2,2022,195853,
STATSNZ:AGR_AGR_003(1.0),6731,16,2022,4367739,
STATSNZ:AGR_AGR_003(1.0),6721,9,2022,741154,
STATSNZ:AGR_AGR_003(1.0),6724,14,2022,4337,
STATSNZ:AGR_AGR_003(1.0),6703,4,2022,223034,
STATSNZ:AGR_AGR_003(1.0),6703,5,2022,1230228,
STATSNZ:AGR_AGR_003(1.0),6702,12,2022,,s
STATSNZ:AGR_AGR_003(1.0),7687,10,2022,80951,
STATSNZ:AGR_AGR_003(1.0),7057,17,2023,,s
STATSNZ:AGR_AGR_003(1.0),7064,8,2023,69058,
STATSNZ:AGR_AGR_003(1.0),7066,15,2023,69543,
STATSNZ:AGR_AGR_003(1.0),7067,12,2023,,s
STATSNZ:AGR_AGR_003(1.0),7072,3,2023,41927,
STATSNZ:AGR_AGR_003(1.0),7073,10,2023,155885,
STATSNZ:AGR_AGR_003(1.0),7074,11,2023,7829,
STATSNZ:AGR_AGR_003(1.0),7074,19,2023,333403,
STATSNZ:AGR_AGR_003(1.0),7193,7,2023,493358,
STATSNZ:AGR_AGR_003(1.0),7184,18,2023,0,
STATSNZ:AGR_AGR_003(1.0),7185,15,2023,13421,
STATSNZ:AGR_AGR_003(1.0),7188,6,2023,,s
STATSNZ:AGR_AGR_003(1.0),7190,3,2023,1240772,
STATSNZ:AGR_AGR_003(1.0),6720,19,2023,113379,
STATSNZ:AGR_AGR_003(1.0),6723,1,2023,15179,
STATSNZ:AGR_AGR_003(1.0),6954,17,2023,,s
STATSNZ:AGR_AGR_003(1.0),6949,14,2023,0,
STATSNZ:AGR_AGR_003(1.0),7065,17,2024,,s
STATSNZ:AGR_AGR_003(1.0),7068,8,2024,7718,
STATSNZ:AGR_AGR_003(1.0),7071,5,2024,4794,
STATSNZ:AGR_AGR_003(1.0),7072,15,2024,,s
STATSNZ:AGR_AGR_003(1.0),7073,12,2024,20,
STATSNZ:AGR_AGR_003(1.0),7184,3,2024,190324,
STATSNZ:AGR_AGR_003(1.0),7185,10,2024,40163,
STATSNZ:AGR_AGR_003(1.0),7187,7,2024,405470,
STATSNZ:AGR_AGR_003(1.0),7187,8,2024,310534,
STATSNZ:AGR_AGR_003(1.0),7190,15,2024,773044,
STATSNZ:AGR_AGR_003(1.0),6731,12,2024,1734,
STATSNZ:AGR_AGR_003(1.0),6721,6,2024,1449235,
STATSNZ:AGR_AGR_003(1.0),6722,3,2024,22526,
STATSNZ:AGR_AGR_003(1.0),6724,19,2024,2034281,
STATSNZ:AGR_AGR_003(1.0),6955,17,2024,,s
STATSNZ:AGR_AGR_003(1.0),7810,14,2024,145,
STATSNZ:AGR_AGR_003(1.0),6731,15,1994,9747488,
STATSNZ:AGR_AGR_003(1.0),6727,19,1994,1043784,
STATSNZ:AGR_AGR_003(1.0),6731,1,1994,814163,
STATSNZ:AGR_AGR_003(1.0),7187,19,1994,424275,
STATSNZ:AGR_AGR_003(1.0),6722,6,1994,82220,
STATSNZ:AGR_AGR_003(1.0),6722,5,1994,40514,
STATSNZ:AGR_AGR_003(1.0),7685,6,1994,25619,
STATSNZ:AGR_AGR_003(1.0),7686,16,1994,18537,
STATSNZ:AGR_AGR_003(1.0),7810,16,1994,4003,
STATSNZ:AGR_AGR_003(1.0),6731,9,2002,1812531,
STATSNZ:AGR_AGR_003(1.0),7072,20,2002,390705,
STATSNZ:AGR_AGR_003(1.0),7064,3,2002,82746,
STATSNZ:AGR_AGR_003(1.0),6701,9,2002,35430,
STATSNZ:AGR_AGR_003(1.0),7184,14,2002,23560,
STATSNZ:AGR_AGR_003(1.0),7073,9,2002,22883,
STATSNZ:AGR_AGR_003(1.0),7077,18,2002,8863,
STATSNZ:AGR_AGR_003(1.0),7688,5,2002,3693,
STATSNZ:AGR_AGR_003(1.0),6722,14,2002,3346,
STATSNZ:AGR_AGR_003(1.0),7065,14,2002,1203,
STATSNZ:AGR_AGR_003(1.0),7068,18,2002,91,
STATSNZ:AGR_AGR_003(1.0),6702,11,2003,288199,
STATSNZ:AGR_AGR_003(1.0),6722,5,2003,12872,
STATSNZ:AGR_AGR_003(1.0),6723,15,2003,358019,
STATSNZ:AGR_AGR_003(1.0),6723,16,2003,246636,
STATSNZ:AGR_AGR_003(1.0),6731,10,2003,18410006,
STATSNZ:AGR_AGR_003(1.0),6738,6,2003,563088,
STATSNZ:AGR_AGR_003(1.0),6951,19,2003,3779,
STATSNZ:AGR_AGR_003(1.0),7058,14,2003,1256,
STATSNZ:AGR_AGR_003(1.0),7065,5,2003,18734,
STATSNZ:AGR_AGR_003(1.0),7068,9,2003,2982,
STATSNZ:AGR_AGR_003(1.0),7073,10,2003,315518,
STATSNZ:AGR_AGR_003(1.0),7073,14,2003,2408,
STATSNZ:AGR_AGR_003(1.0),7077,9,2003,176290,
STATSNZ:AGR_AGR_003(1.0),7077,19,2003,1225759,
STATSNZ:AGR_AGR_003(1.0),7184,4,2003,61203,
STATSNZ:AGR_AGR_003(1.0),7184,5,2003,1564,
STATSNZ:AGR_AGR_003(1.0),7185,15,2003,4853,
STATSNZ:AGR_AGR_003(1.0),7686,15,2003,88551,
STATSNZ:AGR_AGR_003(1.0),7696,6,2003,47912,
STATSNZ:AGR_AGR_003(1.0),7057,1,2004,13932,
STATSNZ:AGR_AGR_003(1.0),7064,6,2004,68770,
STATSNZ:AGR_AGR_003(1.0),7067,11,2004,5531,
STATSNZ:AGR_AGR_003(1.0),7072,1,2004,43462,
STATSNZ:AGR_AGR_003(1.0),7187,7,2004,549246,
STATSNZ:AGR_AGR_003(1.0),6727,7,2004,3911,
STATSNZ:AGR_AGR_003(1.0),7810,13,2004,879,
STATSNZ:AGR_AGR_003(1.0),7058,10,2005,121884,
STATSNZ:AGR_AGR_003(1.0),7058,20,2005,153911,
STATSNZ:AGR_AGR_003(1.0),7065,4,2005,5615,
STATSNZ:AGR_AGR_003(1.0),7073,20,2005,354656,
STATSNZ:AGR_AGR_003(1.0),7074,19,2005,316076,
STATSNZ:AGR_AGR_003(1.0),6720,19,2005,193843,
STATSNZ:AGR_AGR_003(1.0),6738,5,2005,167946,
STATSNZ:AGR_AGR_003(1.0),6702,19,2005,17152909,
STATSNZ:AGR_AGR_003(1.0),7696,5,2005,11407,
STATSNZ:AGR_AGR_003(1.0),6954,16,2005,15123,
STATSNZ:AGR_AGR_003(1.0),7077,3,2006,661261,
STATSNZ:AGR_AGR_003(1.0),7058,8,2006,20906,
STATSNZ:AGR_AGR_003(1.0),7065,20,2006,271008,
STATSNZ:AGR_AGR_003(1.0),7184,20,2006,737428,
STATSNZ:AGR_AGR_003(1.0),7188,14,2006,5978,
STATSNZ:AGR_AGR_003(1.0),6723,9,2006,168638,
STATSNZ:AGR_AGR_003(1.0),6738,10,2006,1957275,
STATSNZ:AGR_AGR_003(1.0),6702,5,2006,1356640,
STATSNZ:AGR_AGR_003(1.0),7686,9,2006,5069,
STATSNZ:AGR_AGR_003(1.0),7696,10,2006,174575,
STATSNZ:AGR_AGR_003(1.0),6951,4,2006,148,
STATSNZ:AGR_AGR_003(1.0),6953,15,2006,163100,
STATSNZ:AGR_AGR_003(1.0),7065,19,2007,60738,
STATSNZ:AGR_AGR_003(1.0),7068,15,2007,9129,
STATSNZ:AGR_AGR_003(1.0),7187,1,2007,287469,
STATSNZ:AGR_AGR_003(1.0),7187,15,2007,575020,
STATSNZ:AGR_AGR_003(1.0),6722,19,2007,157216,
STATSNZ:AGR_AGR_003(1.0),6727,1,2007,1738,
STATSNZ:AGR_AGR_003(1.0),6702,16,2007,4963797,
STATSNZ:AGR_AGR_003(1.0),7810,7,2007,1817,
STATSNZ:AGR_AGR_003(1.0),7057,7,2008,4977,
STATSNZ:AGR_AGR_003(1.0),7064,11,2008,7298,
STATSNZ:AGR_AGR_003(1.0),7067,2,2008,15529,
STATSNZ:AGR_AGR_003(1.0),7072,6,2008,63762,
STATSNZ:AGR_AGR_003(1.0),7072,7,2008,5244,
STATSNZ:AGR_AGR_003(1.0),7193,11,2008,70689,
STATSNZ:AGR_AGR_003(1.0),6731,17,2008,4739003,
STATSNZ:AGR_AGR_003(1.0),6731,18,2008,64202,
STATSNZ:AGR_AGR_003(1.0),6724,2,2008,47522,
STATSNZ:AGR_AGR_003(1.0),6727,13,2008,52190,
STATSNZ:AGR_AGR_003(1.0),6701,17,2008,199189,
STATSNZ:AGR_AGR_003(1.0),7685,8,2008,7682,
STATSNZ:AGR_AGR_003(1.0),6955,8,2008,54440,
STATSNZ:AGR_AGR_003(1.0),7057,15,2009,21426,
STATSNZ:AGR_AGR_003(1.0),7064,6,2009,48414,
STATSNZ:AGR_AGR_003(1.0),7067,11,2009,7599,
STATSNZ:AGR_AGR_003(1.0),7067,19,2009,151261,
STATSNZ:AGR_AGR_003(1.0),7072,1,2009,49767,
STATSNZ:AGR_AGR_003(1.0),7072,15,2009,26831,
STATSNZ:AGR_AGR_003(1.0),7193,6,2009,93871,
STATSNZ:AGR_AGR_003(1.0),7190,1,2009,237775,
STATSNZ:AGR_AGR_003(1.0),6721,6,2009,2159207,
STATSNZ:AGR_AGR_003(1.0),6703,1,2009,333674,
STATSNZ:AGR_AGR_003(1.0),7685,16,2009,6330,
STATSNZ:AGR_AGR_003(1.0),7685,17,2009,12548,
STATSNZ:AGR_AGR_003(1.0),7059,3,2010,43999,
STATSNZ:AGR_AGR_003(1.0),7059,17,2010,12370,
STATSNZ:AGR_AGR_003(1.0),7066,8,2010,74710,
STATSNZ:AGR_AGR_003(1.0),7071,20,2010,107415,
STATSNZ:AGR_AGR_003(1.0),7074,3,2010,91595,
STATSNZ:AGR_AGR_003(1.0),6720,3,2010,21579,
STATSNZ:AGR_AGR_003(1.0),6721,14,2010,31040,
STATSNZ:AGR_AGR_003(1.0),6703,9,2010,1378476,
STATSNZ:AGR_AGR_003(1.0),7699,14,2010,32325,
STATSNZ:AGR_AGR_003(1.0),7687,4,2010,22717,
STATSNZ:AGR_AGR_003(1.0),7687,5,2010,7487,
STATSNZ:AGR_AGR_003(1.0),6953,10,2010,123377,
STATSNZ:AGR_AGR_003(1.0),7057,10,2011,92981,
STATSNZ:AGR_AGR_003(1.0),7064,5,2011,35943,
STATSNZ:AGR_AGR_003(1.0),7072,1,2011,35420,
STATSNZ:AGR_AGR_003(1.0),7072,10,2011,213443,
STATSNZ:AGR_AGR_003(1.0),7193,5,2011,17806,
STATSNZ:AGR_AGR_003(1.0),7184,16,2011,42370,
STATSNZ:AGR_AGR_003(1.0),6731,11,2011,249640,
STATSNZ:AGR_AGR_003(1.0),6727,6,2011,7730,
STATSNZ:AGR_AGR_003(1.0),7685,2,2011,1698,
STATSNZ:AGR_AGR_003(1.0),7688,6,2011,13423,
STATSNZ:AGR_AGR_003(1.0),7688,7,2011,922,
STATSNZ:AGR_AGR_003(1.0),7696,17,2011,100092,
STATSNZ:AGR_AGR_003(1.0),7056,15,2012,124691,
STATSNZ:AGR_AGR_003(1.0),7059,6,2012,39586,
STATSNZ:AGR_AGR_003(1.0),7066,11,2012,4782,
STATSNZ:AGR_AGR_003(1.0),7066,19,2012,127836,
STATSNZ:AGR_AGR_003(1.0),7071,1,2012,19185,
STATSNZ:AGR_AGR_003(1.0),7071,15,2012,11400,
STATSNZ:AGR_AGR_003(1.0),7074,6,2012,94477,
STATSNZ:AGR_AGR_003(1.0),7185,19,2012,27007,
STATSNZ:AGR_AGR_003(1.0),7188,1,2012,28468,
STATSNZ:AGR_AGR_003(1.0),6720,6,2012,31032,
STATSNZ:AGR_AGR_003(1.0),6721,16,2012,3652018,
STATSNZ:AGR_AGR_003(1.0),6721,17,2012,3250024,
STATSNZ:AGR_AGR_003(1.0),6738,1,2012,58169,
STATSNZ:AGR_AGR_003(1.0),6703,12,2012,7808,
STATSNZ:AGR_AGR_003(1.0),7699,16,2012,153224,
STATSNZ:AGR_AGR_003(1.0),7699,17,2012,238402,
STATSNZ:AGR_AGR_003(1.0),7687,7,2012,1508,
STATSNZ:AGR_AGR_003(1.0),6954,12,2012,,c
STATSNZ:AGR_AGR_003(1.0),7064,4,2013,12713,
STATSNZ:AGR_AGR_003(1.0),7064,18,2013,1715,
STATSNZ:AGR_AGR_003(1.0),7067,9,2013,13454,
STATSNZ:AGR_AGR_003(1.0),7072,13,2013,1141,
STATSNZ:AGR_AGR_003(1.0),7072,14,2013,,s
STATSNZ:AGR_AGR_003(1.0),7186,9,2013,1051,
STATSNZ:AGR_AGR_003(1.0),6721,4,2013,204924,
STATSNZ:AGR_AGR_003(1.0),6701,19,2013,587280,
STATSNZ:AGR_AGR_003(1.0),7685,15,2013,34614,
STATSNZ:AGR_AGR_003(1.0),6955,1,2013,6120,
STATSNZ:AGR_AGR_003(1.0),6955,15,2013,390826,
STATSNZ:AGR_AGR_003(1.0),7057,8,2014,18857,
STATSNZ:AGR_AGR_003(1.0),7058,18,2014,225,
STATSNZ:AGR_AGR_003(1.0),7064,20,2014,458402,
STATSNZ:AGR_AGR_003(1.0),7065,9,2014,5428,
STATSNZ:AGR_AGR_003(1.0),7068,14,2014,988,
STATSNZ:AGR_AGR_003(1.0),7193,20,2014,6698326,
STATSNZ:AGR_AGR_003(1.0),7184,9,2014,14937,
STATSNZ:AGR_AGR_003(1.0),7184,19,2014,397012,
STATSNZ:AGR_AGR_003(1.0),7187,10,2014,3097728,
STATSNZ:AGR_AGR_003(1.0),7187,14,2014,155160,
STATSNZ:AGR_AGR_003(1.0),6731,5,2014,1602270,
STATSNZ:AGR_AGR_003(1.0),6722,9,2014,4786,
STATSNZ:AGR_AGR_003(1.0),6727,10,2014,49224,
STATSNZ:AGR_AGR_003(1.0),6701,4,2014,15121,
STATSNZ:AGR_AGR_003(1.0),6701,5,2014,54644,
STATSNZ:AGR_AGR_003(1.0),7688,10,2014,66282,
STATSNZ:AGR_AGR_003(1.0),7696,11,2014,6805,
STATSNZ:AGR_AGR_003(1.0),6951,15,2014,2261,
STATSNZ:AGR_AGR_003(1.0),6951,16,2014,97,
STATSNZ:AGR_AGR_003(1.0),7056,8,2015,146067,
STATSNZ:AGR_AGR_003(1.0),7056,9,2015,31631,
STATSNZ:AGR_AGR_003(1.0),7059,10,2015,219387,
STATSNZ:AGR_AGR_003(1.0),7066,4,2015,13374,
STATSNZ:AGR_AGR_003(1.0),7071,9,2015,3204,
STATSNZ:AGR_AGR_003(1.0),7074,10,2015,553145,
STATSNZ:AGR_AGR_003(1.0),7074,20,2015,880438,
STATSNZ:AGR_AGR_003(1.0),7185,4,2015,4436,
STATSNZ:AGR_AGR_003(1.0),7186,15,2015,5702,
STATSNZ:AGR_AGR_003(1.0),6720,10,2015,147923,
STATSNZ:AGR_AGR_003(1.0),6721,19,2015,9779588,
STATSNZ:AGR_AGR_003(1.0),6724,15,2015,744475,
STATSNZ:AGR_AGR_003(1.0),6703,6,2015,2426843,
STATSNZ:AGR_AGR_003(1.0),7699,19,2015,616322,
STATSNZ:AGR_AGR_003(1.0),7687,1,2015,2076,
STATSNZ:AGR_AGR_003(1.0),7687,15,2015,110109,
STATSNZ:AGR_AGR_003(1.0),6954,6,2015,,c
STATSNZ:AGR_AGR_003(1.0),7056,6,2016,96165,
STATSNZ:AGR_AGR_003(1.0),7056,7,2016,17247,
STATSNZ:AGR_AGR_003(1.0),7059,11,2016,3271,
STATSNZ:AGR_AGR_003(1.0),7066,2,2016,17058,
STATSNZ:AGR_AGR_003(1.0),7071,7,2016,3078,
STATSNZ:AGR_AGR_003(1.0),7072,17,2016,4751,
STATSNZ:AGR_AGR_003(1.0),7072,18,2016,0,
STATSNZ:AGR_AGR_003(1.0),7185,2,2016,1689,
STATSNZ:AGR_AGR_003(1.0),7186,13,2016,,c
STATSNZ:AGR_AGR_003(1.0),7190,17,2016,492412,
STATSNZ:AGR_AGR_003(1.0),6721,8,2016,3392706,
STATSNZ:AGR_AGR_003(1.0),6724,12,2016,790,
STATSNZ:AGR_AGR_003(1.0),6724,13,2016,72878,
STATSNZ:AGR_AGR_003(1.0),7699,8,2016,47158,
STATSNZ:AGR_AGR_003(1.0),7687,13,2016,,c
STATSNZ:AGR_AGR_003(1.0),7687,20,2016,405858,
STATSNZ:AGR_AGR_003(1.0),6954,3,2016,30933,
STATSNZ:AGR_AGR_003(1.0),6954,4,2016,1903,
STATSNZ:AGR_AGR_003(1.0),7077,18,2017,11299,
STATSNZ:AGR_AGR_003(1.0),7064,3,2017,61197,
STATSNZ:AGR_AGR_003(1.0),7065,13,2017,1488,
STATSNZ:AGR_AGR_003(1.0),7065,14,2017,1263,
STATSNZ:AGR_AGR_003(1.0),7068,18,2017,155,
STATSNZ:AGR_AGR_003(1.0),7073,9,2017,13554,
STATSNZ:AGR_AGR_003(1.0),7184,13,2017,2601,
STATSNZ:AGR_AGR_003(1.0),7184,14,2017,22039,
STATSNZ:AGR_AGR_003(1.0),7187,4,2017,252591,
STATSNZ:AGR_AGR_003(1.0),6731,9,2017,1512079,
STATSNZ:AGR_AGR_003(1.0),6727,4,2017,731,
STATSNZ:AGR_AGR_003(1.0),6738,15,2017,624911,
STATSNZ:AGR_AGR_003(1.0),7696,15,2017,85584,
STATSNZ:AGR_AGR_003(1.0),7810,19,2017,13150,
STATSNZ:AGR_AGR_003(1.0),7056,19,2018,294321,
STATSNZ:AGR_AGR_003(1.0),7059,14,2018,2359,
STATSNZ:AGR_AGR_003(1.0),7066,5,2018,23028,
STATSNZ:AGR_AGR_003(1.0),7071,9,2018,3723,
STATSNZ:AGR_AGR_003(1.0),7071,19,2018,,s
STATSNZ:AGR_AGR_003(1.0),7074,10,2018,549625,
STATSNZ:AGR_AGR_003(1.0),7185,5,2018,,s
STATSNZ:AGR_AGR_003(1.0),6720,10,2018,136127,
STATSNZ:AGR_AGR_003(1.0),6724,16,2018,687842,
STATSNZ:AGR_AGR_003(1.0),7699,11,2018,,s
STATSNZ:AGR_AGR_003(1.0),7687,16,2018,60076,
STATSNZ:AGR_AGR_003(1.0),6953,11,2018,178,
STATSNZ:AGR_AGR_003(1.0),7056,1,2019,63960,
STATSNZ:AGR_AGR_003(1.0),7056,10,2019,586419,
STATSNZ:AGR_AGR_003(1.0),7059,5,2019,24036,
STATSNZ:AGR_AGR_003(1.0),7064,16,2019,45912,
STATSNZ:AGR_AGR_003(1.0),7072,11,2019,,s
STATSNZ:AGR_AGR_003(1.0),7193,16,2019,352639,
STATSNZ:AGR_AGR_003(1.0),7186,7,2019,2356,
STATSNZ:AGR_AGR_003(1.0),7190,11,2019,42025,
STATSNZ:AGR_AGR_003(1.0),6721,2,2019,101436,
STATSNZ:AGR_AGR_003(1.0),6721,16,2019,3325937,
STATSNZ:AGR_AGR_003(1.0),6724,6,2019,585084,
STATSNZ:AGR_AGR_003(1.0),6724,7,2019,65607,
STATSNZ:AGR_AGR_003(1.0),6727,17,2019,5676,
STATSNZ:AGR_AGR_003(1.0),7699,2,2019,8733,
STATSNZ:AGR_AGR_003(1.0),7688,17,2019,28714,
STATSNZ:AGR_AGR_003(1.0),7688,18,2019,0,
STATSNZ:AGR_AGR_003(1.0),6949,8,2019,1626,
STATSNZ:AGR_AGR_003(1.0),6955,13,2019,2612,
STATSNZ:AGR_AGR_003(1.0),7057,9,2020,6722,
STATSNZ:AGR_AGR_003(1.0),6731,6,2020,2529972,
STATSNZ:AGR_AGR_003(1.0),6727,1,2020,,s
STATSNZ:AGR_AGR_003(1.0),6701,6,2020,158699,
STATSNZ:AGR_AGR_003(1.0),6702,16,2020,4139328,
STATSNZ:AGR_AGR_003(1.0),7688,1,2020,,s
STATSNZ:AGR_AGR_003(1.0),7810,7,2020,1818,
STATSNZ:AGR_AGR_003(1.0),7057,19,2021,64808,
STATSNZ:AGR_AGR_003(1.0),7064,1,2021,40833,
STATSNZ:AGR_AGR_003(1.0),7064,15,2021,77701,
STATSNZ:AGR_AGR_003(1.0),7067,6,2021,34401,
STATSNZ:AGR_AGR_003(1.0),7072,19,2021,46545,
STATSNZ:AGR_AGR_003(1.0),7193,1,2021,310765,
STATSNZ:AGR_AGR_003(1.0),7186,6,2021,,s
STATSNZ:AGR_AGR_003(1.0),7187,16,2021,279440,
STATSNZ:AGR_AGR_003(1.0),6721,1,2021,139127,
STATSNZ:AGR_AGR_003(1.0),6722,12,2021,12,
STATSNZ:AGR_AGR_003(1.0),6727,16,2021,80204,
STATSNZ:AGR_AGR_003(1.0),6727,17,2021,9579,
STATSNZ:AGR_AGR_003(1.0),6701,7,2021,22659,
STATSNZ:AGR_AGR_003(1.0),7685,12,2021,0,
STATSNZ:AGR_AGR_003(1.0),7688,16,2021,22200,
STATSNZ:AGR_AGR_003(1.0),6949,7,2021,914,
STATSNZ:AGR_AGR_003(1.0),6949,8,2021,1446,
STATSNZ:AGR_AGR_003(1.0),6955,12,2021,,s
STATSNZ:AGR_AGR_003(1.0),7059,20,2022,329290,
STATSNZ:AGR_AGR_003(1.0),7064,9,2022,16615,
STATSNZ:AGR_AGR_003(1.0),7064,19,2022,176362,
STATSNZ:AGR_AGR_003(1.0),7067,14,2022,2647,
STATSNZ:AGR_AGR_003(1.0),7072,5,2022,13226,
STATSNZ:AGR_AGR_003(1.0),7193,9,2022,83247,
STATSNZ:AGR_AGR_003(1.0),7193,19,2022,2483212,
STATSNZ:AGR_AGR_003(1.0),7186,10,2022,41882,
STATSNZ:AGR_AGR_003(1.0),7190,5,2022,4191,
STATSNZ:AGR_AGR_003(1.0),6724,10,2022,1959471,
STATSNZ:AGR_AGR_003(1.0),6727,11,2022,817,
STATSNZ:AGR_AGR_003(1.0),6701,15,2022,222467,
STATSNZ:AGR_AGR_003(1.0),6701,16,2022,146277,
STATSNZ:AGR_AGR_003(1.0),7688,11,2022,1257,
STATSNZ:AGR_AGR_003(1.0),6949,15,2022,15366,
STATSNZ:AGR_AGR_003(1.0),6949,16,2022,1013,
STATSNZ:AGR_AGR_003(1.0),6955,6,2022,10895,
STATSNZ:AGR_AGR_003(1.0),7057,3,2023,19671,
STATSNZ:AGR_AGR_003(1.0),7065,18,2023,,s
STATSNZ:AGR_AGR_003(1.0),7068,9,2023,1348,
STATSNZ:AGR_AGR_003(1.0),7073,20,2023,201128,
STATSNZ:AGR_AGR_003(1.0),7184,4,2023,45640,
STATSNZ:AGR_AGR_003(1.0),6731,10,2023,12001998,
STATSNZ:AGR_AGR_003(1.0),6731,14,2023,15339,
STATSNZ:AGR_AGR_003(1.0),6731,20,2023,24359267,
STATSNZ:AGR_AGR_003(1.0),6702,19,2023,10156757,
STATSNZ:AGR_AGR_003(1.0),7686,15,2023,63150,
STATSNZ:AGR_AGR_003(1.0),7696,5,2023,,s
STATSNZ:AGR_AGR_003(1.0),6951,19,2023,3520,
STATSNZ:AGR_AGR_003(1.0),7810,1,2023,1200,
STATSNZ:AGR_AGR_003(1.0),7057,15,2024,32332,
STATSNZ:AGR_AGR_003(1.0),7057,16,2024,,s
STATSNZ:AGR_AGR_003(1.0),7067,11,2024,4187,
STATSNZ:AGR_AGR_003(1.0),7072,16,2024,8704,
STATSNZ:AGR_AGR_003(1.0),7193,6,2024,,s
STATSNZ:AGR_AGR_003(1.0),7186,11,2024,,s
STATSNZ:AGR_AGR_003(1.0),6727,7,2024,,s
STATSNZ:AGR_AGR_003(1.0),7685,17,2024,19682,
STATSNZ:AGR_AGR_003(1.0),6949,12,2024,2,
STATSNZ:AGR_AGR_003(1.0),6955,3,2024,42615,
STATSNZ:AGR_AGR_003(1.0),6724,20,1994,8319053,
STATSNZ:AGR_AGR_003(1.0),7190,4,1994,184232,
STATSNZ:AGR_AGR_003(1.0),7188,7,1994,16678,
STATSNZ:AGR_AGR_003(1.0),6723,2,1994,16128,
STATSNZ:AGR_AGR_003(1.0),7186,20,1994,7041,
STATSNZ:AGR_AGR_003(1.0),6954,18,1994,135,
STATSNZ:AGR_AGR_003(1.0),7190,20,2002,3225238,
STATSNZ:AGR_AGR_003(1.0),6721,3,2002,1751330,
STATSNZ:AGR_AGR_003(1.0),7193,3,2002,1663446,
STATSNZ:AGR_AGR_003(1.0),7184,10,2002,748463,
STATSNZ:AGR_AGR_003(1.0),7193,17,2002,356220,
STATSNZ:AGR_AGR_003(1.0),6738,1,2002,64005,
STATSNZ:AGR_AGR_003(1.0),7067,8,2002,63247,
STATSNZ:AGR_AGR_003(1.0),6720,6,2002,41868,
STATSNZ:AGR_AGR_003(1.0),7188,15,2002,27760,
STATSNZ:AGR_AGR_003(1.0),7185,19,2002,12604,
STATSNZ:AGR_AGR_003(1.0),7071,15,2002,11271,
STATSNZ:AGR_AGR_003(1.0),6722,13,2002,9994,
STATSNZ:AGR_AGR_003(1.0),6953,17,2002,6220,
STATSNZ:AGR_AGR_003(1.0),6953,8,2003,29226,
STATSNZ:AGR_AGR_003(1.0),6954,17,2003,3441,
STATSNZ:AGR_AGR_003(1.0),7064,8,2003,84584,
STATSNZ:AGR_AGR_003(1.0),7066,16,2003,29505,
STATSNZ:AGR_AGR_003(1.0),7067,13,2003,6413,
STATSNZ:AGR_AGR_003(1.0),7074,11,2003,13149,
STATSNZ:AGR_AGR_003(1.0),7187,9,2003,85193,
STATSNZ:AGR_AGR_003(1.0),7810,15,2003,13937,
STATSNZ:AGR_AGR_003(1.0),7072,15,2004,39329,
STATSNZ:AGR_AGR_003(1.0),7193,6,2004,91786,
STATSNZ:AGR_AGR_003(1.0),7184,3,2004,265241,
STATSNZ:AGR_AGR_003(1.0),7185,13,2004,269,
STATSNZ:AGR_AGR_003(1.0),7190,15,2004,291578,
STATSNZ:AGR_AGR_003(1.0),6721,6,2004,2667004,
STATSNZ:AGR_AGR_003(1.0),6722,3,2004,10793,
STATSNZ:AGR_AGR_003(1.0),6723,13,2004,21469,
STATSNZ:AGR_AGR_003(1.0),6724,19,2004,2714183,
STATSNZ:AGR_AGR_003(1.0),6738,4,2004,17664,
STATSNZ:AGR_AGR_003(1.0),6703,1,2004,373150,
STATSNZ:AGR_AGR_003(1.0),6955,17,2004,6949,
STATSNZ:AGR_AGR_003(1.0),7057,3,2005,24481,
STATSNZ:AGR_AGR_003(1.0),7059,19,2005,88878,
STATSNZ:AGR_AGR_003(1.0),7066,15,2005,55055,
STATSNZ:AGR_AGR_003(1.0),7184,4,2005,45368,
STATSNZ:AGR_AGR_003(1.0),6731,20,2005,39879668,
STATSNZ:AGR_AGR_003(1.0),6954,17,2005,2734,
STATSNZ:AGR_AGR_003(1.0),6953,7,2005,14357,
STATSNZ:AGR_AGR_003(1.0),7077,17,2006,204632,
STATSNZ:AGR_AGR_003(1.0),7056,14,2006,12526,
STATSNZ:AGR_AGR_003(1.0),7068,17,2006,2893,
STATSNZ:AGR_AGR_003(1.0),7071,10,2006,111425,
STATSNZ:AGR_AGR_003(1.0),7071,14,2006,436,
STATSNZ:AGR_AGR_003(1.0),7187,3,2006,1438047,
STATSNZ:AGR_AGR_003(1.0),7188,10,2006,160035,
STATSNZ:AGR_AGR_003(1.0),7696,14,2006,20774,
STATSNZ:AGR_AGR_003(1.0),7067,18,2007,1524,
STATSNZ:AGR_AGR_003(1.0),7072,9,2007,15543,
STATSNZ:AGR_AGR_003(1.0),7074,16,2007,89557,
STATSNZ:AGR_AGR_003(1.0),7193,13,2007,23899,
STATSNZ:AGR_AGR_003(1.0),7185,7,2007,4982,
STATSNZ:AGR_AGR_003(1.0),7186,4,2007,1002,
STATSNZ:AGR_AGR_003(1.0),7188,11,2007,3394,
STATSNZ:AGR_AGR_003(1.0),7190,9,2007,60889,
STATSNZ:AGR_AGR_003(1.0),6720,16,2007,56542,
STATSNZ:AGR_AGR_003(1.0),6721,10,2007,12206914,
STATSNZ:AGR_AGR_003(1.0),6721,20,2007,26063325,
STATSNZ:AGR_AGR_003(1.0),6723,7,2007,37337,
STATSNZ:AGR_AGR_003(1.0),6724,4,2007,51475,
STATSNZ:AGR_AGR_003(1.0),6738,11,2007,34231,
STATSNZ:AGR_AGR_003(1.0),6702,2,2007,188255,
STATSNZ:AGR_AGR_003(1.0),7187,13,2008,27100,
STATSNZ:AGR_AGR_003(1.0),6722,8,2008,38423,
STATSNZ:AGR_AGR_003(1.0),6724,16,2008,685725,
STATSNZ:AGR_AGR_003(1.0),6727,20,2008,522422,
STATSNZ:AGR_AGR_003(1.0),6702,14,2008,39009,
STATSNZ:AGR_AGR_003(1.0),7699,11,2008,19307,
STATSNZ:AGR_AGR_003(1.0),7687,2,2008,4814,
STATSNZ:AGR_AGR_003(1.0),7696,9,2008,6611,
STATSNZ:AGR_AGR_003(1.0),7056,4,2009,19956,
STATSNZ:AGR_AGR_003(1.0),7057,1,2009,13760,
STATSNZ:AGR_AGR_003(1.0),7066,20,2009,507998,
STATSNZ:AGR_AGR_003(1.0),7190,15,2009,511300,
STATSNZ:AGR_AGR_003(1.0),6724,19,2009,2255584,
STATSNZ:AGR_AGR_003(1.0),6727,7,2009,1057,
STATSNZ:AGR_AGR_003(1.0),7699,5,2009,22545,
STATSNZ:AGR_AGR_003(1.0),7699,6,2009,73887,
STATSNZ:AGR_AGR_003(1.0),7686,13,2009,1480,
STATSNZ:AGR_AGR_003(1.0),7687,19,2009,393470,
STATSNZ:AGR_AGR_003(1.0),6954,1,2009,6381,
STATSNZ:AGR_AGR_003(1.0),7056,20,2010,964561,
STATSNZ:AGR_AGR_003(1.0),7058,6,2010,18200,
STATSNZ:AGR_AGR_003(1.0),7064,14,2010,5779,
STATSNZ:AGR_AGR_003(1.0),7065,11,2010,1899,
STATSNZ:AGR_AGR_003(1.0),7067,18,2010,2073,
STATSNZ:AGR_AGR_003(1.0),7068,2,2010,1425,
STATSNZ:AGR_AGR_003(1.0),7193,10,2010,3857019,
STATSNZ:AGR_AGR_003(1.0),6738,13,2010,43524,
STATSNZ:AGR_AGR_003(1.0),7686,8,2010,14723,
STATSNZ:AGR_AGR_003(1.0),7688,15,2010,69262,
STATSNZ:AGR_AGR_003(1.0),6949,6,2010,741,
STATSNZ:AGR_AGR_003(1.0),6951,3,2010,1064,
STATSNZ:AGR_AGR_003(1.0),7190,14,2011,129272,
STATSNZ:AGR_AGR_003(1.0),6721,5,2011,936528,
STATSNZ:AGR_AGR_003(1.0),6703,10,2011,12092055,
STATSNZ:AGR_AGR_003(1.0),6702,8,2011,4280779,
STATSNZ:AGR_AGR_003(1.0),7696,3,2011,28874,
STATSNZ:AGR_AGR_003(1.0),6954,10,2011,135757,
STATSNZ:AGR_AGR_003(1.0),7077,18,2012,,c
STATSNZ:AGR_AGR_003(1.0),7058,9,2012,5372,
STATSNZ:AGR_AGR_003(1.0),7065,10,2012,197394,
STATSNZ:AGR_AGR_003(1.0),7065,14,2012,933,
STATSNZ:AGR_AGR_003(1.0),7067,7,2012,11483,
STATSNZ:AGR_AGR_003(1.0),7072,12,2012,,c
STATSNZ:AGR_AGR_003(1.0),7073,9,2012,9324,
STATSNZ:AGR_AGR_003(1.0),6720,5,2012,16089,
STATSNZ:AGR_AGR_003(1.0),6949,9,2012,1612,
STATSNZ:AGR_AGR_003(1.0),6953,16,2012,10033,
STATSNZ:AGR_AGR_003(1.0),7056,2,2013,16678,
STATSNZ:AGR_AGR_003(1.0),7056,3,2013,78051,
STATSNZ:AGR_AGR_003(1.0),7057,10,2013,84289,
STATSNZ:AGR_AGR_003(1.0),7057,20,2013,131073,
STATSNZ:AGR_AGR_003(1.0),7058,19,2013,26612,
STATSNZ:AGR_AGR_003(1.0),7059,7,2013,10722,
STATSNZ:AGR_AGR_003(1.0),7071,2,2013,,s
STATSNZ:AGR_AGR_003(1.0),7190,14,2013,114542,
STATSNZ:AGR_AGR_003(1.0),6721,18,2013,37541,
STATSNZ:AGR_AGR_003(1.0),6724,9,2013,258990,
STATSNZ:AGR_AGR_003(1.0),6727,6,2013,,s
STATSNZ:AGR_AGR_003(1.0),6738,16,2013,431832,
STATSNZ:AGR_AGR_003(1.0),6703,13,2013,321879,
STATSNZ:AGR_AGR_003(1.0),7699,4,2013,38554,
STATSNZ:AGR_AGR_003(1.0),7699,18,2013,0,
STATSNZ:AGR_AGR_003(1.0),7685,1,2013,,s
STATSNZ:AGR_AGR_003(1.0),7686,12,2013,0,
STATSNZ:AGR_AGR_003(1.0),7687,8,2013,34120,
STATSNZ:AGR_AGR_003(1.0),7687,9,2013,8193,
STATSNZ:AGR_AGR_003(1.0),7696,16,2013,62368,
STATSNZ:AGR_AGR_003(1.0),6951,7,2013,114,
STATSNZ:AGR_AGR_003(1.0),6953,4,2013,2746,
STATSNZ:AGR_AGR_003(1.0),7810,11,2013,946,
STATSNZ:AGR_AGR_003(1.0),7077,10,2014,2604422,
STATSNZ:AGR_AGR_003(1.0),7188,11,2014,10204,
STATSNZ:AGR_AGR_003(1.0),6723,6,2014,233746,
STATSNZ:AGR_AGR_003(1.0),6727,14,2014,172,
STATSNZ:AGR_AGR_003(1.0),6702,1,2014,227253,
STATSNZ:AGR_AGR_003(1.0),7685,9,2014,2089,
STATSNZ:AGR_AGR_003(1.0),7686,6,2014,11991,
STATSNZ:AGR_AGR_003(1.0),6949,4,2014,315,
STATSNZ:AGR_AGR_003(1.0),7077,12,2015,2490,
STATSNZ:AGR_AGR_003(1.0),7066,18,2015,577,
STATSNZ:AGR_AGR_003(1.0),7067,1,2015,30956,
STATSNZ:AGR_AGR_003(1.0),7067,15,2015,48902,
STATSNZ:AGR_AGR_003(1.0),7186,1,2015,1897,
STATSNZ:AGR_AGR_003(1.0),6720,20,2015,290187,
STATSNZ:AGR_AGR_003(1.0),6949,3,2015,4467,
STATSNZ:AGR_AGR_003(1.0),6953,19,2015,145362,
STATSNZ:AGR_AGR_003(1.0),6955,7,2015,35637,
STATSNZ:AGR_AGR_003(1.0),7077,19,2016,1024240,
STATSNZ:AGR_AGR_003(1.0),7057,17,2016,10714,
STATSNZ:AGR_AGR_003(1.0),7057,18,2016,157,
STATSNZ:AGR_AGR_003(1.0),7066,16,2016,18579,
STATSNZ:AGR_AGR_003(1.0),7067,13,2016,3955,
STATSNZ:AGR_AGR_003(1.0),7067,20,2016,370479,
STATSNZ:AGR_AGR_003(1.0),7193,8,2016,524295,
STATSNZ:AGR_AGR_003(1.0),7186,20,2016,63263,
STATSNZ:AGR_AGR_003(1.0),6949,1,2016,,c
STATSNZ:AGR_AGR_003(1.0),6953,8,2016,20584,
STATSNZ:AGR_AGR_003(1.0),6955,5,2016,640,
STATSNZ:AGR_AGR_003(1.0),7810,15,2016,6781,
STATSNZ:AGR_AGR_003(1.0),7064,2,2017,17083,
STATSNZ:AGR_AGR_003(1.0),7187,18,2017,40,
STATSNZ:AGR_AGR_003(1.0),6720,6,2017,24463,
STATSNZ:AGR_AGR_003(1.0),6722,13,2017,8180,
STATSNZ:AGR_AGR_003(1.0),6727,18,2017,629,
STATSNZ:AGR_AGR_003(1.0),6738,1,2017,45952,
STATSNZ:AGR_AGR_003(1.0),6701,8,2017,222719,
STATSNZ:AGR_AGR_003(1.0),6701,9,2017,75051,
STATSNZ:AGR_AGR_003(1.0),7699,16,2017,115730,
STATSNZ:AGR_AGR_003(1.0),7685,13,2017,1316,
STATSNZ:AGR_AGR_003(1.0),7688,4,2017,6761,
STATSNZ:AGR_AGR_003(1.0),7696,1,2017,952,
STATSNZ:AGR_AGR_003(1.0),6955,20,2017,614787,
STATSNZ:AGR_AGR_003(1.0),7064,11,2018,4410,
STATSNZ:AGR_AGR_003(1.0),7068,20,2018,85992,
STATSNZ:AGR_AGR_003(1.0),7072,6,2018,48990,
STATSNZ:AGR_AGR_003(1.0),7073,3,2018,42586,
STATSNZ:AGR_AGR_003(1.0),7074,14,2018,7604,
STATSNZ:AGR_AGR_003(1.0),7193,11,2018,77694,
STATSNZ:AGR_AGR_003(1.0),7186,1,2018,3299,
STATSNZ:AGR_AGR_003(1.0),7186,2,2018,,s
STATSNZ:AGR_AGR_003(1.0),7188,9,2018,5414,
STATSNZ:AGR_AGR_003(1.0),7190,6,2018,47753,
STATSNZ:AGR_AGR_003(1.0),6724,1,2018,43539,
STATSNZ:AGR_AGR_003(1.0),6949,17,2018,,s
STATSNZ:AGR_AGR_003(1.0),6955,8,2018,41684,
STATSNZ:AGR_AGR_003(1.0),7077,4,2019,106802,
STATSNZ:AGR_AGR_003(1.0),7057,11,2019,,s
STATSNZ:AGR_AGR_003(1.0),7064,2,2019,17198,
STATSNZ:AGR_AGR_003(1.0),7071,10,2019,75941,
STATSNZ:AGR_AGR_003(1.0),7071,14,2019,,s
STATSNZ:AGR_AGR_003(1.0),7074,5,2019,75754,
STATSNZ:AGR_AGR_003(1.0),7193,2,2019,123504,
STATSNZ:AGR_AGR_003(1.0),7188,10,2019,224994,
STATSNZ:AGR_AGR_003(1.0),6954,11,2019,,s
STATSNZ:AGR_AGR_003(1.0),6953,2,2019,9236,
STATSNZ:AGR_AGR_003(1.0),6955,20,2019,643750,
STATSNZ:AGR_AGR_003(1.0),7810,9,2019,,s
STATSNZ:AGR_AGR_003(1.0),7077,15,2020,559234,
STATSNZ:AGR_AGR_003(1.0),7056,20,2020,894165,
STATSNZ:AGR_AGR_003(1.0),7058,6,2020,14791,
STATSNZ:AGR_AGR_003(1.0),7059,3,2020,48195,
STATSNZ:AGR_AGR_003(1.0),7064,13,2020,8940,
STATSNZ:AGR_AGR_003(1.0),7065,19,2020,47106,
STATSNZ:AGR_AGR_003(1.0),7068,1,2020,5293,
STATSNZ:AGR_AGR_003(1.0),6720,17,2020,32876,
STATSNZ:AGR_AGR_003(1.0),6724,5,2020,190228,
STATSNZ:AGR_AGR_003(1.0),6727,15,2020,99725,
STATSNZ:AGR_AGR_003(1.0),6738,12,2020,,s
STATSNZ:AGR_AGR_003(1.0),6702,3,2020,1205369,
STATSNZ:AGR_AGR_003(1.0),6702,17,2020,3331086,
STATSNZ:AGR_AGR_003(1.0),7699,10,2020,251419,
STATSNZ:AGR_AGR_003(1.0),7686,7,2020,540,
STATSNZ:AGR_AGR_003(1.0),7686,8,2020,8785,
STATSNZ:AGR_AGR_003(1.0),7688,15,2020,45070,
STATSNZ:AGR_AGR_003(1.0),7696,12,2020,0,
STATSNZ:AGR_AGR_003(1.0),6951,3,2020,464,
STATSNZ:AGR_AGR_003(1.0),7077,17,2021,198244,
STATSNZ:AGR_AGR_003(1.0),7056,13,2021,23615,
STATSNZ:AGR_AGR_003(1.0),7056,14,2021,7365,
STATSNZ:AGR_AGR_003(1.0),7065,12,2021,,s
STATSNZ:AGR_AGR_003(1.0),7066,9,2021,18890,
STATSNZ:AGR_AGR_003(1.0),7074,4,2021,22036,
STATSNZ:AGR_AGR_003(1.0),6702,18,2021,,s
STATSNZ:AGR_AGR_003(1.0),7699,15,2021,262813,
STATSNZ:AGR_AGR_003(1.0),6951,4,2021,4,
STATSNZ:AGR_AGR_003(1.0),6951,18,2021,0,
STATSNZ:AGR_AGR_003(1.0),6953,1,2021,2733,
STATSNZ:AGR_AGR_003(1.0),7057,5,2022,9271,
STATSNZ:AGR_AGR_003(1.0),7059,13,2022,4099,
STATSNZ:AGR_AGR_003(1.0),7068,11,2022,1024,
STATSNZ:AGR_AGR_003(1.0),7071,8,2022,10385,
STATSNZ:AGR_AGR_003(1.0),7073,1,2022,35530,
STATSNZ:AGR_AGR_003(1.0),7184,6,2022,15795,
STATSNZ:AGR_AGR_003(1.0),7686,17,2022,39403,
STATSNZ:AGR_AGR_003(1.0),7687,14,2022,6495,
STATSNZ:AGR_AGR_003(1.0),6954,5,2022,87,
STATSNZ:AGR_AGR_003(1.0),6951,12,2022,0,
STATSNZ:AGR_AGR_003(1.0),7810,3,2022,10943,
STATSNZ:AGR_AGR_003(1.0),7810,17,2022,1636,
STATSNZ:AGR_AGR_003(1.0),7077,9,2023,134831,
STATSNZ:AGR_AGR_003(1.0),7058,10,2023,105899,
STATSNZ:AGR_AGR_003(1.0),7064,7,2023,14164,
STATSNZ:AGR_AGR_003(1.0),7065,4,2023,,s
STATSNZ:AGR_AGR_003(1.0),6720,11,2023,1943,
STATSNZ:AGR_AGR_003(1.0),6722,18,2023,0,
STATSNZ:AGR_AGR_003(1.0),6723,15,2023,298968,
STATSNZ:AGR_AGR_003(1.0),6727,9,2023,783,
STATSNZ:AGR_AGR_003(1.0),6738,6,2023,542379,
STATSNZ:AGR_AGR_003(1.0),6701,13,2023,18664,
STATSNZ:AGR_AGR_003(1.0),6701,14,2023,,s
STATSNZ:AGR_AGR_003(1.0),7685,18,2023,0,
STATSNZ:AGR_AGR_003(1.0),7686,1,2023,,s
STATSNZ:AGR_AGR_003(1.0),7688,9,2023,,s
STATSNZ:AGR_AGR_003(1.0),7696,6,2023,16751,
STATSNZ:AGR_AGR_003(1.0),6949,13,2023,14,
STATSNZ:AGR_AGR_003(1.0),6955,4,2023,,s
STATSNZ:AGR_AGR_003(1.0),7056,4,2024,17495,
STATSNZ:AGR_AGR_003(1.0),7056,5,2024,69841,
STATSNZ:AGR_AGR_003(1.0),7057,1,2024,9643,
STATSNZ:AGR_AGR_003(1.0),7058,12,2024,91,
STATSNZ:AGR_AGR_003(1.0),7059,9,2024,10661,
STATSNZ:AGR_AGR_003(1.0),7066,10,2024,284320,
STATSNZ:AGR_AGR_003(1.0),7071,4,2024,,s
STATSNZ:AGR_AGR_003(1.0),6724,11,2024,38455,
STATSNZ:AGR_AGR_003(1.0),6738,18,2024,11469,
STATSNZ:AGR_AGR_003(1.0),6703,15,2024,3122447,
STATSNZ:AGR_AGR_003(1.0),6701,20,2024,1222165,
STATSNZ:AGR_AGR_003(1.0),7699,6,2024,59061,
STATSNZ:AGR_AGR_003(1.0),7685,3,2024,4170,
STATSNZ:AGR_AGR_003(1.0),7686,14,2024,2340,
STATSNZ:AGR_AGR_003(1.0),7687,11,2024,5396,
STATSNZ:AGR_AGR_003(1.0),7687,19,2024,221228,
STATSNZ:AGR_AGR_003(1.0),7696,18,2024,0,
STATSNZ:AGR_AGR_003(1.0),6954,1,2024,3099,
STATSNZ:AGR_AGR_003(1.0),6954,2,2024,10868,
STATSNZ:AGR_AGR_003(1.0),6951,9,2024,65,
STATSNZ:AGR_AGR_003(1.0),6953,6,2024,5188,
STATSNZ:AGR_AGR_003(1.0),7810,13,2024,275,
STATSNZ:AGR_AGR_003(1.0),6731,19,1994,26846103,
STATSNZ:AGR_AGR_003(1.0),6703,4,1994,436279,
STATSNZ:AGR_AGR_003(1.0),7187,4,1994,223059,
STATSNZ:AGR_AGR_003(1.0),6738,9,1994,149670,
STATSNZ:AGR_AGR_003(1.0),7190,15,1994,123797,
STATSNZ:AGR_AGR_003(1.0),6723,3,1994,117045,
STATSNZ:AGR_AGR_003(1.0),6723,7,1994,31566,
STATSNZ:AGR_AGR_003(1.0),7186,9,1994,233,
STATSNZ:AGR_AGR_003(1.0),6722,12,1994,116,
STATSNZ:AGR_AGR_003(1.0),6702,8,2002,5179006,
STATSNZ:AGR_AGR_003(1.0),6731,3,2002,2592399,
STATSNZ:AGR_AGR_003(1.0),7077,6,2002,555989,
STATSNZ:AGR_AGR_003(1.0),6738,6,2002,499934,
STATSNZ:AGR_AGR_003(1.0),7188,10,2002,165427,
STATSNZ:AGR_AGR_003(1.0),6701,17,2002,152637,
STATSNZ:AGR_AGR_003(1.0),6721,14,2002,63688,
STATSNZ:AGR_AGR_003(1.0),6702,12,2002,8385,
STATSNZ:AGR_AGR_003(1.0),7059,7,2002,7682,
STATSNZ:AGR_AGR_003(1.0),6722,9,2002,6836,
STATSNZ:AGR_AGR_003(1.0),7056,18,2002,3854,
STATSNZ:AGR_AGR_003(1.0),6727,11,2002,3014,
STATSNZ:AGR_AGR_003(1.0),6721,19,2003,14857449,
STATSNZ:AGR_AGR_003(1.0),6723,4,2003,28204,
STATSNZ:AGR_AGR_003(1.0),6724,20,2003,5563982,
STATSNZ:AGR_AGR_003(1.0),6955,4,2003,24985,
STATSNZ:AGR_AGR_003(1.0),7072,2,2003,5364,
STATSNZ:AGR_AGR_003(1.0),7184,16,2003,33185,
STATSNZ:AGR_AGR_003(1.0),7184,20,2003,966909,
STATSNZ:AGR_AGR_003(1.0),7187,1,2003,280623,
STATSNZ:AGR_AGR_003(1.0),7187,5,2003,4902,
STATSNZ:AGR_AGR_003(1.0),7193,4,2003,326885,
STATSNZ:AGR_AGR_003(1.0),7056,16,2004,90189,
STATSNZ:AGR_AGR_003(1.0),7057,11,2004,1714,
STATSNZ:AGR_AGR_003(1.0),7064,13,2004,9544,
STATSNZ:AGR_AGR_003(1.0),7064,17,2004,35988,
STATSNZ:AGR_AGR_003(1.0),7065,8,2004,54061,
STATSNZ:AGR_AGR_003(1.0),7068,19,2004,19475,
STATSNZ:AGR_AGR_003(1.0),7071,5,2004,9668,
STATSNZ:AGR_AGR_003(1.0),7073,16,2004,7932,
STATSNZ:AGR_AGR_003(1.0),7073,20,2004,344836,
STATSNZ:AGR_AGR_003(1.0),6703,20,2004,31853940,
STATSNZ:AGR_AGR_003(1.0),7699,1,2004,16746,
STATSNZ:AGR_AGR_003(1.0),7688,15,2004,94164,
STATSNZ:AGR_AGR_003(1.0),7696,19,2004,465233,
STATSNZ:AGR_AGR_003(1.0),6949,4,2004,1106,
STATSNZ:AGR_AGR_003(1.0),6951,20,2004,7266,
STATSNZ:AGR_AGR_003(1.0),6953,7,2004,17848,
STATSNZ:AGR_AGR_003(1.0),7073,11,2005,2539,
STATSNZ:AGR_AGR_003(1.0),7184,17,2005,57251,
STATSNZ:AGR_AGR_003(1.0),7188,19,2005,58158,
STATSNZ:AGR_AGR_003(1.0),6720,16,2005,58939,
STATSNZ:AGR_AGR_003(1.0),6720,20,2005,382371,
STATSNZ:AGR_AGR_003(1.0),6721,11,2005,210455,
STATSNZ:AGR_AGR_003(1.0),6724,13,2005,97597,
STATSNZ:AGR_AGR_003(1.0),6949,20,2005,36931,
STATSNZ:AGR_AGR_003(1.0),6955,1,2005,16753,
STATSNZ:AGR_AGR_003(1.0),7193,15,2006,655676,
STATSNZ:AGR_AGR_003(1.0),7184,19,2006,231020,
STATSNZ:AGR_AGR_003(1.0),7187,16,2006,144828,
STATSNZ:AGR_AGR_003(1.0),7187,20,2006,4137697,
STATSNZ:AGR_AGR_003(1.0),6720,9,2006,18071,
STATSNZ:AGR_AGR_003(1.0),6721,4,2006,256930,
STATSNZ:AGR_AGR_003(1.0),6723,15,2006,450067,
STATSNZ:AGR_AGR_003(1.0),6724,19,2006,2814308,
STATSNZ:AGR_AGR_003(1.0),6703,12,2006,13603,
STATSNZ:AGR_AGR_003(1.0),7685,13,2006,2133,
STATSNZ:AGR_AGR_003(1.0),7056,19,2007,344355,
STATSNZ:AGR_AGR_003(1.0),7057,5,2007,11856,
STATSNZ:AGR_AGR_003(1.0),7064,7,2007,16326,
STATSNZ:AGR_AGR_003(1.0),7065,2,2007,13367,
STATSNZ:AGR_AGR_003(1.0),7068,4,2007,2393,
STATSNZ:AGR_AGR_003(1.0),7071,16,2007,1284,
STATSNZ:AGR_AGR_003(1.0),7071,20,2007,128112,
STATSNZ:AGR_AGR_003(1.0),7073,19,2007,83003,
STATSNZ:AGR_AGR_003(1.0),7074,5,2007,86686,
STATSNZ:AGR_AGR_003(1.0),6703,6,2007,3213097,
STATSNZ:AGR_AGR_003(1.0),7685,7,2007,676,
STATSNZ:AGR_AGR_003(1.0),7688,9,2007,3764,
STATSNZ:AGR_AGR_003(1.0),7696,4,2007,19969,
STATSNZ:AGR_AGR_003(1.0),6949,15,2007,21929,
STATSNZ:AGR_AGR_003(1.0),6951,19,2007,4513,
STATSNZ:AGR_AGR_003(1.0),7077,13,2008,56859,
STATSNZ:AGR_AGR_003(1.0),7074,20,2008,978079,
STATSNZ:AGR_AGR_003(1.0),7185,1,2008,3730,
STATSNZ:AGR_AGR_003(1.0),7186,13,2008,118,
STATSNZ:AGR_AGR_003(1.0),7188,7,2008,23914,
STATSNZ:AGR_AGR_003(1.0),7190,2,2008,67471,
STATSNZ:AGR_AGR_003(1.0),6722,16,2008,59505,
STATSNZ:AGR_AGR_003(1.0),6722,20,2008,310820,
STATSNZ:AGR_AGR_003(1.0),6727,1,2008,1933,
STATSNZ:AGR_AGR_003(1.0),6738,13,2008,42358,
STATSNZ:AGR_AGR_003(1.0),6702,15,2008,5082487,
STATSNZ:AGR_AGR_003(1.0),7077,19,2009,1204242,
STATSNZ:AGR_AGR_003(1.0),7058,20,2009,169664,
STATSNZ:AGR_AGR_003(1.0),6720,6,2009,33308,
STATSNZ:AGR_AGR_003(1.0),6721,1,2009,265552,
STATSNZ:AGR_AGR_003(1.0),6724,3,2009,267508,
STATSNZ:AGR_AGR_003(1.0),6727,15,2009,152175,
STATSNZ:AGR_AGR_003(1.0),6701,10,2009,386845,
STATSNZ:AGR_AGR_003(1.0),6954,15,2009,163878,
STATSNZ:AGR_AGR_003(1.0),7064,20,2010,489122,
STATSNZ:AGR_AGR_003(1.0),7068,10,2010,48613,
STATSNZ:AGR_AGR_003(1.0),7071,8,2010,9260,
STATSNZ:AGR_AGR_003(1.0),7074,14,2010,10822,
STATSNZ:AGR_AGR_003(1.0),7190,13,2010,16624,
STATSNZ:AGR_AGR_003(1.0),7190,17,2010,361508,
STATSNZ:AGR_AGR_003(1.0),7810,4,2010,2085,
STATSNZ:AGR_AGR_003(1.0),7077,7,2011,118632,
STATSNZ:AGR_AGR_003(1.0),7188,1,2011,28642,
STATSNZ:AGR_AGR_003(1.0),6721,15,2011,3315338,
STATSNZ:AGR_AGR_003(1.0),6722,6,2011,19057,
STATSNZ:AGR_AGR_003(1.0),6738,7,2011,48380,
STATSNZ:AGR_AGR_003(1.0),6702,9,2011,1301281,
STATSNZ:AGR_AGR_003(1.0),7686,15,2011,69226,
STATSNZ:AGR_AGR_003(1.0),7687,19,2011,378966,
STATSNZ:AGR_AGR_003(1.0),7056,4,2012,18327,
STATSNZ:AGR_AGR_003(1.0),7057,20,2012,148404,
STATSNZ:AGR_AGR_003(1.0),7187,4,2012,237053,
STATSNZ:AGR_AGR_003(1.0),7187,10,2012,3110071,
STATSNZ:AGR_AGR_003(1.0),6731,6,2012,3262468,
STATSNZ:AGR_AGR_003(1.0),6720,1,2012,5545,
STATSNZ:AGR_AGR_003(1.0),6720,18,2012,409,
STATSNZ:AGR_AGR_003(1.0),6723,3,2012,184662,
STATSNZ:AGR_AGR_003(1.0),6724,15,2012,813740,
STATSNZ:AGR_AGR_003(1.0),6738,9,2012,193082,
STATSNZ:AGR_AGR_003(1.0),6703,4,2012,291569,
STATSNZ:AGR_AGR_003(1.0),6703,10,2012,12219337,
STATSNZ:AGR_AGR_003(1.0),6701,12,2012,317,
STATSNZ:AGR_AGR_003(1.0),7685,14,2012,1560,
STATSNZ:AGR_AGR_003(1.0),7685,18,2012,0,
STATSNZ:AGR_AGR_003(1.0),7056,16,2013,91143,
STATSNZ:AGR_AGR_003(1.0),7056,20,2013,887939,
STATSNZ:AGR_AGR_003(1.0),7059,1,2013,33619,
STATSNZ:AGR_AGR_003(1.0),7059,18,2013,504,
STATSNZ:AGR_AGR_003(1.0),7064,13,2013,8694,
STATSNZ:AGR_AGR_003(1.0),7067,15,2013,62276,
STATSNZ:AGR_AGR_003(1.0),7068,19,2013,22384,
STATSNZ:AGR_AGR_003(1.0),7072,4,2013,3517,
STATSNZ:AGR_AGR_003(1.0),7073,16,2013,12829,
STATSNZ:AGR_AGR_003(1.0),7073,20,2013,266055,
STATSNZ:AGR_AGR_003(1.0),7184,18,2013,0,
STATSNZ:AGR_AGR_003(1.0),7185,13,2013,,c
STATSNZ:AGR_AGR_003(1.0),6738,10,2013,1668908,
STATSNZ:AGR_AGR_003(1.0),6702,6,2013,2270403,
STATSNZ:AGR_AGR_003(1.0),7699,1,2013,4744,
STATSNZ:AGR_AGR_003(1.0),7687,3,2013,36119,
STATSNZ:AGR_AGR_003(1.0),7688,15,2013,57778,
STATSNZ:AGR_AGR_003(1.0),6954,9,2013,,c
STATSNZ:AGR_AGR_003(1.0),6949,4,2013,487,
STATSNZ:AGR_AGR_003(1.0),6949,10,2013,10985,
STATSNZ:AGR_AGR_003(1.0),7810,14,2013,173,
STATSNZ:AGR_AGR_003(1.0),7810,18,2013,,c
STATSNZ:AGR_AGR_003(1.0),7077,1,2014,349850,
STATSNZ:AGR_AGR_003(1.0),7077,18,2014,9926,
STATSNZ:AGR_AGR_003(1.0),7056,13,2014,26037,
STATSNZ:AGR_AGR_003(1.0),7190,7,2014,369310,
STATSNZ:AGR_AGR_003(1.0),6721,9,2014,990729,
STATSNZ:AGR_AGR_003(1.0),6722,4,2014,2064,
STATSNZ:AGR_AGR_003(1.0),6727,6,2014,940,
STATSNZ:AGR_AGR_003(1.0),6738,1,2014,42411,
STATSNZ:AGR_AGR_003(1.0),6702,3,2014,1421266,
STATSNZ:AGR_AGR_003(1.0),7699,15,2014,253234,
STATSNZ:AGR_AGR_003(1.0),7686,9,2014,4172,
STATSNZ:AGR_AGR_003(1.0),7687,4,2014,16843,
STATSNZ:AGR_AGR_003(1.0),7056,15,2015,121480,
STATSNZ:AGR_AGR_003(1.0),7057,19,2015,48141,
STATSNZ:AGR_AGR_003(1.0),7187,11,2015,59218,
STATSNZ:AGR_AGR_003(1.0),6731,10,2015,14511616,
STATSNZ:AGR_AGR_003(1.0),6720,12,2015,111,
STATSNZ:AGR_AGR_003(1.0),6723,14,2015,2597,
STATSNZ:AGR_AGR_003(1.0),6724,9,2015,233763,
STATSNZ:AGR_AGR_003(1.0),6703,15,2015,3641615,
STATSNZ:AGR_AGR_003(1.0),7685,8,2015,5706,
STATSNZ:AGR_AGR_003(1.0),7688,14,2015,4963,
STATSNZ:AGR_AGR_003(1.0),7696,9,2015,7935,
STATSNZ:AGR_AGR_003(1.0),7056,13,2016,22883,
STATSNZ:AGR_AGR_003(1.0),7057,4,2016,3112,
STATSNZ:AGR_AGR_003(1.0),7057,8,2016,20085,
STATSNZ:AGR_AGR_003(1.0),7188,4,2016,15771,
STATSNZ:AGR_AGR_003(1.0),6720,19,2016,129577,
STATSNZ:AGR_AGR_003(1.0),6723,12,2016,48,
STATSNZ:AGR_AGR_003(1.0),6724,7,2016,70978,
STATSNZ:AGR_AGR_003(1.0),6738,18,2016,10659,
STATSNZ:AGR_AGR_003(1.0),6703,13,2016,295314,
STATSNZ:AGR_AGR_003(1.0),7685,6,2016,11146,
STATSNZ:AGR_AGR_003(1.0),7688,12,2016,0,
STATSNZ:AGR_AGR_003(1.0),7696,7,2016,,s
STATSNZ:AGR_AGR_003(1.0),7058,13,2017,1603,
STATSNZ:AGR_AGR_003(1.0),7058,17,2017,3469,
STATSNZ:AGR_AGR_003(1.0),7065,2,2017,9194,
STATSNZ:AGR_AGR_003(1.0),7066,14,2017,2393,
STATSNZ:AGR_AGR_003(1.0),7071,16,2017,3801,
STATSNZ:AGR_AGR_003(1.0),6721,2,2017,163245,
STATSNZ:AGR_AGR_003(1.0),6701,1,2017,16018,
STATSNZ:AGR_AGR_003(1.0),7685,7,2017,1208,
STATSNZ:AGR_AGR_003(1.0),7686,2,2017,1924,
STATSNZ:AGR_AGR_003(1.0),7696,4,2017,11786,
STATSNZ:AGR_AGR_003(1.0),6954,16,2017,11576,
STATSNZ:AGR_AGR_003(1.0),6954,20,2017,273860,
STATSNZ:AGR_AGR_003(1.0),6951,19,2017,3368,
STATSNZ:AGR_AGR_003(1.0),6953,5,2017,107,
STATSNZ:AGR_AGR_003(1.0),7077,12,2018,1107,
STATSNZ:AGR_AGR_003(1.0),7058,14,2018,266,
STATSNZ:AGR_AGR_003(1.0),7059,9,2018,12148,
STATSNZ:AGR_AGR_003(1.0),7066,11,2018,4626,
STATSNZ:AGR_AGR_003(1.0),7067,6,2018,33451,
STATSNZ:AGR_AGR_003(1.0),7071,10,2018,83077,
STATSNZ:AGR_AGR_003(1.0),7071,17,2018,,s
STATSNZ:AGR_AGR_003(1.0),7184,9,2018,12233,
STATSNZ:AGR_AGR_003(1.0),6701,2,2018,16492,
STATSNZ:AGR_AGR_003(1.0),7686,16,2018,23677,
STATSNZ:AGR_AGR_003(1.0),7686,20,2018,187827,
STATSNZ:AGR_AGR_003(1.0),7687,11,2018,,s
STATSNZ:AGR_AGR_003(1.0),7696,5,2018,,s
STATSNZ:AGR_AGR_003(1.0),6954,10,2018,81424,
STATSNZ:AGR_AGR_003(1.0),6949,8,2018,1601,
STATSNZ:AGR_AGR_003(1.0),6955,14,2018,,s
STATSNZ:AGR_AGR_003(1.0),6955,19,2018,463511,
STATSNZ:AGR_AGR_003(1.0),7810,5,2018,1257,
STATSNZ:AGR_AGR_003(1.0),7057,2,2019,,s
STATSNZ:AGR_AGR_003(1.0),7064,4,2019,12594,
STATSNZ:AGR_AGR_003(1.0),7068,18,2019,,s
STATSNZ:AGR_AGR_003(1.0),6720,4,2019,2735,
STATSNZ:AGR_AGR_003(1.0),6724,18,2019,,s
STATSNZ:AGR_AGR_003(1.0),6738,12,2019,,s
STATSNZ:AGR_AGR_003(1.0),6703,3,2019,1466774,
STATSNZ:AGR_AGR_003(1.0),6703,7,2019,393153,
STATSNZ:AGR_AGR_003(1.0),7685,17,2019,,s
STATSNZ:AGR_AGR_003(1.0),7686,12,2019,0,
STATSNZ:AGR_AGR_003(1.0),7688,6,2019,,s
STATSNZ:AGR_AGR_003(1.0),7696,1,2019,,s
STATSNZ:AGR_AGR_003(1.0),7696,18,2019,0,
STATSNZ:AGR_AGR_003(1.0),7066,5,2020,25175,
STATSNZ:AGR_AGR_003(1.0),7067,10,2020,285831,
STATSNZ:AGR_AGR_003(1.0),7071,11,2020,,s
STATSNZ:AGR_AGR_003(1.0),7072,6,2020,43295,
STATSNZ:AGR_AGR_003(1.0),7193,8,2020,436747,
STATSNZ:AGR_AGR_003(1.0),7184,3,2020,219646,
STATSNZ:AGR_AGR_003(1.0),7186,14,2020,1415,
STATSNZ:AGR_AGR_003(1.0),7187,5,2020,,s
STATSNZ:AGR_AGR_003(1.0),7187,9,2020,77045,
STATSNZ:AGR_AGR_003(1.0),7188,17,2020,,s
STATSNZ:AGR_AGR_003(1.0),6721,14,2020,,s
STATSNZ:AGR_AGR_003(1.0),6723,8,2020,343232,
STATSNZ:AGR_AGR_003(1.0),6953,13,2020,,s
STATSNZ:AGR_AGR_003(1.0),6955,8,2020,40914,
STATSNZ:AGR_AGR_003(1.0),7077,5,2021,261018,
STATSNZ:AGR_AGR_003(1.0),7057,20,2021,175454,
STATSNZ:AGR_AGR_003(1.0),7065,13,2021,,s
STATSNZ:AGR_AGR_003(1.0),7188,20,2021,371628,
STATSNZ:AGR_AGR_003(1.0),6720,1,2021,2928,
STATSNZ:AGR_AGR_003(1.0),6721,13,2021,275300,
STATSNZ:AGR_AGR_003(1.0),6724,15,2021,745776,
STATSNZ:AGR_AGR_003(1.0),6727,19,2021,194303,
STATSNZ:AGR_AGR_003(1.0),6703,4,2021,,s
STATSNZ:AGR_AGR_003(1.0),6701,12,2021,111,
STATSNZ:AGR_AGR_003(1.0),6702,7,2021,375830,
STATSNZ:AGR_AGR_003(1.0),7685,18,2021,0,
STATSNZ:AGR_AGR_003(1.0),7686,13,2021,1401,
STATSNZ:AGR_AGR_003(1.0),7056,18,2022,5370,
STATSNZ:AGR_AGR_003(1.0),7057,9,2022,5700,
STATSNZ:AGR_AGR_003(1.0),7057,13,2022,2958,
STATSNZ:AGR_AGR_003(1.0),7064,15,2022,83882,
STATSNZ:AGR_AGR_003(1.0),7065,19,2022,46421,
STATSNZ:AGR_AGR_003(1.0),7066,18,2022,294,
STATSNZ:AGR_AGR_003(1.0),7068,12,2022,,s
STATSNZ:AGR_AGR_003(1.0),6703,14,2022,29186,
STATSNZ:AGR_AGR_003(1.0),6703,18,2022,40866,
STATSNZ:AGR_AGR_003(1.0),7699,3,2022,45802,
STATSNZ:AGR_AGR_003(1.0),7688,10,2022,40380,
STATSNZ:AGR_AGR_003(1.0),7688,17,2022,32120,
STATSNZ:AGR_AGR_003(1.0),7696,12,2022,0,
STATSNZ:AGR_AGR_003(1.0),6951,14,2022,0,
STATSNZ:AGR_AGR_003(1.0),7071,5,2023,,s
STATSNZ:AGR_AGR_003(1.0),7072,10,2023,192516,
STATSNZ:AGR_AGR_003(1.0),7193,2,2023,96993,
STATSNZ:AGR_AGR_003(1.0),7184,14,2023,23729,
STATSNZ:AGR_AGR_003(1.0),7187,3,2023,1323939,
STATSNZ:AGR_AGR_003(1.0),7187,20,2023,4625229,
STATSNZ:AGR_AGR_003(1.0),6720,13,2023,5251,
STATSNZ:AGR_AGR_003(1.0),6721,8,2023,2814001,
STATSNZ:AGR_AGR_003(1.0),6723,2,2023,11324,
STATSNZ:AGR_AGR_003(1.0),6724,14,2023,2110,
STATSNZ:AGR_AGR_003(1.0),6953,7,2023,9847,
STATSNZ:AGR_AGR_003(1.0),6955,2,2023,24988,
STATSNZ:AGR_AGR_003(1.0),7058,13,2024,1327,
STATSNZ:AGR_AGR_003(1.0),7058,17,2024,,s
STATSNZ:AGR_AGR_003(1.0),7066,14,2024,,s
STATSNZ:AGR_AGR_003(1.0),6720,7,2024,,s
STATSNZ:AGR_AGR_003(1.0),6721,2,2024,,s
STATSNZ:AGR_AGR_003(1.0),6723,13,2024,16299,
STATSNZ:AGR_AGR_003(1.0),6724,8,2024,690825,
STATSNZ:AGR_AGR_003(1.0),6701,1,2024,11745,
STATSNZ:AGR_AGR_003(1.0),7685,7,2024,,s
STATSNZ:AGR_AGR_003(1.0),7686,2,2024,1606,
STATSNZ:AGR_AGR_003(1.0),6954,16,2024,3870,
STATSNZ:AGR_AGR_003(1.0),6951,19,2024,4023,
STATSNZ:AGR_AGR_003(1.0),7077,9,1994,212679,
STATSNZ:AGR_AGR_003(1.0),7696,15,1994,78488,
STATSNZ:AGR_AGR_003(1.0),7687,8,1994,58379,
STATSNZ:AGR_AGR_003(1.0),7193,11,1994,49092,
STATSNZ:AGR_AGR_003(1.0),7685,1,1994,3168,
STATSNZ:AGR_AGR_003(1.0),7685,18,1994,32,
STATSNZ:AGR_AGR_003(1.0),7184,3,2002,306594,
STATSNZ:AGR_AGR_003(1.0),7686,19,2002,209734,
STATSNZ:AGR_AGR_003(1.0),7688,10,2002,108433,
STATSNZ:AGR_AGR_003(1.0),7056,1,2002,105805,
STATSNZ:AGR_AGR_003(1.0),7072,6,2002,72435,
STATSNZ:AGR_AGR_003(1.0),7066,5,2002,27076,
STATSNZ:AGR_AGR_003(1.0),7064,2,2002,24542,
STATSNZ:AGR_AGR_003(1.0),7058,8,2002,18370,
STATSNZ:AGR_AGR_003(1.0),7068,16,2002,4967,
STATSNZ:AGR_AGR_003(1.0),7186,19,2002,3446,
STATSNZ:AGR_AGR_003(1.0),6954,11,2002,761,
STATSNZ:AGR_AGR_003(1.0),7068,12,2002,21,
STATSNZ:AGR_AGR_003(1.0),6738,2,2003,62935,
STATSNZ:AGR_AGR_003(1.0),6954,7,2003,17487,
STATSNZ:AGR_AGR_003(1.0),7056,14,2003,11737,
STATSNZ:AGR_AGR_003(1.0),7058,8,2003,17579,
STATSNZ:AGR_AGR_003(1.0),7064,15,2003,74858,
STATSNZ:AGR_AGR_003(1.0),7066,5,2003,31114,
STATSNZ:AGR_AGR_003(1.0),7686,19,2003,218932,
STATSNZ:AGR_AGR_003(1.0),7688,10,2003,116990,
STATSNZ:AGR_AGR_003(1.0),7688,17,2003,61235,
STATSNZ:AGR_AGR_003(1.0),7699,3,2003,139824,
STATSNZ:AGR_AGR_003(1.0),7072,10,2004,292208,
STATSNZ:AGR_AGR_003(1.0),7184,14,2004,21545,
STATSNZ:AGR_AGR_003(1.0),6731,1,2004,494357,
STATSNZ:AGR_AGR_003(1.0),6721,8,2004,4277747,
STATSNZ:AGR_AGR_003(1.0),6721,12,2004,12233,
STATSNZ:AGR_AGR_003(1.0),6723,2,2004,21428,
STATSNZ:AGR_AGR_003(1.0),6703,16,2004,4919572,
STATSNZ:AGR_AGR_003(1.0),6955,2,2004,22901,
STATSNZ:AGR_AGR_003(1.0),7077,3,2005,676599,
STATSNZ:AGR_AGR_003(1.0),7077,20,2005,4423626,
STATSNZ:AGR_AGR_003(1.0),7057,19,2005,47133,
STATSNZ:AGR_AGR_003(1.0),7059,13,2005,5986,
STATSNZ:AGR_AGR_003(1.0),7065,7,2005,11628,
STATSNZ:AGR_AGR_003(1.0),7067,14,2005,4642,
STATSNZ:AGR_AGR_003(1.0),6723,14,2005,6998,
STATSNZ:AGR_AGR_003(1.0),6703,15,2005,5785653,
STATSNZ:AGR_AGR_003(1.0),7685,8,2005,12627,
STATSNZ:AGR_AGR_003(1.0),6949,16,2005,924,
STATSNZ:AGR_AGR_003(1.0),7056,12,2006,822,
STATSNZ:AGR_AGR_003(1.0),7058,2,2006,8633,
STATSNZ:AGR_AGR_003(1.0),7064,9,2006,20470,
STATSNZ:AGR_AGR_003(1.0),7066,16,2006,23881,
STATSNZ:AGR_AGR_003(1.0),7066,20,2006,460509,
STATSNZ:AGR_AGR_003(1.0),7068,6,2006,4760,
STATSNZ:AGR_AGR_003(1.0),7074,7,2006,26937,
STATSNZ:AGR_AGR_003(1.0),6701,7,2006,22338,
STATSNZ:AGR_AGR_003(1.0),7699,14,2006,48043,
STATSNZ:AGR_AGR_003(1.0),7686,4,2006,13583,
STATSNZ:AGR_AGR_003(1.0),7688,11,2006,5450,
STATSNZ:AGR_AGR_003(1.0),6954,1,2006,4743,
STATSNZ:AGR_AGR_003(1.0),6955,15,2006,419076,
STATSNZ:AGR_AGR_003(1.0),7077,15,2007,584806,
STATSNZ:AGR_AGR_003(1.0),7184,8,2007,60674,
STATSNZ:AGR_AGR_003(1.0),7186,15,2007,1916,
STATSNZ:AGR_AGR_003(1.0),7188,9,2007,5560,
STATSNZ:AGR_AGR_003(1.0),6731,20,2007,38460477,
STATSNZ:AGR_AGR_003(1.0),6721,2,2007,167924,
STATSNZ:AGR_AGR_003(1.0),6721,6,2007,2424337,
STATSNZ:AGR_AGR_003(1.0),6723,13,2007,21114,
STATSNZ:AGR_AGR_003(1.0),6727,3,2007,7334,
STATSNZ:AGR_AGR_003(1.0),6703,19,2007,17284636,
STATSNZ:AGR_AGR_003(1.0),6702,17,2007,5581925,
STATSNZ:AGR_AGR_003(1.0),7057,3,2008,16940,
STATSNZ:AGR_AGR_003(1.0),7059,19,2008,92344,
STATSNZ:AGR_AGR_003(1.0),7065,10,2008,229460,
STATSNZ:AGR_AGR_003(1.0),7073,4,2008,8202,
STATSNZ:AGR_AGR_003(1.0),7073,8,2008,40072,
STATSNZ:AGR_AGR_003(1.0),7685,5,2008,1910,
STATSNZ:AGR_AGR_003(1.0),7696,2,2008,3182,
STATSNZ:AGR_AGR_003(1.0),6953,3,2008,33306,
STATSNZ:AGR_AGR_003(1.0),7810,6,2008,3351,
STATSNZ:AGR_AGR_003(1.0),7068,3,2009,19007,
STATSNZ:AGR_AGR_003(1.0),7068,20,2009,78259,
STATSNZ:AGR_AGR_003(1.0),7072,19,2009,46595,
STATSNZ:AGR_AGR_003(1.0),7074,13,2009,19233,
STATSNZ:AGR_AGR_003(1.0),7074,17,2009,55752,
STATSNZ:AGR_AGR_003(1.0),7184,7,2009,72404,
STATSNZ:AGR_AGR_003(1.0),7688,4,2009,9212,
STATSNZ:AGR_AGR_003(1.0),6951,1,2009,102,
STATSNZ:AGR_AGR_003(1.0),7056,6,2010,96416,
STATSNZ:AGR_AGR_003(1.0),7064,3,2010,62560,
STATSNZ:AGR_AGR_003(1.0),7066,19,2010,133484,
STATSNZ:AGR_AGR_003(1.0),6722,19,2010,108880,
STATSNZ:AGR_AGR_003(1.0),6724,4,2010,72893,
STATSNZ:AGR_AGR_003(1.0),6724,10,2010,2525431,
STATSNZ:AGR_AGR_003(1.0),6738,11,2010,30192,
STATSNZ:AGR_AGR_003(1.0),6701,14,2010,3190,
STATSNZ:AGR_AGR_003(1.0),7699,4,2010,44893,
STATSNZ:AGR_AGR_003(1.0),7699,8,2010,75437,
STATSNZ:AGR_AGR_003(1.0),7686,15,2010,69032,
STATSNZ:AGR_AGR_003(1.0),6954,12,2010,15,
STATSNZ:AGR_AGR_003(1.0),7065,15,2011,14149,
STATSNZ:AGR_AGR_003(1.0),7067,5,2011,27087,
STATSNZ:AGR_AGR_003(1.0),7071,8,2011,11794,
STATSNZ:AGR_AGR_003(1.0),7073,15,2011,29467,
STATSNZ:AGR_AGR_003(1.0),7193,9,2011,114120,
STATSNZ:AGR_AGR_003(1.0),7185,20,2011,66448,
STATSNZ:AGR_AGR_003(1.0),7685,20,2011,91020,
STATSNZ:AGR_AGR_003(1.0),6949,3,2011,4383,
STATSNZ:AGR_AGR_003(1.0),6949,7,2011,1805,
STATSNZ:AGR_AGR_003(1.0),7810,17,2011,2189,
STATSNZ:AGR_AGR_003(1.0),7056,10,2012,593234,
STATSNZ:AGR_AGR_003(1.0),7058,7,2012,3424,
STATSNZ:AGR_AGR_003(1.0),7064,14,2012,4683,
STATSNZ:AGR_AGR_003(1.0),7066,4,2012,13251,
STATSNZ:AGR_AGR_003(1.0),7066,8,2012,66081,
STATSNZ:AGR_AGR_003(1.0),7072,1,2012,32380,
STATSNZ:AGR_AGR_003(1.0),7072,18,2012,,c
STATSNZ:AGR_AGR_003(1.0),7074,12,2012,283,
STATSNZ:AGR_AGR_003(1.0),7184,2,2012,18679,
STATSNZ:AGR_AGR_003(1.0),7188,16,2012,21116,
STATSNZ:AGR_AGR_003(1.0),7699,2,2012,12647,
STATSNZ:AGR_AGR_003(1.0),7686,9,2012,3066,
STATSNZ:AGR_AGR_003(1.0),7688,3,2012,16698,
STATSNZ:AGR_AGR_003(1.0),6954,6,2012,8116,
STATSNZ:AGR_AGR_003(1.0),6951,10,2012,1896,
STATSNZ:AGR_AGR_003(1.0),6951,17,2012,,c
STATSNZ:AGR_AGR_003(1.0),6955,7,2012,45959,
STATSNZ:AGR_AGR_003(1.0),7184,14,2013,20650,
STATSNZ:AGR_AGR_003(1.0),7186,4,2013,1985,
STATSNZ:AGR_AGR_003(1.0),7186,8,2013,4967,
STATSNZ:AGR_AGR_003(1.0),7188,15,2013,79941,
STATSNZ:AGR_AGR_003(1.0),6731,1,2013,427281,
STATSNZ:AGR_AGR_003(1.0),6731,18,2013,66956,
STATSNZ:AGR_AGR_003(1.0),6721,12,2013,4386,
STATSNZ:AGR_AGR_003(1.0),6723,2,2013,15843,
STATSNZ:AGR_AGR_003(1.0),6703,16,2013,4636953,
STATSNZ:AGR_AGR_003(1.0),7059,15,2014,41724,
STATSNZ:AGR_AGR_003(1.0),7065,5,2014,18039,
STATSNZ:AGR_AGR_003(1.0),7067,16,2014,35502,
STATSNZ:AGR_AGR_003(1.0),7067,20,2014,389359,
STATSNZ:AGR_AGR_003(1.0),7073,9,2014,12075,
STATSNZ:AGR_AGR_003(1.0),7073,13,2014,,c
STATSNZ:AGR_AGR_003(1.0),7193,3,2014,1914483,
STATSNZ:AGR_AGR_003(1.0),7185,19,2014,36047,
STATSNZ:AGR_AGR_003(1.0),7187,17,2014,529961,
STATSNZ:AGR_AGR_003(1.0),6720,18,2014,454,
STATSNZ:AGR_AGR_003(1.0),7687,10,2014,134876,
STATSNZ:AGR_AGR_003(1.0),6949,14,2014,,s
STATSNZ:AGR_AGR_003(1.0),6949,18,2014,0,
STATSNZ:AGR_AGR_003(1.0),6953,8,2014,22197,
STATSNZ:AGR_AGR_003(1.0),7810,15,2014,9172,
STATSNZ:AGR_AGR_003(1.0),7064,8,2015,73599,
STATSNZ:AGR_AGR_003(1.0),7066,2,2015,17983,
STATSNZ:AGR_AGR_003(1.0),7068,9,2015,1876,
STATSNZ:AGR_AGR_003(1.0),7072,12,2015,,c
STATSNZ:AGR_AGR_003(1.0),7074,2,2015,15234,
STATSNZ:AGR_AGR_003(1.0),7074,6,2015,88058,
STATSNZ:AGR_AGR_003(1.0),7184,13,2015,,c
STATSNZ:AGR_AGR_003(1.0),7186,3,2015,11978,
STATSNZ:AGR_AGR_003(1.0),7188,19,2015,117736,
STATSNZ:AGR_AGR_003(1.0),6731,17,2015,4072964,
STATSNZ:AGR_AGR_003(1.0),6721,11,2015,233039,
STATSNZ:AGR_AGR_003(1.0),7686,3,2015,15177,
STATSNZ:AGR_AGR_003(1.0),6954,17,2015,415,
STATSNZ:AGR_AGR_003(1.0),6951,7,2015,225,
STATSNZ:AGR_AGR_003(1.0),6951,11,2015,,c
STATSNZ:AGR_AGR_003(1.0),6955,1,2015,,c
STATSNZ:AGR_AGR_003(1.0),6955,18,2015,0,
STATSNZ:AGR_AGR_003(1.0),7064,6,2016,41149,
STATSNZ:AGR_AGR_003(1.0),7066,13,2016,4362,
STATSNZ:AGR_AGR_003(1.0),7068,7,2016,4073,
STATSNZ:AGR_AGR_003(1.0),7074,4,2016,22165,
STATSNZ:AGR_AGR_003(1.0),7074,10,2016,538317,
STATSNZ:AGR_AGR_003(1.0),7184,11,2016,10841,
STATSNZ:AGR_AGR_003(1.0),7186,1,2016,5954,
STATSNZ:AGR_AGR_003(1.0),7188,8,2016,44099,
STATSNZ:AGR_AGR_003(1.0),6731,15,2016,4584936,
STATSNZ:AGR_AGR_003(1.0),6721,9,2016,882215,
STATSNZ:AGR_AGR_003(1.0),7686,1,2016,1213,
STATSNZ:AGR_AGR_003(1.0),6951,5,2016,7,
STATSNZ:AGR_AGR_003(1.0),6951,9,2016,147,
STATSNZ:AGR_AGR_003(1.0),6955,16,2016,15587,
STATSNZ:AGR_AGR_003(1.0),6955,20,2016,562173,
STATSNZ:AGR_AGR_003(1.0),7068,4,2017,2361,
STATSNZ:AGR_AGR_003(1.0),7072,11,2017,1141,
STATSNZ:AGR_AGR_003(1.0),7074,1,2017,71479,
STATSNZ:AGR_AGR_003(1.0),7184,8,2017,72424,
STATSNZ:AGR_AGR_003(1.0),7186,15,2017,6919,
STATSNZ:AGR_AGR_003(1.0),7188,5,2017,1184,
STATSNZ:AGR_AGR_003(1.0),7188,9,2017,5727,
STATSNZ:AGR_AGR_003(1.0),6731,20,2017,27526537,
STATSNZ:AGR_AGR_003(1.0),6723,13,2017,22922,
STATSNZ:AGR_AGR_003(1.0),6955,13,2017,3374,
STATSNZ:AGR_AGR_003(1.0),7184,5,2018,1987,
STATSNZ:AGR_AGR_003(1.0),7186,20,2018,49877,
STATSNZ:AGR_AGR_003(1.0),6731,9,2018,1474219,
STATSNZ:AGR_AGR_003(1.0),6731,13,2018,495942,
STATSNZ:AGR_AGR_003(1.0),6721,3,2018,1004310,
STATSNZ:AGR_AGR_003(1.0),6727,10,2018,,s
STATSNZ:AGR_AGR_003(1.0),6727,17,2018,,s
STATSNZ:AGR_AGR_003(1.0),6703,7,2018,374022,
STATSNZ:AGR_AGR_003(1.0),6702,14,2018,,s
STATSNZ:AGR_AGR_003(1.0),7066,7,2019,15392,
STATSNZ:AGR_AGR_003(1.0),7068,1,2019,6356,
STATSNZ:AGR_AGR_003(1.0),7072,8,2019,,s
STATSNZ:AGR_AGR_003(1.0),7074,11,2019,9158,
STATSNZ:AGR_AGR_003(1.0),7074,15,2019,129248,
STATSNZ:AGR_AGR_003(1.0),7184,5,2019,,s
STATSNZ:AGR_AGR_003(1.0),7186,12,2019,,s
STATSNZ:AGR_AGR_003(1.0),7186,16,2019,1320,
STATSNZ:AGR_AGR_003(1.0),6731,9,2019,1434408,
STATSNZ:AGR_AGR_003(1.0),6955,19,2019,418161,
STATSNZ:AGR_AGR_003(1.0),7056,1,2020,57457,
STATSNZ:AGR_AGR_003(1.0),7056,18,2020,,s
STATSNZ:AGR_AGR_003(1.0),7058,12,2020,125,
STATSNZ:AGR_AGR_003(1.0),7064,2,2020,18580,
STATSNZ:AGR_AGR_003(1.0),7066,9,2020,13744,
STATSNZ:AGR_AGR_003(1.0),7068,16,2020,7079,
STATSNZ:AGR_AGR_003(1.0),6720,2,2020,1899,
STATSNZ:AGR_AGR_003(1.0),6724,16,2020,712832,
STATSNZ:AGR_AGR_003(1.0),6738,6,2020,371520,
STATSNZ:AGR_AGR_003(1.0),6701,10,2020,806429,
STATSNZ:AGR_AGR_003(1.0),6701,17,2020,164600,
STATSNZ:AGR_AGR_003(1.0),7699,7,2020,2668,
STATSNZ:AGR_AGR_003(1.0),7686,14,2020,5161,
STATSNZ:AGR_AGR_003(1.0),7686,19,2020,125283,
STATSNZ:AGR_AGR_003(1.0),7688,4,2020,6568,
STATSNZ:AGR_AGR_003(1.0),6954,11,2020,,s
STATSNZ:AGR_AGR_003(1.0),6951,18,2020,0,
STATSNZ:AGR_AGR_003(1.0),7059,2,2021,,s
STATSNZ:AGR_AGR_003(1.0),7065,9,2021,,s
STATSNZ:AGR_AGR_003(1.0),7067,3,2021,68464,
STATSNZ:AGR_AGR_003(1.0),7071,6,2021,20040,
STATSNZ:AGR_AGR_003(1.0),7073,10,2021,193960,
STATSNZ:AGR_AGR_003(1.0),7073,17,2021,,s
STATSNZ:AGR_AGR_003(1.0),7193,7,2021,538418,
STATSNZ:AGR_AGR_003(1.0),7187,4,2021,233744,
STATSNZ:AGR_AGR_003(1.0),7190,11,2021,38056,
STATSNZ:AGR_AGR_003(1.0),6720,5,2021,15495,
STATSNZ:AGR_AGR_003(1.0),7696,11,2021,2072,
STATSNZ:AGR_AGR_003(1.0),6949,1,2021,,s
STATSNZ:AGR_AGR_003(1.0),6949,5,2021,,s
STATSNZ:AGR_AGR_003(1.0),6953,12,2021,,s
STATSNZ:AGR_AGR_003(1.0),7810,2,2021,,s
STATSNZ:AGR_AGR_003(1.0),7072,2,2022,6573,
STATSNZ:AGR_AGR_003(1.0),7184,16,2022,50930,
STATSNZ:AGR_AGR_003(1.0),7184,20,2022,849465,
STATSNZ:AGR_AGR_003(1.0),7186,6,2022,2622,
STATSNZ:AGR_AGR_003(1.0),7188,10,2022,189326,
STATSNZ:AGR_AGR_003(1.0),6731,3,2022,1301359,
STATSNZ:AGR_AGR_003(1.0),6721,14,2022,19250,
STATSNZ:AGR_AGR_003(1.0),6721,19,2022,7984368,
STATSNZ:AGR_AGR_003(1.0),6723,4,2022,27412,
STATSNZ:AGR_AGR_003(1.0),6955,4,2022,610,
STATSNZ:AGR_AGR_003(1.0),7056,12,2023,,s
STATSNZ:AGR_AGR_003(1.0),7056,16,2023,89012,
STATSNZ:AGR_AGR_003(1.0),7058,6,2023,13184,
STATSNZ:AGR_AGR_003(1.0),7064,13,2023,8675,
STATSNZ:AGR_AGR_003(1.0),7066,16,2023,29832,
STATSNZ:AGR_AGR_003(1.0),7068,19,2023,24429,
STATSNZ:AGR_AGR_003(1.0),7072,17,2023,,s
STATSNZ:AGR_AGR_003(1.0),6722,3,2023,,s
STATSNZ:AGR_AGR_003(1.0),6738,10,2023,1710392,
STATSNZ:AGR_AGR_003(1.0),6738,17,2023,,s
STATSNZ:AGR_AGR_003(1.0),6701,11,2023,,s
STATSNZ:AGR_AGR_003(1.0),7699,1,2023,,s
STATSNZ:AGR_AGR_003(1.0),7699,18,2023,0,
STATSNZ:AGR_AGR_003(1.0),7688,15,2023,53495,
STATSNZ:AGR_AGR_003(1.0),6954,5,2023,,s
STATSNZ:AGR_AGR_003(1.0),6951,20,2023,4805,
STATSNZ:AGR_AGR_003(1.0),7068,4,2024,1889,
STATSNZ:AGR_AGR_003(1.0),7072,11,2024,1344,
STATSNZ:AGR_AGR_003(1.0),7074,1,2024,56485,
STATSNZ:AGR_AGR_003(1.0),7184,8,2024,68305,
STATSNZ:AGR_AGR_003(1.0),7186,15,2024,,s
STATSNZ:AGR_AGR_003(1.0),7188,5,2024,,s
STATSNZ:AGR_AGR_003(1.0),7188,9,2024,,s
STATSNZ:AGR_AGR_003(1.0),6731,20,2024,23583001,
STATSNZ:AGR_AGR_003(1.0),7688,5,2024,1338,
STATSNZ:AGR_AGR_003(1.0),6954,20,2024,243588,
STATSNZ:AGR_AGR_003(1.0),6951,6,2024,49,
STATSNZ:AGR_AGR_003(1.0),6955,13,2024,,s
STATSNZ:AGR_AGR_003(1.0),6721,17,1994,5866661,
STATSNZ:AGR_AGR_003(1.0),6721,13,1994,621683,
STATSNZ:AGR_AGR_003(1.0),7188,20,1994,120070,
STATSNZ:AGR_AGR_003(1.0),6722,8,1994,87436,
STATSNZ:AGR_AGR_003(1.0),6724,2,1994,69288,
STATSNZ:AGR_AGR_003(1.0),7188,3,1994,38881,
STATSNZ:AGR_AGR_003(1.0),7686,17,1994,37250,
STATSNZ:AGR_AGR_003(1.0),6720,5,1994,28798,
STATSNZ:AGR_AGR_003(1.0),6727,14,1994,4371,
STATSNZ:AGR_AGR_003(1.0),7185,14,1994,1585,
STATSNZ:AGR_AGR_003(1.0),6724,20,2002,5684176,
STATSNZ:AGR_AGR_003(1.0),7184,20,2002,1030208,
STATSNZ:AGR_AGR_003(1.0),6724,16,2002,876317,
STATSNZ:AGR_AGR_003(1.0),6731,7,2002,697637,
STATSNZ:AGR_AGR_003(1.0),6723,8,2002,464271,
STATSNZ:AGR_AGR_003(1.0),6703,1,2002,393274,
STATSNZ:AGR_AGR_003(1.0),7696,16,2002,84648,
STATSNZ:AGR_AGR_003(1.0),7685,15,2002,39742,
STATSNZ:AGR_AGR_003(1.0),6703,18,2002,34556,
STATSNZ:AGR_AGR_003(1.0),6723,4,2002,31760,
STATSNZ:AGR_AGR_003(1.0),6701,13,2002,18331,
STATSNZ:AGR_AGR_003(1.0),7699,7,2002,10762,
STATSNZ:AGR_AGR_003(1.0),6720,2,2002,4812,
STATSNZ:AGR_AGR_003(1.0),7057,13,2002,2061,
STATSNZ:AGR_AGR_003(1.0),6721,14,2003,61640,
STATSNZ:AGR_AGR_003(1.0),6731,3,2003,2409128,
STATSNZ:AGR_AGR_003(1.0),7185,11,2003,514,
STATSNZ:AGR_AGR_003(1.0),7188,10,2003,107587,
STATSNZ:AGR_AGR_003(1.0),7810,20,2003,80397,
STATSNZ:AGR_AGR_003(1.0),7077,17,2004,216523,
STATSNZ:AGR_AGR_003(1.0),7058,6,2004,19729,
STATSNZ:AGR_AGR_003(1.0),7059,1,2004,38629,
STATSNZ:AGR_AGR_003(1.0),7066,3,2004,86859,
STATSNZ:AGR_AGR_003(1.0),7067,15,2004,58067,
STATSNZ:AGR_AGR_003(1.0),6738,10,2004,1818160,
STATSNZ:AGR_AGR_003(1.0),6701,11,2004,11069,
STATSNZ:AGR_AGR_003(1.0),6702,6,2004,2959959,
STATSNZ:AGR_AGR_003(1.0),7686,8,2004,25265,
STATSNZ:AGR_AGR_003(1.0),7687,3,2004,67129,
STATSNZ:AGR_AGR_003(1.0),7687,20,2004,867913,
STATSNZ:AGR_AGR_003(1.0),6949,10,2004,17492,
STATSNZ:AGR_AGR_003(1.0),7810,14,2004,424,
STATSNZ:AGR_AGR_003(1.0),7074,6,2005,126256,
STATSNZ:AGR_AGR_003(1.0),7193,1,2005,343195,
STATSNZ:AGR_AGR_003(1.0),7187,15,2005,485030,
STATSNZ:AGR_AGR_003(1.0),6731,10,2005,19030764,
STATSNZ:AGR_AGR_003(1.0),6953,6,2005,4206,
STATSNZ:AGR_AGR_003(1.0),7186,10,2006,10094,
STATSNZ:AGR_AGR_003(1.0),7190,6,2006,37095,
STATSNZ:AGR_AGR_003(1.0),6731,14,2006,78067,
STATSNZ:AGR_AGR_003(1.0),6721,8,2006,4611748,
STATSNZ:AGR_AGR_003(1.0),6722,20,2006,280756,
STATSNZ:AGR_AGR_003(1.0),6727,5,2006,4809,
STATSNZ:AGR_AGR_003(1.0),6738,17,2006,130873,
STATSNZ:AGR_AGR_003(1.0),7058,10,2007,116638,
STATSNZ:AGR_AGR_003(1.0),7058,17,2007,3878,
STATSNZ:AGR_AGR_003(1.0),7059,12,2007,136,
STATSNZ:AGR_AGR_003(1.0),7065,6,2007,16016,
STATSNZ:AGR_AGR_003(1.0),7066,1,2007,54026,
STATSNZ:AGR_AGR_003(1.0),7067,9,2007,12708,
STATSNZ:AGR_AGR_003(1.0),7072,11,2007,2605,
STATSNZ:AGR_AGR_003(1.0),7072,15,2007,44799,
STATSNZ:AGR_AGR_003(1.0),7073,6,2007,40576,
STATSNZ:AGR_AGR_003(1.0),7193,10,2007,3612916,
STATSNZ:AGR_AGR_003(1.0),6701,5,2007,74160,
STATSNZ:AGR_AGR_003(1.0),6702,10,2007,14965488,
STATSNZ:AGR_AGR_003(1.0),7686,2,2007,2716,
STATSNZ:AGR_AGR_003(1.0),7686,6,2007,22826,
STATSNZ:AGR_AGR_003(1.0),7687,14,2007,23215,
STATSNZ:AGR_AGR_003(1.0),6954,16,2007,18709,
STATSNZ:AGR_AGR_003(1.0),6954,20,2007,366671,
STATSNZ:AGR_AGR_003(1.0),6949,11,2007,56,
STATSNZ:AGR_AGR_003(1.0),7810,8,2007,6080,
STATSNZ:AGR_AGR_003(1.0),7187,8,2008,318592,
STATSNZ:AGR_AGR_003(1.0),6721,10,2008,11204322,
STATSNZ:AGR_AGR_003(1.0),6723,11,2008,21151,
STATSNZ:AGR_AGR_003(1.0),6724,6,2008,665743,
STATSNZ:AGR_AGR_003(1.0),6703,8,2008,5269682,
STATSNZ:AGR_AGR_003(1.0),7685,9,2008,1596,
STATSNZ:AGR_AGR_003(1.0),7056,5,2009,79780,
STATSNZ:AGR_AGR_003(1.0),7057,17,2009,10692,
STATSNZ:AGR_AGR_003(1.0),7190,20,2009,3626799,
STATSNZ:AGR_AGR_003(1.0),6731,11,2009,327770,
STATSNZ:AGR_AGR_003(1.0),6722,13,2009,7053,
STATSNZ:AGR_AGR_003(1.0),6738,19,2009,1066319,
STATSNZ:AGR_AGR_003(1.0),6703,5,2009,1393480,
STATSNZ:AGR_AGR_003(1.0),6702,16,2009,4552799,
STATSNZ:AGR_AGR_003(1.0),6702,20,2009,27216643,
STATSNZ:AGR_AGR_003(1.0),7687,13,2009,3227,
STATSNZ:AGR_AGR_003(1.0),7688,8,2009,15368,
STATSNZ:AGR_AGR_003(1.0),7193,9,2010,92375,
STATSNZ:AGR_AGR_003(1.0),7193,13,2010,25980,
STATSNZ:AGR_AGR_003(1.0),7184,4,2010,47034,
STATSNZ:AGR_AGR_003(1.0),7187,6,2010,81545,
STATSNZ:AGR_AGR_003(1.0),6731,12,2010,11974,
STATSNZ:AGR_AGR_003(1.0),6721,15,2010,3509432,
STATSNZ:AGR_AGR_003(1.0),7056,6,2011,99091,
STATSNZ:AGR_AGR_003(1.0),7057,1,2011,15897,
STATSNZ:AGR_AGR_003(1.0),7187,2,2011,99882,
STATSNZ:AGR_AGR_003(1.0),7187,6,2011,59722,
STATSNZ:AGR_AGR_003(1.0),6731,8,2011,5730947,
STATSNZ:AGR_AGR_003(1.0),6720,3,2011,20381,
STATSNZ:AGR_AGR_003(1.0),6723,5,2011,72995,
STATSNZ:AGR_AGR_003(1.0),6724,10,2011,2443286,
STATSNZ:AGR_AGR_003(1.0),6724,17,2011,482967,
STATSNZ:AGR_AGR_003(1.0),6738,11,2011,25632,
STATSNZ:AGR_AGR_003(1.0),6703,2,2011,151294,
STATSNZ:AGR_AGR_003(1.0),6701,14,2011,2508,
STATSNZ:AGR_AGR_003(1.0),7685,16,2011,11717,
STATSNZ:AGR_AGR_003(1.0),7077,5,2012,267599,
STATSNZ:AGR_AGR_003(1.0),7186,5,2012,374,
STATSNZ:AGR_AGR_003(1.0),7188,20,2012,407820,
STATSNZ:AGR_AGR_003(1.0),7190,11,2012,42291,
STATSNZ:AGR_AGR_003(1.0),6721,13,2012,323154,
STATSNZ:AGR_AGR_003(1.0),6722,4,2012,2630,
STATSNZ:AGR_AGR_003(1.0),6722,8,2012,34493,
STATSNZ:AGR_AGR_003(1.0),6727,19,2012,298522,
STATSNZ:AGR_AGR_003(1.0),6738,5,2012,157887,
STATSNZ:AGR_AGR_003(1.0),6702,7,2012,329633,
STATSNZ:AGR_AGR_003(1.0),7686,13,2012,,c
STATSNZ:AGR_AGR_003(1.0),7687,8,2012,36345,
STATSNZ:AGR_AGR_003(1.0),7077,17,2013,168031,
STATSNZ:AGR_AGR_003(1.0),7057,11,2013,1306,
STATSNZ:AGR_AGR_003(1.0),7058,6,2013,20002,
STATSNZ:AGR_AGR_003(1.0),7064,17,2013,30380,
STATSNZ:AGR_AGR_003(1.0),7066,3,2013,71916,
STATSNZ:AGR_AGR_003(1.0),7071,5,2013,5768,
STATSNZ:AGR_AGR_003(1.0),7072,10,2013,209167,
STATSNZ:AGR_AGR_003(1.0),6703,20,2013,25966837,
STATSNZ:AGR_AGR_003(1.0),7685,10,2013,34271,
STATSNZ:AGR_AGR_003(1.0),7686,8,2013,15689,
STATSNZ:AGR_AGR_003(1.0),7696,14,2013,,c
STATSNZ:AGR_AGR_003(1.0),7696,19,2013,280640,
STATSNZ:AGR_AGR_003(1.0),6954,5,2013,587,
STATSNZ:AGR_AGR_003(1.0),6951,20,2013,4902,
STATSNZ:AGR_AGR_003(1.0),6953,7,2013,12084,
STATSNZ:AGR_AGR_003(1.0),6955,2,2013,,c
STATSNZ:AGR_AGR_003(1.0),7056,17,2014,53471,
STATSNZ:AGR_AGR_003(1.0),7057,12,2014,,s
STATSNZ:AGR_AGR_003(1.0),7187,13,2014,29464,
STATSNZ:AGR_AGR_003(1.0),6731,2,2014,215932,
STATSNZ:AGR_AGR_003(1.0),6720,14,2014,994,
STATSNZ:AGR_AGR_003(1.0),6723,16,2014,312558,
STATSNZ:AGR_AGR_003(1.0),6723,20,2014,2072038,
STATSNZ:AGR_AGR_003(1.0),6724,11,2014,26186,
STATSNZ:AGR_AGR_003(1.0),6703,10,2014,11207777,
STATSNZ:AGR_AGR_003(1.0),6703,17,2014,4501585,
STATSNZ:AGR_AGR_003(1.0),7685,14,2014,1290,
STATSNZ:AGR_AGR_003(1.0),7685,19,2014,56084,
STATSNZ:AGR_AGR_003(1.0),7688,16,2014,26663,
STATSNZ:AGR_AGR_003(1.0),7077,16,2015,272686,
STATSNZ:AGR_AGR_003(1.0),7077,20,2015,3547228,
STATSNZ:AGR_AGR_003(1.0),7056,11,2015,10057,
STATSNZ:AGR_AGR_003(1.0),7058,5,2015,9683,
STATSNZ:AGR_AGR_003(1.0),7190,5,2015,,s
STATSNZ:AGR_AGR_003(1.0),6721,7,2015,330757,
STATSNZ:AGR_AGR_003(1.0),6727,4,2015,617,
STATSNZ:AGR_AGR_003(1.0),6738,16,2015,400098,
STATSNZ:AGR_AGR_003(1.0),6738,20,2015,2888140,
STATSNZ:AGR_AGR_003(1.0),6701,19,2015,437637,
STATSNZ:AGR_AGR_003(1.0),6702,18,2015,,c
STATSNZ:AGR_AGR_003(1.0),7699,13,2015,7124,
STATSNZ:AGR_AGR_003(1.0),7686,7,2015,,s
STATSNZ:AGR_AGR_003(1.0),7687,2,2015,3297,
STATSNZ:AGR_AGR_003(1.0),7077,14,2016,31902,
STATSNZ:AGR_AGR_003(1.0),7077,18,2016,9051,
STATSNZ:AGR_AGR_003(1.0),7056,9,2016,29715,
STATSNZ:AGR_AGR_003(1.0),7058,3,2016,17057,
STATSNZ:AGR_AGR_003(1.0),7066,17,2016,15765,
STATSNZ:AGR_AGR_003(1.0),7190,3,2016,1240609,
STATSNZ:AGR_AGR_003(1.0),6721,5,2016,944392,
STATSNZ:AGR_AGR_003(1.0),6722,10,2016,141744,
STATSNZ:AGR_AGR_003(1.0),6727,2,2016,1622,
STATSNZ:AGR_AGR_003(1.0),6738,14,2016,2401,
STATSNZ:AGR_AGR_003(1.0),6701,8,2016,217679,
STATSNZ:AGR_AGR_003(1.0),7699,11,2016,15245,
STATSNZ:AGR_AGR_003(1.0),7686,5,2016,,c
STATSNZ:AGR_AGR_003(1.0),7687,10,2016,113544,
STATSNZ:AGR_AGR_003(1.0),7687,17,2016,99389,
STATSNZ:AGR_AGR_003(1.0),7077,15,2017,467550,
STATSNZ:AGR_AGR_003(1.0),7057,18,2017,654,
STATSNZ:AGR_AGR_003(1.0),7059,12,2017,186,
STATSNZ:AGR_AGR_003(1.0),7064,7,2017,14798,
STATSNZ:AGR_AGR_003(1.0),6723,9,2017,128100,
STATSNZ:AGR_AGR_003(1.0),6727,3,2017,4735,
STATSNZ:AGR_AGR_003(1.0),6703,6,2017,2103190,
STATSNZ:AGR_AGR_003(1.0),6702,10,2017,10997418,
STATSNZ:AGR_AGR_003(1.0),6702,17,2017,3974833,
STATSNZ:AGR_AGR_003(1.0),7699,12,2017,0,
STATSNZ:AGR_AGR_003(1.0),7687,14,2017,14333,
STATSNZ:AGR_AGR_003(1.0),7688,5,2017,1663,
STATSNZ:AGR_AGR_003(1.0),7688,9,2017,1702,
STATSNZ:AGR_AGR_003(1.0),6949,11,2017,40,
STATSNZ:AGR_AGR_003(1.0),6951,6,2017,11,
STATSNZ:AGR_AGR_003(1.0),7056,7,2018,18621,
STATSNZ:AGR_AGR_003(1.0),7057,2,2018,,s
STATSNZ:AGR_AGR_003(1.0),7065,16,2018,9712,
STATSNZ:AGR_AGR_003(1.0),7065,20,2018,201654,
STATSNZ:AGR_AGR_003(1.0),7068,1,2018,5159,
STATSNZ:AGR_AGR_003(1.0),7068,18,2018,,s
STATSNZ:AGR_AGR_003(1.0),7074,15,2018,114294,
STATSNZ:AGR_AGR_003(1.0),7186,16,2018,1998,
STATSNZ:AGR_AGR_003(1.0),7699,9,2018,,s
STATSNZ:AGR_AGR_003(1.0),7685,4,2018,,s
STATSNZ:AGR_AGR_003(1.0),7688,6,2018,9963,
STATSNZ:AGR_AGR_003(1.0),7696,1,2018,891,
STATSNZ:AGR_AGR_003(1.0),6951,3,2018,491,
STATSNZ:AGR_AGR_003(1.0),6953,15,2018,165312,
STATSNZ:AGR_AGR_003(1.0),7810,9,2018,1007,
STATSNZ:AGR_AGR_003(1.0),7077,8,2019,574889,
STATSNZ:AGR_AGR_003(1.0),7056,3,2019,88061,
STATSNZ:AGR_AGR_003(1.0),7058,14,2019,1149,
STATSNZ:AGR_AGR_003(1.0),7059,9,2019,12343,
STATSNZ:AGR_AGR_003(1.0),7066,11,2019,5050,
STATSNZ:AGR_AGR_003(1.0),6721,20,2019,16845367,
STATSNZ:AGR_AGR_003(1.0),6727,13,2019,18342,
STATSNZ:AGR_AGR_003(1.0),6738,8,2019,398623,
STATSNZ:AGR_AGR_003(1.0),6701,2,2019,,s
STATSNZ:AGR_AGR_003(1.0),6702,14,2019,25876,
STATSNZ:AGR_AGR_003(1.0),7686,16,2019,23049,
STATSNZ:AGR_AGR_003(1.0),7687,7,2019,1291,
STATSNZ:AGR_AGR_003(1.0),7687,11,2019,,s
STATSNZ:AGR_AGR_003(1.0),6954,13,2019,799,
STATSNZ:AGR_AGR_003(1.0),7067,4,2020,9959,
STATSNZ:AGR_AGR_003(1.0),7068,20,2020,79355,
STATSNZ:AGR_AGR_003(1.0),7073,1,2020,43046,
STATSNZ:AGR_AGR_003(1.0),7073,18,2020,,s
STATSNZ:AGR_AGR_003(1.0),7074,13,2020,26214,
STATSNZ:AGR_AGR_003(1.0),7185,15,2020,14077,
STATSNZ:AGR_AGR_003(1.0),7186,19,2020,14435,
STATSNZ:AGR_AGR_003(1.0),7190,12,2020,,s
STATSNZ:AGR_AGR_003(1.0),6731,7,2020,387515,
STATSNZ:AGR_AGR_003(1.0),6721,18,2020,,s
STATSNZ:AGR_AGR_003(1.0),6722,13,2020,7409,
STATSNZ:AGR_AGR_003(1.0),6951,14,2020,2,
STATSNZ:AGR_AGR_003(1.0),7810,3,2020,11984,
STATSNZ:AGR_AGR_003(1.0),7077,9,2021,153655,
STATSNZ:AGR_AGR_003(1.0),7056,4,2021,18848,
STATSNZ:AGR_AGR_003(1.0),7056,10,2021,572892,
STATSNZ:AGR_AGR_003(1.0),7064,18,2021,,s
STATSNZ:AGR_AGR_003(1.0),7186,5,2021,,s
STATSNZ:AGR_AGR_003(1.0),7187,10,2021,2879736,
STATSNZ:AGR_AGR_003(1.0),6731,6,2021,2604116,
STATSNZ:AGR_AGR_003(1.0),6722,8,2021,,s
STATSNZ:AGR_AGR_003(1.0),6723,3,2021,,s
STATSNZ:AGR_AGR_003(1.0),6727,14,2021,,s
STATSNZ:AGR_AGR_003(1.0),6738,5,2021,172527,
STATSNZ:AGR_AGR_003(1.0),6738,9,2021,148544,
STATSNZ:AGR_AGR_003(1.0),7699,2,2021,6404,
STATSNZ:AGR_AGR_003(1.0),7687,8,2021,18436,
STATSNZ:AGR_AGR_003(1.0),7688,3,2021,12924,
STATSNZ:AGR_AGR_003(1.0),7056,14,2022,7916,
STATSNZ:AGR_AGR_003(1.0),7058,8,2022,21457,
STATSNZ:AGR_AGR_003(1.0),7059,3,2022,46322,
STATSNZ:AGR_AGR_003(1.0),7067,17,2022,22505,
STATSNZ:AGR_AGR_003(1.0),6722,5,2022,26676,
STATSNZ:AGR_AGR_003(1.0),6724,20,2022,4160378,
STATSNZ:AGR_AGR_003(1.0),6738,2,2022,33832,
STATSNZ:AGR_AGR_003(1.0),6701,13,2022,14670,
STATSNZ:AGR_AGR_003(1.0),6702,8,2022,3996664,
STATSNZ:AGR_AGR_003(1.0),7687,1,2022,729,
STATSNZ:AGR_AGR_003(1.0),7687,5,2022,3879,
STATSNZ:AGR_AGR_003(1.0),6954,7,2022,11485,
STATSNZ:AGR_AGR_003(1.0),6949,2,2022,1602,
STATSNZ:AGR_AGR_003(1.0),7073,12,2023,,s
STATSNZ:AGR_AGR_003(1.0),7185,9,2023,,s
STATSNZ:AGR_AGR_003(1.0),7186,4,2023,,s
STATSNZ:AGR_AGR_003(1.0),7188,15,2023,68629,
STATSNZ:AGR_AGR_003(1.0),6731,1,2023,190494,
STATSNZ:AGR_AGR_003(1.0),6731,18,2023,,s
STATSNZ:AGR_AGR_003(1.0),6721,12,2023,2963,
STATSNZ:AGR_AGR_003(1.0),6722,7,2023,1790,
STATSNZ:AGR_AGR_003(1.0),7810,14,2023,,s
STATSNZ:AGR_AGR_003(1.0),7077,15,2024,569260,
STATSNZ:AGR_AGR_003(1.0),7057,18,2024,974,
STATSNZ:AGR_AGR_003(1.0),7059,12,2024,96,
STATSNZ:AGR_AGR_003(1.0),7064,7,2024,,s
STATSNZ:AGR_AGR_003(1.0),7190,10,2024,2336009,
STATSNZ:AGR_AGR_003(1.0),6722,14,2024,233,
STATSNZ:AGR_AGR_003(1.0),6723,9,2024,73996,
STATSNZ:AGR_AGR_003(1.0),6727,3,2024,4160,
STATSNZ:AGR_AGR_003(1.0),6703,6,2024,2142628,
STATSNZ:AGR_AGR_003(1.0),6702,10,2024,9659754,
STATSNZ:AGR_AGR_003(1.0),6702,17,2024,2955061,
STATSNZ:AGR_AGR_003(1.0),7699,12,2024,260,
STATSNZ:AGR_AGR_003(1.0),7687,14,2024,4104,
STATSNZ:AGR_AGR_003(1.0),7688,9,2024,865,
STATSNZ:AGR_AGR_003(1.0),6954,19,1994,211958,
STATSNZ:AGR_AGR_003(1.0),7699,6,1994,118301,
STATSNZ:AGR_AGR_003(1.0),7074,16,1994,79033,
STATSNZ:AGR_AGR_003(1.0),7184,6,1994,6578,
STATSNZ:AGR_AGR_003(1.0),7686,13,1994,3844,
STATSNZ:AGR_AGR_003(1.0),7074,12,1994,345,
STATSNZ:AGR_AGR_003(1.0),7696,20,2002,654710,
STATSNZ:AGR_AGR_003(1.0),7193,4,2002,331410,
STATSNZ:AGR_AGR_003(1.0),7067,10,2002,299696,
STATSNZ:AGR_AGR_003(1.0),7810,20,2002,75856,
STATSNZ:AGR_AGR_003(1.0),7059,3,2002,49830,
STATSNZ:AGR_AGR_003(1.0),7073,1,2002,45647,
STATSNZ:AGR_AGR_003(1.0),7067,17,2002,28870,
STATSNZ:AGR_AGR_003(1.0),7810,3,2002,17107,
STATSNZ:AGR_AGR_003(1.0),6953,9,2002,16388,
STATSNZ:AGR_AGR_003(1.0),7687,5,2002,13195,
STATSNZ:AGR_AGR_003(1.0),7187,5,2002,7871,
STATSNZ:AGR_AGR_003(1.0),7185,15,2002,4402,
STATSNZ:AGR_AGR_003(1.0),7071,11,2002,1417,
STATSNZ:AGR_AGR_003(1.0),6949,6,2002,1021,
STATSNZ:AGR_AGR_003(1.0),6702,8,2003,5343635,
STATSNZ:AGR_AGR_003(1.0),6703,1,2003,361677,
STATSNZ:AGR_AGR_003(1.0),6949,6,2003,871,
STATSNZ:AGR_AGR_003(1.0),7059,3,2003,50101,
STATSNZ:AGR_AGR_003(1.0),7065,19,2003,61820,
STATSNZ:AGR_AGR_003(1.0),7067,10,2003,306083,
STATSNZ:AGR_AGR_003(1.0),7067,17,2003,27805,
STATSNZ:AGR_AGR_003(1.0),7071,7,2003,2816,
STATSNZ:AGR_AGR_003(1.0),7073,1,2003,42777,
STATSNZ:AGR_AGR_003(1.0),7685,15,2003,46324,
STATSNZ:AGR_AGR_003(1.0),7687,1,2003,9632,
STATSNZ:AGR_AGR_003(1.0),7810,16,2003,4099,
STATSNZ:AGR_AGR_003(1.0),7193,2,2004,141618,
STATSNZ:AGR_AGR_003(1.0),7185,9,2004,973,
STATSNZ:AGR_AGR_003(1.0),7187,3,2004,1357104,
STATSNZ:AGR_AGR_003(1.0),7187,20,2004,4103318,
STATSNZ:AGR_AGR_003(1.0),6720,13,2004,7576,
STATSNZ:AGR_AGR_003(1.0),6720,17,2004,58176,
STATSNZ:AGR_AGR_003(1.0),6724,14,2004,7364,
STATSNZ:AGR_AGR_003(1.0),7056,15,2005,135349,
STATSNZ:AGR_AGR_003(1.0),7058,5,2005,16191,
STATSNZ:AGR_AGR_003(1.0),7064,8,2005,83344,
STATSNZ:AGR_AGR_003(1.0),7064,12,2005,401,
STATSNZ:AGR_AGR_003(1.0),7066,2,2005,21427,
STATSNZ:AGR_AGR_003(1.0),7068,9,2005,1884,
STATSNZ:AGR_AGR_003(1.0),6724,9,2005,268133,
STATSNZ:AGR_AGR_003(1.0),6738,20,2005,3253826,
STATSNZ:AGR_AGR_003(1.0),6701,19,2005,538611,
STATSNZ:AGR_AGR_003(1.0),7699,17,2005,371374,
STATSNZ:AGR_AGR_003(1.0),7686,7,2005,849,
STATSNZ:AGR_AGR_003(1.0),7077,10,2006,3258533,
STATSNZ:AGR_AGR_003(1.0),7057,3,2006,30373,
STATSNZ:AGR_AGR_003(1.0),7057,7,2006,4166,
STATSNZ:AGR_AGR_003(1.0),7059,14,2006,1522,
STATSNZ:AGR_AGR_003(1.0),7065,4,2006,7730,
STATSNZ:AGR_AGR_003(1.0),7065,8,2006,54681,
STATSNZ:AGR_AGR_003(1.0),7067,11,2006,5210,
STATSNZ:AGR_AGR_003(1.0),7071,1,2006,22719,
STATSNZ:AGR_AGR_003(1.0),7073,8,2006,60343,
STATSNZ:AGR_AGR_003(1.0),6703,8,2006,5677919,
STATSNZ:AGR_AGR_003(1.0),6702,2,2006,208560,
STATSNZ:AGR_AGR_003(1.0),7685,9,2006,1387,
STATSNZ:AGR_AGR_003(1.0),7687,16,2006,98465,
STATSNZ:AGR_AGR_003(1.0),7687,20,2006,738103,
STATSNZ:AGR_AGR_003(1.0),7696,6,2006,30746,
STATSNZ:AGR_AGR_003(1.0),6949,17,2006,452,
STATSNZ:AGR_AGR_003(1.0),7185,3,2007,14545,
STATSNZ:AGR_AGR_003(1.0),7187,14,2007,121483,
STATSNZ:AGR_AGR_003(1.0),7190,4,2007,198444,
STATSNZ:AGR_AGR_003(1.0),6720,7,2007,6482,
STATSNZ:AGR_AGR_003(1.0),6722,1,2007,4097,
STATSNZ:AGR_AGR_003(1.0),6722,18,2007,340,
STATSNZ:AGR_AGR_003(1.0),6724,8,2007,1096268,
STATSNZ:AGR_AGR_003(1.0),6738,15,2007,783681,
STATSNZ:AGR_AGR_003(1.0),7056,8,2008,140304,
STATSNZ:AGR_AGR_003(1.0),7058,15,2008,15912,
STATSNZ:AGR_AGR_003(1.0),7064,5,2008,36477,
STATSNZ:AGR_AGR_003(1.0),7066,20,2008,495081,
STATSNZ:AGR_AGR_003(1.0),7068,2,2008,1363,
STATSNZ:AGR_AGR_003(1.0),7072,9,2008,10929,
STATSNZ:AGR_AGR_003(1.0),7072,13,2008,563,
STATSNZ:AGR_AGR_003(1.0),7074,3,2008,103893,
STATSNZ:AGR_AGR_003(1.0),6701,3,2008,117805,
STATSNZ:AGR_AGR_003(1.0),6701,20,2008,1092552,
STATSNZ:AGR_AGR_003(1.0),7699,19,2008,848161,
STATSNZ:AGR_AGR_003(1.0),7686,4,2008,12317,
STATSNZ:AGR_AGR_003(1.0),7686,10,2008,86970,
STATSNZ:AGR_AGR_003(1.0),6951,8,2008,336,
STATSNZ:AGR_AGR_003(1.0),7057,10,2009,98049,
STATSNZ:AGR_AGR_003(1.0),7067,8,2009,60195,
STATSNZ:AGR_AGR_003(1.0),7193,8,2009,424880,
STATSNZ:AGR_AGR_003(1.0),7185,2,2009,778,
STATSNZ:AGR_AGR_003(1.0),7187,9,2009,63402,
STATSNZ:AGR_AGR_003(1.0),7190,16,2009,150944,
STATSNZ:AGR_AGR_003(1.0),7685,2,2009,1706,
STATSNZ:AGR_AGR_003(1.0),7687,9,2009,7580,
STATSNZ:AGR_AGR_003(1.0),7696,3,2009,34854,
STATSNZ:AGR_AGR_003(1.0),7077,11,2010,49783,
STATSNZ:AGR_AGR_003(1.0),7057,1,2010,19922,
STATSNZ:AGR_AGR_003(1.0),7059,4,2010,7935,
STATSNZ:AGR_AGR_003(1.0),7059,8,2010,45320,
STATSNZ:AGR_AGR_003(1.0),7065,15,2010,18655,
STATSNZ:AGR_AGR_003(1.0),7067,5,2010,28932,
STATSNZ:AGR_AGR_003(1.0),6723,5,2010,82998,
STATSNZ:AGR_AGR_003(1.0),6727,20,2010,382694,
STATSNZ:AGR_AGR_003(1.0),6702,9,2010,1342591,
STATSNZ:AGR_AGR_003(1.0),6702,13,2010,367009,
STATSNZ:AGR_AGR_003(1.0),7685,3,2010,7710,
STATSNZ:AGR_AGR_003(1.0),7687,19,2010,396300,
STATSNZ:AGR_AGR_003(1.0),7696,13,2010,3107,
STATSNZ:AGR_AGR_003(1.0),7696,17,2010,103659,
STATSNZ:AGR_AGR_003(1.0),6949,7,2010,1619,
STATSNZ:AGR_AGR_003(1.0),6953,14,2010,165,
STATSNZ:AGR_AGR_003(1.0),7056,2,2011,14828,
STATSNZ:AGR_AGR_003(1.0),7058,9,2011,6082,
STATSNZ:AGR_AGR_003(1.0),7064,16,2011,35605,
STATSNZ:AGR_AGR_003(1.0),7064,20,2011,476153,
STATSNZ:AGR_AGR_003(1.0),7066,6,2011,43137,
STATSNZ:AGR_AGR_003(1.0),7066,19,2011,140349,
STATSNZ:AGR_AGR_003(1.0),7068,10,2011,50975,
STATSNZ:AGR_AGR_003(1.0),7072,3,2011,40208,
STATSNZ:AGR_AGR_003(1.0),7184,4,2011,44060,
STATSNZ:AGR_AGR_003(1.0),7699,4,2011,42471,
STATSNZ:AGR_AGR_003(1.0),6954,8,2011,31804,
STATSNZ:AGR_AGR_003(1.0),6955,9,2011,24724,
STATSNZ:AGR_AGR_003(1.0),7059,2,2012,18504,
STATSNZ:AGR_AGR_003(1.0),7065,9,2012,5982,
STATSNZ:AGR_AGR_003(1.0),7065,13,2012,2869,
STATSNZ:AGR_AGR_003(1.0),7067,3,2012,54434,
STATSNZ:AGR_AGR_003(1.0),7071,6,2012,23954,
STATSNZ:AGR_AGR_003(1.0),7073,13,2012,1582,
STATSNZ:AGR_AGR_003(1.0),7073,17,2012,8918,
STATSNZ:AGR_AGR_003(1.0),7193,7,2012,604383,
STATSNZ:AGR_AGR_003(1.0),7696,11,2012,6545,
STATSNZ:AGR_AGR_003(1.0),6949,1,2012,476,
STATSNZ:AGR_AGR_003(1.0),6949,18,2012,0,
STATSNZ:AGR_AGR_003(1.0),6953,12,2012,,c
STATSNZ:AGR_AGR_003(1.0),7810,2,2012,5800,
STATSNZ:AGR_AGR_003(1.0),7193,2,2013,110288,
STATSNZ:AGR_AGR_003(1.0),7185,9,2013,,s
STATSNZ:AGR_AGR_003(1.0),7187,3,2013,1447830,
STATSNZ:AGR_AGR_003(1.0),6720,13,2013,5364,
STATSNZ:AGR_AGR_003(1.0),6720,17,2013,41179,
STATSNZ:AGR_AGR_003(1.0),6722,7,2013,,s
STATSNZ:AGR_AGR_003(1.0),6724,14,2013,,s
STATSNZ:AGR_AGR_003(1.0),6738,4,2013,31725,
STATSNZ:AGR_AGR_003(1.0),6701,11,2013,11118,
STATSNZ:AGR_AGR_003(1.0),7064,19,2014,154008,
STATSNZ:AGR_AGR_003(1.0),7066,4,2014,12954,
STATSNZ:AGR_AGR_003(1.0),7066,10,2014,304133,
STATSNZ:AGR_AGR_003(1.0),7068,11,2014,817,
STATSNZ:AGR_AGR_003(1.0),7072,14,2014,1628,
STATSNZ:AGR_AGR_003(1.0),7074,4,2014,14136,
STATSNZ:AGR_AGR_003(1.0),7074,8,2014,121680,
STATSNZ:AGR_AGR_003(1.0),7184,15,2014,191711,
STATSNZ:AGR_AGR_003(1.0),7188,12,2014,,c
STATSNZ:AGR_AGR_003(1.0),7686,5,2014,3937,
STATSNZ:AGR_AGR_003(1.0),7688,20,2014,200655,
STATSNZ:AGR_AGR_003(1.0),6954,2,2014,,c
STATSNZ:AGR_AGR_003(1.0),6951,9,2014,105,
STATSNZ:AGR_AGR_003(1.0),6951,13,2014,,c
STATSNZ:AGR_AGR_003(1.0),6955,3,2014,72188,
STATSNZ:AGR_AGR_003(1.0),7059,13,2015,5179,
STATSNZ:AGR_AGR_003(1.0),7065,3,2015,47998,
STATSNZ:AGR_AGR_003(1.0),7067,14,2015,6159,
STATSNZ:AGR_AGR_003(1.0),7071,4,2015,1298,
STATSNZ:AGR_AGR_003(1.0),7073,7,2015,12404,
STATSNZ:AGR_AGR_003(1.0),7073,11,2015,2822,
STATSNZ:AGR_AGR_003(1.0),7193,1,2015,380616,
STATSNZ:AGR_AGR_003(1.0),7193,18,2015,0,
STATSNZ:AGR_AGR_003(1.0),7185,8,2015,6312,
STATSNZ:AGR_AGR_003(1.0),7187,15,2015,971215,
STATSNZ:AGR_AGR_003(1.0),6720,16,2015,49955,
STATSNZ:AGR_AGR_003(1.0),6949,12,2015,0,
STATSNZ:AGR_AGR_003(1.0),6949,16,2015,459,
STATSNZ:AGR_AGR_003(1.0),6953,6,2015,,c
STATSNZ:AGR_AGR_003(1.0),7810,13,2015,443,
STATSNZ:AGR_AGR_003(1.0),7065,1,2016,26292,
STATSNZ:AGR_AGR_003(1.0),7065,18,2016,1067,
STATSNZ:AGR_AGR_003(1.0),7067,12,2016,205,
STATSNZ:AGR_AGR_003(1.0),7071,2,2016,1366,
STATSNZ:AGR_AGR_003(1.0),7073,5,2016,10883,
STATSNZ:AGR_AGR_003(1.0),7193,16,2016,312087,
STATSNZ:AGR_AGR_003(1.0),7193,20,2016,6618800,
STATSNZ:AGR_AGR_003(1.0),7185,6,2016,2257,
STATSNZ:AGR_AGR_003(1.0),7187,13,2016,,c
STATSNZ:AGR_AGR_003(1.0),6720,14,2016,402,
STATSNZ:AGR_AGR_003(1.0),6949,14,2016,18,
STATSNZ:AGR_AGR_003(1.0),6949,19,2016,14319,
STATSNZ:AGR_AGR_003(1.0),6953,4,2016,1591,
STATSNZ:AGR_AGR_003(1.0),6953,10,2016,87460,
STATSNZ:AGR_AGR_003(1.0),7810,11,2016,611,
STATSNZ:AGR_AGR_003(1.0),7071,20,2017,94346,
STATSNZ:AGR_AGR_003(1.0),7073,6,2017,41403,
STATSNZ:AGR_AGR_003(1.0),7193,10,2017,3956282,
STATSNZ:AGR_AGR_003(1.0),7185,3,2017,19353,
STATSNZ:AGR_AGR_003(1.0),7187,14,2017,124128,
STATSNZ:AGR_AGR_003(1.0),7187,19,2017,1936894,
STATSNZ:AGR_AGR_003(1.0),7190,4,2017,224046,
STATSNZ:AGR_AGR_003(1.0),7190,10,2017,2799886,
STATSNZ:AGR_AGR_003(1.0),6720,7,2017,4468,
STATSNZ:AGR_AGR_003(1.0),6722,14,2017,372,
STATSNZ:AGR_AGR_003(1.0),6722,18,2017,531,
STATSNZ:AGR_AGR_003(1.0),6724,8,2017,718748,
STATSNZ:AGR_AGR_003(1.0),7696,10,2017,83331,
STATSNZ:AGR_AGR_003(1.0),6953,1,2017,2698,
STATSNZ:AGR_AGR_003(1.0),7810,8,2017,3396,
STATSNZ:AGR_AGR_003(1.0),7058,18,2018,75,
STATSNZ:AGR_AGR_003(1.0),7193,19,2018,2569441,
STATSNZ:AGR_AGR_003(1.0),7185,4,2018,2268,
STATSNZ:AGR_AGR_003(1.0),7185,10,2018,39067,
STATSNZ:AGR_AGR_003(1.0),7190,14,2018,109316,
STATSNZ:AGR_AGR_003(1.0),7190,18,2018,0,
STATSNZ:AGR_AGR_003(1.0),6720,8,2018,49453,
STATSNZ:AGR_AGR_003(1.0),6722,15,2018,54965,
STATSNZ:AGR_AGR_003(1.0),6724,18,2018,,s
STATSNZ:AGR_AGR_003(1.0),6738,12,2018,3586,
STATSNZ:AGR_AGR_003(1.0),7065,12,2019,,s
STATSNZ:AGR_AGR_003(1.0),7067,2,2019,,s
STATSNZ:AGR_AGR_003(1.0),7067,6,2019,44360,
STATSNZ:AGR_AGR_003(1.0),7071,13,2019,149,
STATSNZ:AGR_AGR_003(1.0),7073,3,2019,48324,
STATSNZ:AGR_AGR_003(1.0),7193,19,2019,2439376,
STATSNZ:AGR_AGR_003(1.0),7185,10,2019,38557,
STATSNZ:AGR_AGR_003(1.0),7185,17,2019,7299,
STATSNZ:AGR_AGR_003(1.0),7187,7,2019,475334,
STATSNZ:AGR_AGR_003(1.0),7190,14,2019,109131,
STATSNZ:AGR_AGR_003(1.0),6722,15,2019,51589,
STATSNZ:AGR_AGR_003(1.0),6953,15,2019,141957,
STATSNZ:AGR_AGR_003(1.0),7810,5,2019,831,
STATSNZ:AGR_AGR_003(1.0),7077,6,2020,400456,
STATSNZ:AGR_AGR_003(1.0),7057,10,2020,109312,
STATSNZ:AGR_AGR_003(1.0),7057,17,2020,14078,
STATSNZ:AGR_AGR_003(1.0),7059,7,2020,9097,
STATSNZ:AGR_AGR_003(1.0),6727,11,2020,,s
STATSNZ:AGR_AGR_003(1.0),6703,1,2020,194807,
STATSNZ:AGR_AGR_003(1.0),6703,5,2020,1285101,
STATSNZ:AGR_AGR_003(1.0),6702,12,2020,8834,
STATSNZ:AGR_AGR_003(1.0),7685,15,2020,45677,
STATSNZ:AGR_AGR_003(1.0),7687,5,2020,,s
STATSNZ:AGR_AGR_003(1.0),7687,9,2020,,s
STATSNZ:AGR_AGR_003(1.0),7696,16,2020,51038,
STATSNZ:AGR_AGR_003(1.0),7696,20,2020,313649,
STATSNZ:AGR_AGR_003(1.0),6949,6,2020,442,
STATSNZ:AGR_AGR_003(1.0),7058,7,2021,,s
STATSNZ:AGR_AGR_003(1.0),7064,14,2021,4251,
STATSNZ:AGR_AGR_003(1.0),7066,8,2021,64840,
STATSNZ:AGR_AGR_003(1.0),7072,1,2021,29807,
STATSNZ:AGR_AGR_003(1.0),7072,18,2021,,s
STATSNZ:AGR_AGR_003(1.0),7074,12,2021,70,
STATSNZ:AGR_AGR_003(1.0),7184,2,2021,10633,
STATSNZ:AGR_AGR_003(1.0),7186,9,2021,,s
STATSNZ:AGR_AGR_003(1.0),7188,16,2021,,s
STATSNZ:AGR_AGR_003(1.0),6954,6,2021,3834,
STATSNZ:AGR_AGR_003(1.0),6954,19,2021,168791,
STATSNZ:AGR_AGR_003(1.0),6951,10,2021,1306,
STATSNZ:AGR_AGR_003(1.0),6951,17,2021,,s
STATSNZ:AGR_AGR_003(1.0),6955,7,2021,23439,
STATSNZ:AGR_AGR_003(1.0),7067,10,2022,270758,
STATSNZ:AGR_AGR_003(1.0),7071,7,2022,2079,
STATSNZ:AGR_AGR_003(1.0),7073,14,2022,828,
STATSNZ:AGR_AGR_003(1.0),7193,4,2022,302673,
STATSNZ:AGR_AGR_003(1.0),7185,11,2022,1054,
STATSNZ:AGR_AGR_003(1.0),7187,1,2022,217185,
STATSNZ:AGR_AGR_003(1.0),7187,5,2022,5518,
STATSNZ:AGR_AGR_003(1.0),6720,15,2022,36836,
STATSNZ:AGR_AGR_003(1.0),6722,9,2022,9590,
STATSNZ:AGR_AGR_003(1.0),6953,9,2022,6179,
STATSNZ:AGR_AGR_003(1.0),7810,16,2022,1285,
STATSNZ:AGR_AGR_003(1.0),7810,20,2022,33531,
STATSNZ:AGR_AGR_003(1.0),7077,17,2023,199281,
STATSNZ:AGR_AGR_003(1.0),7057,7,2023,,s
STATSNZ:AGR_AGR_003(1.0),7057,11,2023,,s
STATSNZ:AGR_AGR_003(1.0),7059,1,2023,35981,
STATSNZ:AGR_AGR_003(1.0),7059,18,2023,,s
STATSNZ:AGR_AGR_003(1.0),7065,8,2023,33639,
STATSNZ:AGR_AGR_003(1.0),7067,15,2023,85509,
STATSNZ:AGR_AGR_003(1.0),7073,16,2023,11587,
STATSNZ:AGR_AGR_003(1.0),6703,12,2023,3354,
STATSNZ:AGR_AGR_003(1.0),6703,16,2023,3795092,
STATSNZ:AGR_AGR_003(1.0),6702,6,2023,1806173,
STATSNZ:AGR_AGR_003(1.0),7685,13,2023,1179,
STATSNZ:AGR_AGR_003(1.0),7687,3,2023,15971,
STATSNZ:AGR_AGR_003(1.0),7687,20,2023,293937,
STATSNZ:AGR_AGR_003(1.0),7696,19,2023,191866,
STATSNZ:AGR_AGR_003(1.0),6949,10,2023,8405,
STATSNZ:AGR_AGR_003(1.0),6949,17,2023,,s
STATSNZ:AGR_AGR_003(1.0),7065,2,2024,10951,
STATSNZ:AGR_AGR_003(1.0),7071,16,2024,7508,
STATSNZ:AGR_AGR_003(1.0),7071,20,2024,90052,
STATSNZ:AGR_AGR_003(1.0),7073,6,2024,30703,
STATSNZ:AGR_AGR_003(1.0),7193,10,2024,3315676,
STATSNZ:AGR_AGR_003(1.0),7185,3,2024,18982,
STATSNZ:AGR_AGR_003(1.0),7187,14,2024,131391,
STATSNZ:AGR_AGR_003(1.0),7187,19,2024,2007610,
STATSNZ:AGR_AGR_003(1.0),7190,4,2024,209286,
STATSNZ:AGR_AGR_003(1.0),6722,18,2024,5767,
STATSNZ:AGR_AGR_003(1.0),7696,4,2024,8057,
STATSNZ:AGR_AGR_003(1.0),7696,10,2024,60768,
STATSNZ:AGR_AGR_003(1.0),6949,11,2024,,s
STATSNZ:AGR_AGR_003(1.0),6953,1,2024,2846,
STATSNZ:AGR_AGR_003(1.0),6953,5,2024,,s
STATSNZ:AGR_AGR_003(1.0),7810,8,2024,,s
STATSNZ:AGR_AGR_003(1.0),6731,6,1994,4264012,
STATSNZ:AGR_AGR_003(1.0),6724,15,1994,1493784,
STATSNZ:AGR_AGR_003(1.0),7193,3,1994,1437630,
STATSNZ:AGR_AGR_003(1.0),7699,19,1994,615821,
STATSNZ:AGR_AGR_003(1.0),7193,7,1994,599083,
STATSNZ:AGR_AGR_003(1.0),7190,2,1994,110651,
STATSNZ:AGR_AGR_003(1.0),6738,13,1994,50196,
STATSNZ:AGR_AGR_003(1.0),6727,18,1994,22102,
STATSNZ:AGR_AGR_003(1.0),7686,4,1994,15847,
STATSNZ:AGR_AGR_003(1.0),6727,1,1994,9515,
STATSNZ:AGR_AGR_003(1.0),7185,1,1994,2561,
STATSNZ:AGR_AGR_003(1.0),7188,12,1994,150,
STATSNZ:AGR_AGR_003(1.0),7077,19,2002,1148146,
STATSNZ:AGR_AGR_003(1.0),6701,10,2002,636175,
STATSNZ:AGR_AGR_003(1.0),6724,3,2002,331670,
STATSNZ:AGR_AGR_003(1.0),6721,1,2002,321061,
STATSNZ:AGR_AGR_003(1.0),6703,14,2002,85468,
STATSNZ:AGR_AGR_003(1.0),7696,3,2002,54341,
STATSNZ:AGR_AGR_003(1.0),6701,4,2002,20324,
STATSNZ:AGR_AGR_003(1.0),7687,9,2002,13642,
STATSNZ:AGR_AGR_003(1.0),6722,5,2002,7888,
STATSNZ:AGR_AGR_003(1.0),6702,16,2003,4940580,
STATSNZ:AGR_AGR_003(1.0),6703,5,2003,1465448,
STATSNZ:AGR_AGR_003(1.0),6720,2,2003,4282,
STATSNZ:AGR_AGR_003(1.0),6955,10,2003,319802,
STATSNZ:AGR_AGR_003(1.0),6955,17,2003,7350,
STATSNZ:AGR_AGR_003(1.0),7072,15,2003,38955,
STATSNZ:AGR_AGR_003(1.0),7185,7,2003,4992,
STATSNZ:AGR_AGR_003(1.0),7056,3,2004,111558,
STATSNZ:AGR_AGR_003(1.0),7056,20,2004,1107806,
STATSNZ:AGR_AGR_003(1.0),7057,7,2004,4084,
STATSNZ:AGR_AGR_003(1.0),7064,10,2004,403156,
STATSNZ:AGR_AGR_003(1.0),7065,4,2004,6369,
STATSNZ:AGR_AGR_003(1.0),7066,16,2004,24482,
STATSNZ:AGR_AGR_003(1.0),7067,2,2004,20176,
STATSNZ:AGR_AGR_003(1.0),7073,3,2004,58997,
STATSNZ:AGR_AGR_003(1.0),7074,11,2004,10266,
STATSNZ:AGR_AGR_003(1.0),6721,4,2004,291742,
STATSNZ:AGR_AGR_003(1.0),6701,3,2004,130301,
STATSNZ:AGR_AGR_003(1.0),6701,7,2004,27891,
STATSNZ:AGR_AGR_003(1.0),7686,4,2004,15170,
STATSNZ:AGR_AGR_003(1.0),7687,12,2004,515,
STATSNZ:AGR_AGR_003(1.0),7688,2,2004,5384,
STATSNZ:AGR_AGR_003(1.0),7696,6,2004,51211,
STATSNZ:AGR_AGR_003(1.0),7810,1,2004,3337,
STATSNZ:AGR_AGR_003(1.0),7065,20,2005,273413,
STATSNZ:AGR_AGR_003(1.0),7067,19,2005,144891,
STATSNZ:AGR_AGR_003(1.0),7074,2,2005,24619,
STATSNZ:AGR_AGR_003(1.0),7188,14,2005,3718,
STATSNZ:AGR_AGR_003(1.0),6731,8,2005,6738633,
STATSNZ:AGR_AGR_003(1.0),6724,17,2005,763256,
STATSNZ:AGR_AGR_003(1.0),7056,16,2006,95536,
STATSNZ:AGR_AGR_003(1.0),7064,17,2006,36712,
STATSNZ:AGR_AGR_003(1.0),7072,9,2006,18566,
STATSNZ:AGR_AGR_003(1.0),7185,1,2006,3485,
STATSNZ:AGR_AGR_003(1.0),6720,13,2006,7212,
STATSNZ:AGR_AGR_003(1.0),6721,17,2006,4395966,
STATSNZ:AGR_AGR_003(1.0),6703,16,2006,5046137,
STATSNZ:AGR_AGR_003(1.0),6703,20,2006,33809880,
STATSNZ:AGR_AGR_003(1.0),7057,18,2007,471,
STATSNZ:AGR_AGR_003(1.0),7064,11,2007,7750,
STATSNZ:AGR_AGR_003(1.0),7065,15,2007,37495,
STATSNZ:AGR_AGR_003(1.0),7067,13,2007,6600,
STATSNZ:AGR_AGR_003(1.0),7073,14,2007,2372,
STATSNZ:AGR_AGR_003(1.0),7074,18,2007,5651,
STATSNZ:AGR_AGR_003(1.0),6701,1,2007,15166,
STATSNZ:AGR_AGR_003(1.0),6701,18,2007,1333,
STATSNZ:AGR_AGR_003(1.0),7686,15,2007,88512,
STATSNZ:AGR_AGR_003(1.0),7696,10,2007,153806,
STATSNZ:AGR_AGR_003(1.0),7696,17,2007,128365,
STATSNZ:AGR_AGR_003(1.0),6954,7,2007,18031,
STATSNZ:AGR_AGR_003(1.0),6953,1,2007,3272,
STATSNZ:AGR_AGR_003(1.0),7810,12,2007,72,
STATSNZ:AGR_AGR_003(1.0),7810,16,2007,2885,
STATSNZ:AGR_AGR_003(1.0),7077,10,2008,2966122,
STATSNZ:AGR_AGR_003(1.0),7074,12,2008,437,
STATSNZ:AGR_AGR_003(1.0),7187,4,2008,243923,
STATSNZ:AGR_AGR_003(1.0),7190,15,2008,469959,
STATSNZ:AGR_AGR_003(1.0),6720,13,2008,5608,
STATSNZ:AGR_AGR_003(1.0),6724,14,2008,3717,
STATSNZ:AGR_AGR_003(1.0),6724,19,2008,2172139,
STATSNZ:AGR_AGR_003(1.0),6702,2,2008,176475,
STATSNZ:AGR_AGR_003(1.0),7056,13,2009,21552,
STATSNZ:AGR_AGR_003(1.0),6731,3,2009,2101906,
STATSNZ:AGR_AGR_003(1.0),6721,14,2009,34653,
STATSNZ:AGR_AGR_003(1.0),6738,6,2009,471339,
STATSNZ:AGR_AGR_003(1.0),6703,9,2009,1312699,
STATSNZ:AGR_AGR_003(1.0),6703,13,2009,364326,
STATSNZ:AGR_AGR_003(1.0),7686,1,2009,1473,
STATSNZ:AGR_AGR_003(1.0),7068,13,2010,902,
STATSNZ:AGR_AGR_003(1.0),7193,5,2010,10535,
STATSNZ:AGR_AGR_003(1.0),7185,3,2010,14437,
STATSNZ:AGR_AGR_003(1.0),7185,20,2010,57808,
STATSNZ:AGR_AGR_003(1.0),7190,10,2010,2442137,
STATSNZ:AGR_AGR_003(1.0),6731,8,2010,5796023,
STATSNZ:AGR_AGR_003(1.0),6721,2,2010,141073,
STATSNZ:AGR_AGR_003(1.0),6727,3,2010,13621,
STATSNZ:AGR_AGR_003(1.0),6954,4,2010,6574,
STATSNZ:AGR_AGR_003(1.0),6951,15,2010,4035,
STATSNZ:AGR_AGR_003(1.0),7077,11,2011,46355,
STATSNZ:AGR_AGR_003(1.0),7058,13,2011,846,
STATSNZ:AGR_AGR_003(1.0),7074,6,2011,92958,
STATSNZ:AGR_AGR_003(1.0),7187,15,2011,787827,
STATSNZ:AGR_AGR_003(1.0),7190,9,2011,64652,
STATSNZ:AGR_AGR_003(1.0),6723,1,2011,21067,
STATSNZ:AGR_AGR_003(1.0),6723,18,2011,2758,
STATSNZ:AGR_AGR_003(1.0),6724,4,2011,37079,
STATSNZ:AGR_AGR_003(1.0),6702,13,2011,265709,
STATSNZ:AGR_AGR_003(1.0),6954,16,2011,8490,
STATSNZ:AGR_AGR_003(1.0),7077,13,2012,60127,
STATSNZ:AGR_AGR_003(1.0),7064,18,2012,1873,
STATSNZ:AGR_AGR_003(1.0),7187,17,2012,516906,
STATSNZ:AGR_AGR_003(1.0),6720,14,2012,1045,
STATSNZ:AGR_AGR_003(1.0),6722,12,2012,,c
STATSNZ:AGR_AGR_003(1.0),6727,6,2012,21944,
STATSNZ:AGR_AGR_003(1.0),6703,17,2012,4487681,
STATSNZ:AGR_AGR_003(1.0),7685,1,2012,561,
STATSNZ:AGR_AGR_003(1.0),7077,4,2013,92984,
STATSNZ:AGR_AGR_003(1.0),7056,12,2013,,s
STATSNZ:AGR_AGR_003(1.0),7059,5,2013,22142,
STATSNZ:AGR_AGR_003(1.0),7064,9,2013,18510,
STATSNZ:AGR_AGR_003(1.0),7066,7,2013,19439,
STATSNZ:AGR_AGR_003(1.0),7071,18,2013,,c
STATSNZ:AGR_AGR_003(1.0),7072,8,2013,37844,
STATSNZ:AGR_AGR_003(1.0),7073,12,2013,,c
STATSNZ:AGR_AGR_003(1.0),7187,7,2013,488519,
STATSNZ:AGR_AGR_003(1.0),6703,8,2013,4593887,
STATSNZ:AGR_AGR_003(1.0),6703,12,2013,4834,
STATSNZ:AGR_AGR_003(1.0),7685,9,2013,1965,
STATSNZ:AGR_AGR_003(1.0),7687,7,2013,,s
STATSNZ:AGR_AGR_003(1.0),7688,11,2013,2936,
STATSNZ:AGR_AGR_003(1.0),6951,12,2013,0,
STATSNZ:AGR_AGR_003(1.0),6955,6,2013,,c
STATSNZ:AGR_AGR_003(1.0),6955,19,2013,419429,
STATSNZ:AGR_AGR_003(1.0),7077,5,2014,277484,
STATSNZ:AGR_AGR_003(1.0),7057,20,2014,149384,
STATSNZ:AGR_AGR_003(1.0),7058,7,2014,5295,
STATSNZ:AGR_AGR_003(1.0),7066,8,2014,68292,
STATSNZ:AGR_AGR_003(1.0),7074,10,2014,484167,
STATSNZ:AGR_AGR_003(1.0),7186,1,2014,2619,
STATSNZ:AGR_AGR_003(1.0),7190,3,2014,1157708,
STATSNZ:AGR_AGR_003(1.0),6722,10,2014,134496,
STATSNZ:AGR_AGR_003(1.0),6723,12,2014,248,
STATSNZ:AGR_AGR_003(1.0),6724,15,2014,764902,
STATSNZ:AGR_AGR_003(1.0),6703,9,2014,1147463,
STATSNZ:AGR_AGR_003(1.0),6702,7,2014,380761,
STATSNZ:AGR_AGR_003(1.0),7685,18,2014,0,
STATSNZ:AGR_AGR_003(1.0),6954,19,2014,188295,
STATSNZ:AGR_AGR_003(1.0),7077,7,2015,128274,
STATSNZ:AGR_AGR_003(1.0),7058,18,2015,440,
STATSNZ:AGR_AGR_003(1.0),7064,12,2015,186,
STATSNZ:AGR_AGR_003(1.0),7064,16,2015,40722,
STATSNZ:AGR_AGR_003(1.0),7068,13,2015,1524,
STATSNZ:AGR_AGR_003(1.0),6720,8,2015,53588,
STATSNZ:AGR_AGR_003(1.0),6722,6,2015,25379,
STATSNZ:AGR_AGR_003(1.0),6727,10,2015,21327,
STATSNZ:AGR_AGR_003(1.0),6727,17,2015,6567,
STATSNZ:AGR_AGR_003(1.0),6738,3,2015,202106,
STATSNZ:AGR_AGR_003(1.0),6738,7,2015,43709,
STATSNZ:AGR_AGR_003(1.0),6703,11,2015,321964,
STATSNZ:AGR_AGR_003(1.0),7685,12,2015,0,
STATSNZ:AGR_AGR_003(1.0),7687,6,2015,30007,
STATSNZ:AGR_AGR_003(1.0),6951,15,2015,2877,
STATSNZ:AGR_AGR_003(1.0),7058,16,2016,9431,
STATSNZ:AGR_AGR_003(1.0),7064,14,2016,4725,
STATSNZ:AGR_AGR_003(1.0),7064,19,2016,154011,
STATSNZ:AGR_AGR_003(1.0),7068,11,2016,838,
STATSNZ:AGR_AGR_003(1.0),6720,6,2016,27848,
STATSNZ:AGR_AGR_003(1.0),6722,4,2016,4653,
STATSNZ:AGR_AGR_003(1.0),6727,15,2016,96522,
STATSNZ:AGR_AGR_003(1.0),6738,1,2016,49794,
STATSNZ:AGR_AGR_003(1.0),6738,5,2016,185310,
STATSNZ:AGR_AGR_003(1.0),6703,9,2016,1228220,
STATSNZ:AGR_AGR_003(1.0),7685,19,2016,55367,
STATSNZ:AGR_AGR_003(1.0),7686,18,2016,,c
STATSNZ:AGR_AGR_003(1.0),7687,4,2016,15541,
STATSNZ:AGR_AGR_003(1.0),6951,13,2016,,c
STATSNZ:AGR_AGR_003(1.0),7058,10,2017,98622,
STATSNZ:AGR_AGR_003(1.0),7059,8,2017,45206,
STATSNZ:AGR_AGR_003(1.0),7064,11,2017,5279,
STATSNZ:AGR_AGR_003(1.0),7071,3,2017,21890,
STATSNZ:AGR_AGR_003(1.0),7073,14,2017,1314,
STATSNZ:AGR_AGR_003(1.0),6721,15,2017,2599818,
STATSNZ:AGR_AGR_003(1.0),6727,16,2017,101337,
STATSNZ:AGR_AGR_003(1.0),6727,20,2017,254258,
STATSNZ:AGR_AGR_003(1.0),6703,19,2017,12481699,
STATSNZ:AGR_AGR_003(1.0),6701,18,2017,1223,
STATSNZ:AGR_AGR_003(1.0),7699,4,2017,32645,
STATSNZ:AGR_AGR_003(1.0),7685,11,2017,2136,
STATSNZ:AGR_AGR_003(1.0),7686,15,2017,53640,
STATSNZ:AGR_AGR_003(1.0),7688,13,2017,956,
STATSNZ:AGR_AGR_003(1.0),6953,18,2017,,s
STATSNZ:AGR_AGR_003(1.0),7077,8,2018,554018,
STATSNZ:AGR_AGR_003(1.0),7058,1,2018,17937,
STATSNZ:AGR_AGR_003(1.0),7059,5,2018,20372,
STATSNZ:AGR_AGR_003(1.0),7065,3,2018,35539,
STATSNZ:AGR_AGR_003(1.0),7068,14,2018,753,
STATSNZ:AGR_AGR_003(1.0),7071,4,2018,,s
STATSNZ:AGR_AGR_003(1.0),7072,8,2018,33727,
STATSNZ:AGR_AGR_003(1.0),7072,12,2018,13,
STATSNZ:AGR_AGR_003(1.0),7186,3,2018,,s
STATSNZ:AGR_AGR_003(1.0),6738,4,2018,11934,
STATSNZ:AGR_AGR_003(1.0),6738,8,2018,495919,
STATSNZ:AGR_AGR_003(1.0),7699,5,2018,,s
STATSNZ:AGR_AGR_003(1.0),7686,3,2018,16100,
STATSNZ:AGR_AGR_003(1.0),7687,7,2018,1149,
STATSNZ:AGR_AGR_003(1.0),6951,16,2018,238,
STATSNZ:AGR_AGR_003(1.0),6953,2,2018,11022,
STATSNZ:AGR_AGR_003(1.0),7077,16,2019,325432,
STATSNZ:AGR_AGR_003(1.0),7058,19,2019,34038,
STATSNZ:AGR_AGR_003(1.0),7068,5,2019,3815,
STATSNZ:AGR_AGR_003(1.0),6720,10,2019,141698,
STATSNZ:AGR_AGR_003(1.0),6720,17,2019,31552,
STATSNZ:AGR_AGR_003(1.0),6724,1,2019,56349,
STATSNZ:AGR_AGR_003(1.0),6727,9,2019,8571,
STATSNZ:AGR_AGR_003(1.0),7685,4,2019,,s
STATSNZ:AGR_AGR_003(1.0),7685,10,2019,40975,
STATSNZ:AGR_AGR_003(1.0),7687,15,2019,112103,
STATSNZ:AGR_AGR_003(1.0),6951,7,2019,201,
STATSNZ:AGR_AGR_003(1.0),7067,13,2020,4095,
STATSNZ:AGR_AGR_003(1.0),7067,17,2020,24493,
STATSNZ:AGR_AGR_003(1.0),7073,14,2020,,s
STATSNZ:AGR_AGR_003(1.0),7193,12,2020,,s
STATSNZ:AGR_AGR_003(1.0),7184,16,2020,52904,
STATSNZ:AGR_AGR_003(1.0),7184,20,2020,873168,
STATSNZ:AGR_AGR_003(1.0),7188,10,2020,216315,
STATSNZ:AGR_AGR_003(1.0),6731,11,2020,165437,
STATSNZ:AGR_AGR_003(1.0),6738,14,2020,1138,
STATSNZ:AGR_AGR_003(1.0),6954,7,2020,12762,
STATSNZ:AGR_AGR_003(1.0),7810,16,2020,1521,
STATSNZ:AGR_AGR_003(1.0),7810,20,2020,38647,
STATSNZ:AGR_AGR_003(1.0),7077,18,2021,,s
STATSNZ:AGR_AGR_003(1.0),7056,8,2021,148287,
STATSNZ:AGR_AGR_003(1.0),7057,16,2021,13852,
STATSNZ:AGR_AGR_003(1.0),7065,10,2021,223049,
STATSNZ:AGR_AGR_003(1.0),7065,17,2021,,s
STATSNZ:AGR_AGR_003(1.0),7188,12,2021,,s
STATSNZ:AGR_AGR_003(1.0),6721,9,2021,805670,
STATSNZ:AGR_AGR_003(1.0),6722,4,2021,6780,
STATSNZ:AGR_AGR_003(1.0),6723,7,2021,,s
STATSNZ:AGR_AGR_003(1.0),6738,1,2021,33680,
STATSNZ:AGR_AGR_003(1.0),6701,16,2021,164874,
STATSNZ:AGR_AGR_003(1.0),6701,20,2021,1313887,
STATSNZ:AGR_AGR_003(1.0),7699,19,2021,593108,
STATSNZ:AGR_AGR_003(1.0),7696,15,2021,90357,
STATSNZ:AGR_AGR_003(1.0),6953,16,2021,9475,
STATSNZ:AGR_AGR_003(1.0),7058,4,2022,5049,
STATSNZ:AGR_AGR_003(1.0),7059,7,2022,12461,
STATSNZ:AGR_AGR_003(1.0),7068,16,2022,6031,
STATSNZ:AGR_AGR_003(1.0),7068,20,2022,76443,
STATSNZ:AGR_AGR_003(1.0),7072,19,2022,49431,
STATSNZ:AGR_AGR_003(1.0),7073,18,2022,121,
STATSNZ:AGR_AGR_003(1.0),6720,11,2022,2129,
STATSNZ:AGR_AGR_003(1.0),6724,12,2022,,s
STATSNZ:AGR_AGR_003(1.0),6738,6,2022,535872,
STATSNZ:AGR_AGR_003(1.0),6702,10,2022,10138077,
STATSNZ:AGR_AGR_003(1.0),7699,7,2022,4041,
STATSNZ:AGR_AGR_003(1.0),7685,11,2022,1854,
STATSNZ:AGR_AGR_003(1.0),7685,15,2022,43720,
STATSNZ:AGR_AGR_003(1.0),7687,9,2022,3042,
STATSNZ:AGR_AGR_003(1.0),6949,6,2022,479,
STATSNZ:AGR_AGR_003(1.0),6951,1,2022,28,
STATSNZ:AGR_AGR_003(1.0),6951,18,2022,0,
STATSNZ:AGR_AGR_003(1.0),7066,20,2023,427860,
STATSNZ:AGR_AGR_003(1.0),7067,11,2023,3878,
STATSNZ:AGR_AGR_003(1.0),7073,8,2023,34310,
STATSNZ:AGR_AGR_003(1.0),7193,6,2023,,s
STATSNZ:AGR_AGR_003(1.0),7184,19,2023,373987,
STATSNZ:AGR_AGR_003(1.0),7188,7,2023,22534,
STATSNZ:AGR_AGR_003(1.0),7188,11,2023,3528,
STATSNZ:AGR_AGR_003(1.0),6731,5,2023,1267839,
STATSNZ:AGR_AGR_003(1.0),6723,6,2023,178799,
STATSNZ:AGR_AGR_003(1.0),6738,8,2023,477550,
STATSNZ:AGR_AGR_003(1.0),7688,7,2023,,s
STATSNZ:AGR_AGR_003(1.0),6954,1,2023,3296,
STATSNZ:AGR_AGR_003(1.0),7810,19,2023,10063,
STATSNZ:AGR_AGR_003(1.0),7058,10,2024,103452,
STATSNZ:AGR_AGR_003(1.0),7064,11,2024,4228,
STATSNZ:AGR_AGR_003(1.0),7073,14,2024,2332,
STATSNZ:AGR_AGR_003(1.0),7190,13,2024,12034,
STATSNZ:AGR_AGR_003(1.0),6721,15,2024,2186467,
STATSNZ:AGR_AGR_003(1.0),6727,16,2024,70205,
STATSNZ:AGR_AGR_003(1.0),6727,20,2024,219302,
STATSNZ:AGR_AGR_003(1.0),6703,14,2024,16805,
STATSNZ:AGR_AGR_003(1.0),6703,19,2024,10594256,
STATSNZ:AGR_AGR_003(1.0),6701,18,2024,6759,
STATSNZ:AGR_AGR_003(1.0),7685,11,2024,2329,
STATSNZ:AGR_AGR_003(1.0),7686,15,2024,49139,
STATSNZ:AGR_AGR_003(1.0),7688,13,2024,526,
STATSNZ:AGR_AGR_003(1.0),7077,5,1994,351384,
STATSNZ:AGR_AGR_003(1.0),7687,4,1994,37688,
STATSNZ:AGR_AGR_003(1.0),7696,2,1994,9475,
STATSNZ:AGR_AGR_003(1.0),7685,14,1994,2875,
STATSNZ:AGR_AGR_003(1.0),7187,12,1994,1011,
STATSNZ:AGR_AGR_003(1.0),7687,12,1994,163,
STATSNZ:AGR_AGR_003(1.0),7185,18,1994,1,
STATSNZ:AGR_AGR_003(1.0),6731,11,2002,356240,
STATSNZ:AGR_AGR_003(1.0),7068,20,2002,78945,
STATSNZ:AGR_AGR_003(1.0),7072,19,2002,67965,
STATSNZ:AGR_AGR_003(1.0),7064,15,2002,67781,
STATSNZ:AGR_AGR_003(1.0),6954,3,2002,63353,
STATSNZ:AGR_AGR_003(1.0),7688,17,2002,56551,
STATSNZ:AGR_AGR_003(1.0),7184,16,2002,44096,
STATSNZ:AGR_AGR_003(1.0),6721,18,2002,29320,
STATSNZ:AGR_AGR_003(1.0),7068,3,2002,15828,
STATSNZ:AGR_AGR_003(1.0),6954,7,2002,15820,
STATSNZ:AGR_AGR_003(1.0),7066,9,2002,14689,
STATSNZ:AGR_AGR_003(1.0),7056,14,2002,12191,
STATSNZ:AGR_AGR_003(1.0),7188,17,2002,10402,
STATSNZ:AGR_AGR_003(1.0),7058,4,2002,3432,
STATSNZ:AGR_AGR_003(1.0),7688,13,2002,3017,
STATSNZ:AGR_AGR_003(1.0),6951,1,2002,77,
STATSNZ:AGR_AGR_003(1.0),6701,5,2003,55656,
STATSNZ:AGR_AGR_003(1.0),6701,9,2003,50377,
STATSNZ:AGR_AGR_003(1.0),6738,15,2003,809267,
STATSNZ:AGR_AGR_003(1.0),6954,15,2003,179479,
STATSNZ:AGR_AGR_003(1.0),7056,1,2003,103772,
STATSNZ:AGR_AGR_003(1.0),7056,5,2003,107849,
STATSNZ:AGR_AGR_003(1.0),7064,2,2003,27752,
STATSNZ:AGR_AGR_003(1.0),7074,13,2003,21216,
STATSNZ:AGR_AGR_003(1.0),7686,6,2003,32711,
STATSNZ:AGR_AGR_003(1.0),7686,14,2003,8457,
STATSNZ:AGR_AGR_003(1.0),7688,4,2003,14296,
STATSNZ:AGR_AGR_003(1.0),7699,16,2003,195306,
STATSNZ:AGR_AGR_003(1.0),7699,20,2003,1689444,
STATSNZ:AGR_AGR_003(1.0),7068,6,2004,5879,
STATSNZ:AGR_AGR_003(1.0),7072,13,2004,2218,
STATSNZ:AGR_AGR_003(1.0),7074,3,2004,108245,
STATSNZ:AGR_AGR_003(1.0),7074,7,2004,26156,
STATSNZ:AGR_AGR_003(1.0),7184,1,2004,60868,
STATSNZ:AGR_AGR_003(1.0),7188,2,2004,5964,
STATSNZ:AGR_AGR_003(1.0),6731,14,2004,81941,
STATSNZ:AGR_AGR_003(1.0),6723,15,2004,455238,
STATSNZ:AGR_AGR_003(1.0),6727,9,2004,9269,
STATSNZ:AGR_AGR_003(1.0),6727,13,2004,54058,
STATSNZ:AGR_AGR_003(1.0),6703,3,2004,2058071,
STATSNZ:AGR_AGR_003(1.0),6702,19,2004,16925507,
STATSNZ:AGR_AGR_003(1.0),6955,15,2004,409138,
STATSNZ:AGR_AGR_003(1.0),7077,7,2005,130935,
STATSNZ:AGR_AGR_003(1.0),7057,14,2005,908,
STATSNZ:AGR_AGR_003(1.0),6723,19,2005,1423798,
STATSNZ:AGR_AGR_003(1.0),6727,10,2005,49787,
STATSNZ:AGR_AGR_003(1.0),6703,11,2005,272518,
STATSNZ:AGR_AGR_003(1.0),6702,1,2005,375823,
STATSNZ:AGR_AGR_003(1.0),6702,5,2005,1262275,
STATSNZ:AGR_AGR_003(1.0),6702,9,2005,1538359,
STATSNZ:AGR_AGR_003(1.0),7685,16,2005,11335,
STATSNZ:AGR_AGR_003(1.0),7685,20,2005,129889,
STATSNZ:AGR_AGR_003(1.0),7687,6,2005,47510,
STATSNZ:AGR_AGR_003(1.0),7056,8,2006,172884,
STATSNZ:AGR_AGR_003(1.0),7056,20,2006,1081071,
STATSNZ:AGR_AGR_003(1.0),7064,13,2006,9420,
STATSNZ:AGR_AGR_003(1.0),7184,14,2006,21084,
STATSNZ:AGR_AGR_003(1.0),7188,15,2006,32845,
STATSNZ:AGR_AGR_003(1.0),6701,3,2006,156561,
STATSNZ:AGR_AGR_003(1.0),6701,20,2006,1558292,
STATSNZ:AGR_AGR_003(1.0),7699,19,2006,1096136,
STATSNZ:AGR_AGR_003(1.0),7686,8,2006,24345,
STATSNZ:AGR_AGR_003(1.0),7686,10,2006,116313,
STATSNZ:AGR_AGR_003(1.0),7686,17,2006,75122,
STATSNZ:AGR_AGR_003(1.0),7688,15,2006,116305,
STATSNZ:AGR_AGR_003(1.0),6954,5,2006,1104,
STATSNZ:AGR_AGR_003(1.0),6951,20,2006,6799,
STATSNZ:AGR_AGR_003(1.0),7077,2,2007,156787,
STATSNZ:AGR_AGR_003(1.0),7072,7,2007,6482,
STATSNZ:AGR_AGR_003(1.0),7074,1,2007,92656,
STATSNZ:AGR_AGR_003(1.0),7186,2,2007,1021,
STATSNZ:AGR_AGR_003(1.0),6721,15,2007,4651677,
STATSNZ:AGR_AGR_003(1.0),6723,9,2007,133550,
STATSNZ:AGR_AGR_003(1.0),6727,16,2007,213418,
STATSNZ:AGR_AGR_003(1.0),6703,14,2007,47909,
STATSNZ:AGR_AGR_003(1.0),6702,4,2007,325039,
STATSNZ:AGR_AGR_003(1.0),7057,16,2008,12268,
STATSNZ:AGR_AGR_003(1.0),7059,6,2008,43744,
STATSNZ:AGR_AGR_003(1.0),7065,13,2008,3374,
STATSNZ:AGR_AGR_003(1.0),7065,17,2008,7173,
STATSNZ:AGR_AGR_003(1.0),7067,3,2008,65105,
STATSNZ:AGR_AGR_003(1.0),7067,7,2008,18131,
STATSNZ:AGR_AGR_003(1.0),7067,11,2008,7226,
STATSNZ:AGR_AGR_003(1.0),7071,1,2008,20045,
STATSNZ:AGR_AGR_003(1.0),6723,3,2008,98640,
STATSNZ:AGR_AGR_003(1.0),6703,4,2008,330336,
STATSNZ:AGR_AGR_003(1.0),7696,15,2008,132945,
STATSNZ:AGR_AGR_003(1.0),6953,16,2008,11280,
STATSNZ:AGR_AGR_003(1.0),6953,20,2008,281967,
STATSNZ:AGR_AGR_003(1.0),7810,19,2008,19059,
STATSNZ:AGR_AGR_003(1.0),7066,5,2009,20485,
STATSNZ:AGR_AGR_003(1.0),7068,16,2009,5027,
STATSNZ:AGR_AGR_003(1.0),7072,6,2009,56078,
STATSNZ:AGR_AGR_003(1.0),7074,4,2009,21681,
STATSNZ:AGR_AGR_003(1.0),7074,10,2009,574427,
STATSNZ:AGR_AGR_003(1.0),7186,1,2009,3170,
STATSNZ:AGR_AGR_003(1.0),6955,4,2009,17677,
STATSNZ:AGR_AGR_003(1.0),6955,8,2009,61327,
STATSNZ:AGR_AGR_003(1.0),7064,16,2010,39908,
STATSNZ:AGR_AGR_003(1.0),7068,4,2010,2902,
STATSNZ:AGR_AGR_003(1.0),7074,18,2010,4772,
STATSNZ:AGR_AGR_003(1.0),6722,6,2010,24791,
STATSNZ:AGR_AGR_003(1.0),6724,13,2010,84924,
STATSNZ:AGR_AGR_003(1.0),6724,17,2010,575059,
STATSNZ:AGR_AGR_003(1.0),6738,7,2010,50732,
STATSNZ:AGR_AGR_003(1.0),6701,1,2010,11656,
STATSNZ:AGR_AGR_003(1.0),7059,10,2011,239299,
STATSNZ:AGR_AGR_003(1.0),7059,17,2011,9495,
STATSNZ:AGR_AGR_003(1.0),7065,7,2011,9422,
STATSNZ:AGR_AGR_003(1.0),7067,1,2011,42177,
STATSNZ:AGR_AGR_003(1.0),7067,18,2011,2209,
STATSNZ:AGR_AGR_003(1.0),7073,6,2011,56164,
STATSNZ:AGR_AGR_003(1.0),7193,13,2011,30012,
STATSNZ:AGR_AGR_003(1.0),6949,16,2011,761,
STATSNZ:AGR_AGR_003(1.0),6949,20,2011,34404,
STATSNZ:AGR_AGR_003(1.0),6953,6,2011,6161,
STATSNZ:AGR_AGR_003(1.0),6953,19,2011,168864,
STATSNZ:AGR_AGR_003(1.0),7810,4,2011,1890,
STATSNZ:AGR_AGR_003(1.0),7810,10,2011,37520,
STATSNZ:AGR_AGR_003(1.0),7056,13,2012,24616,
STATSNZ:AGR_AGR_003(1.0),7064,1,2012,41635,
STATSNZ:AGR_AGR_003(1.0),7072,14,2012,847,
STATSNZ:AGR_AGR_003(1.0),7074,8,2012,125317,
STATSNZ:AGR_AGR_003(1.0),7184,15,2012,185401,
STATSNZ:AGR_AGR_003(1.0),7186,9,2012,1051,
STATSNZ:AGR_AGR_003(1.0),7186,13,2012,471,
STATSNZ:AGR_AGR_003(1.0),7188,3,2012,100937,
STATSNZ:AGR_AGR_003(1.0),6731,19,2012,15995265,
STATSNZ:AGR_AGR_003(1.0),7699,15,2012,291783,
STATSNZ:AGR_AGR_003(1.0),7686,5,2012,4545,
STATSNZ:AGR_AGR_003(1.0),7688,16,2012,32088,
STATSNZ:AGR_AGR_003(1.0),7688,20,2012,228577,
STATSNZ:AGR_AGR_003(1.0),6954,19,2012,187362,
STATSNZ:AGR_AGR_003(1.0),6951,4,2012,47,
STATSNZ:AGR_AGR_003(1.0),7077,8,2013,570144,
STATSNZ:AGR_AGR_003(1.0),7057,15,2013,18053,
STATSNZ:AGR_AGR_003(1.0),7059,9,2013,10479,
STATSNZ:AGR_AGR_003(1.0),7184,19,2013,392946,
STATSNZ:AGR_AGR_003(1.0),7186,10,2013,26490,
STATSNZ:AGR_AGR_003(1.0),7186,17,2013,2425,
STATSNZ:AGR_AGR_003(1.0),7188,11,2013,4234,
STATSNZ:AGR_AGR_003(1.0),6731,5,2013,1503378,
STATSNZ:AGR_AGR_003(1.0),6731,9,2013,1572985,
STATSNZ:AGR_AGR_003(1.0),6721,16,2013,3681049,
STATSNZ:AGR_AGR_003(1.0),6721,20,2013,20232933,
STATSNZ:AGR_AGR_003(1.0),6723,6,2013,184944,
STATSNZ:AGR_AGR_003(1.0),7685,17,2013,10874,
STATSNZ:AGR_AGR_003(1.0),7696,18,2013,0,
STATSNZ:AGR_AGR_003(1.0),7065,1,2014,25544,
STATSNZ:AGR_AGR_003(1.0),7065,18,2014,269,
STATSNZ:AGR_AGR_003(1.0),7067,8,2014,62355,
STATSNZ:AGR_AGR_003(1.0),7067,12,2014,86,
STATSNZ:AGR_AGR_003(1.0),7071,2,2014,976,
STATSNZ:AGR_AGR_003(1.0),7071,6,2014,28151,
STATSNZ:AGR_AGR_003(1.0),7073,10,2014,201525,
STATSNZ:AGR_AGR_003(1.0),7073,17,2014,8963,
STATSNZ:AGR_AGR_003(1.0),7193,7,2014,585948,
STATSNZ:AGR_AGR_003(1.0),6949,19,2014,17348,
STATSNZ:AGR_AGR_003(1.0),6953,4,2014,3550,
STATSNZ:AGR_AGR_003(1.0),6953,10,2014,86948,
STATSNZ:AGR_AGR_003(1.0),7810,11,2014,710,
STATSNZ:AGR_AGR_003(1.0),7056,7,2015,19439,
STATSNZ:AGR_AGR_003(1.0),7058,1,2015,17108,
STATSNZ:AGR_AGR_003(1.0),7074,15,2015,133056,
STATSNZ:AGR_AGR_003(1.0),7184,9,2015,,c
STATSNZ:AGR_AGR_003(1.0),7186,7,2015,2983,
STATSNZ:AGR_AGR_003(1.0),7186,16,2015,3082,
STATSNZ:AGR_AGR_003(1.0),7188,14,2015,6218,
STATSNZ:AGR_AGR_003(1.0),6731,4,2015,302986,
STATSNZ:AGR_AGR_003(1.0),7699,9,2015,20255,
STATSNZ:AGR_AGR_003(1.0),7686,16,2015,26479,
STATSNZ:AGR_AGR_003(1.0),7686,20,2015,193507,
STATSNZ:AGR_AGR_003(1.0),7688,19,2015,123757,
STATSNZ:AGR_AGR_003(1.0),6954,4,2015,1837,
STATSNZ:AGR_AGR_003(1.0),6954,10,2015,105256,
STATSNZ:AGR_AGR_003(1.0),6955,5,2015,560,
STATSNZ:AGR_AGR_003(1.0),7056,5,2016,70537,
STATSNZ:AGR_AGR_003(1.0),7058,20,2016,131342,
STATSNZ:AGR_AGR_003(1.0),7066,10,2016,277402,
STATSNZ:AGR_AGR_003(1.0),7074,13,2016,21603,
STATSNZ:AGR_AGR_003(1.0),7074,17,2016,55534,
STATSNZ:AGR_AGR_003(1.0),7184,7,2016,62554,
STATSNZ:AGR_AGR_003(1.0),7186,14,2016,1805,
STATSNZ:AGR_AGR_003(1.0),7186,18,2016,0,
STATSNZ:AGR_AGR_003(1.0),7188,12,2016,,c
STATSNZ:AGR_AGR_003(1.0),6731,2,2016,202200,
STATSNZ:AGR_AGR_003(1.0),7686,14,2016,6654,
STATSNZ:AGR_AGR_003(1.0),7688,4,2016,7218,
STATSNZ:AGR_AGR_003(1.0),7688,8,2016,8289,
STATSNZ:AGR_AGR_003(1.0),6954,2,2016,,c
STATSNZ:AGR_AGR_003(1.0),6954,15,2016,139380,
STATSNZ:AGR_AGR_003(1.0),6955,3,2016,65038,
STATSNZ:AGR_AGR_003(1.0),7068,17,2017,5050,
STATSNZ:AGR_AGR_003(1.0),7072,7,2017,7592,
STATSNZ:AGR_AGR_003(1.0),7074,14,2017,9430,
STATSNZ:AGR_AGR_003(1.0),7074,18,2017,4932,
STATSNZ:AGR_AGR_003(1.0),7184,4,2017,50471,
STATSNZ:AGR_AGR_003(1.0),7184,12,2017,457,
STATSNZ:AGR_AGR_003(1.0),7186,2,2017,1847,
STATSNZ:AGR_AGR_003(1.0),7188,13,2017,1476,
STATSNZ:AGR_AGR_003(1.0),6703,14,2017,37087,
STATSNZ:AGR_AGR_003(1.0),7072,4,2018,7019,
STATSNZ:AGR_AGR_003(1.0),6731,5,2018,1457321,
STATSNZ:AGR_AGR_003(1.0),6721,16,2018,3363840,
STATSNZ:AGR_AGR_003(1.0),6721,20,2018,17161744,
STATSNZ:AGR_AGR_003(1.0),6723,6,2018,173497,
STATSNZ:AGR_AGR_003(1.0),6723,14,2018,,s
STATSNZ:AGR_AGR_003(1.0),6723,19,2018,871834,
STATSNZ:AGR_AGR_003(1.0),6727,4,2018,,s
STATSNZ:AGR_AGR_003(1.0),6703,11,2018,223827,
STATSNZ:AGR_AGR_003(1.0),6703,15,2018,3280699,
STATSNZ:AGR_AGR_003(1.0),6702,1,2018,235733,
STATSNZ:AGR_AGR_003(1.0),6955,6,2018,1401,
STATSNZ:AGR_AGR_003(1.0),7056,20,2019,902256,
STATSNZ:AGR_AGR_003(1.0),7058,6,2019,15007,
STATSNZ:AGR_AGR_003(1.0),7064,10,2019,340810,
STATSNZ:AGR_AGR_003(1.0),7184,1,2019,48948,
STATSNZ:AGR_AGR_003(1.0),7184,18,2019,0,
STATSNZ:AGR_AGR_003(1.0),7186,8,2019,,s
STATSNZ:AGR_AGR_003(1.0),7188,2,2019,,s
STATSNZ:AGR_AGR_003(1.0),7188,6,2019,,s
STATSNZ:AGR_AGR_003(1.0),6731,13,2019,518125,
STATSNZ:AGR_AGR_003(1.0),6731,17,2019,3326557,
STATSNZ:AGR_AGR_003(1.0),6721,3,2019,978101,
STATSNZ:AGR_AGR_003(1.0),6721,7,2019,300948,
STATSNZ:AGR_AGR_003(1.0),7686,8,2019,8709,
STATSNZ:AGR_AGR_003(1.0),7688,2,2019,1566,
STATSNZ:AGR_AGR_003(1.0),6954,9,2019,12182,
STATSNZ:AGR_AGR_003(1.0),6951,3,2019,614,
STATSNZ:AGR_AGR_003(1.0),6951,20,2019,4936,
STATSNZ:AGR_AGR_003(1.0),7056,14,2020,9003,
STATSNZ:AGR_AGR_003(1.0),7058,8,2020,,s
STATSNZ:AGR_AGR_003(1.0),7064,15,2020,82106,
STATSNZ:AGR_AGR_003(1.0),7066,13,2020,5341,
STATSNZ:AGR_AGR_003(1.0),7068,3,2020,12021,
STATSNZ:AGR_AGR_003(1.0),7072,19,2020,52673,
STATSNZ:AGR_AGR_003(1.0),6720,15,2020,40875,
STATSNZ:AGR_AGR_003(1.0),6722,5,2020,,s
STATSNZ:AGR_AGR_003(1.0),6722,9,2020,,s
STATSNZ:AGR_AGR_003(1.0),6724,3,2020,,s
STATSNZ:AGR_AGR_003(1.0),6724,20,2020,4133510,
STATSNZ:AGR_AGR_003(1.0),6738,19,2020,1285173,
STATSNZ:AGR_AGR_003(1.0),6701,4,2020,,s
STATSNZ:AGR_AGR_003(1.0),7688,17,2020,30687,
STATSNZ:AGR_AGR_003(1.0),6951,5,2020,0,
STATSNZ:AGR_AGR_003(1.0),6955,12,2020,0,
STATSNZ:AGR_AGR_003(1.0),7077,1,2021,360991,
STATSNZ:AGR_AGR_003(1.0),7073,9,2021,9110,
STATSNZ:AGR_AGR_003(1.0),7073,13,2021,,s
STATSNZ:AGR_AGR_003(1.0),7193,3,2021,1809979,
STATSNZ:AGR_AGR_003(1.0),7185,14,2021,2191,
STATSNZ:AGR_AGR_003(1.0),7185,18,2021,0,
STATSNZ:AGR_AGR_003(1.0),7185,19,2021,37714,
STATSNZ:AGR_AGR_003(1.0),7187,8,2021,325032,
STATSNZ:AGR_AGR_003(1.0),7190,15,2021,919009,
STATSNZ:AGR_AGR_003(1.0),6702,3,2021,1286057,
STATSNZ:AGR_AGR_003(1.0),7685,19,2021,78614,
STATSNZ:AGR_AGR_003(1.0),7687,4,2021,,s
STATSNZ:AGR_AGR_003(1.0),7687,10,2021,86617,
STATSNZ:AGR_AGR_003(1.0),6953,20,2021,219341,
STATSNZ:AGR_AGR_003(1.0),7058,10,2022,121077,
STATSNZ:AGR_AGR_003(1.0),7066,1,2022,40067,
STATSNZ:AGR_AGR_003(1.0),7184,12,2022,188,
STATSNZ:AGR_AGR_003(1.0),7186,2,2022,579,
STATSNZ:AGR_AGR_003(1.0),7188,9,2022,4852,
STATSNZ:AGR_AGR_003(1.0),7188,13,2022,1364,
STATSNZ:AGR_AGR_003(1.0),7188,17,2022,32880,
STATSNZ:AGR_AGR_003(1.0),6731,7,2022,465276,
STATSNZ:AGR_AGR_003(1.0),6721,1,2022,122666,
STATSNZ:AGR_AGR_003(1.0),6721,18,2022,31568,
STATSNZ:AGR_AGR_003(1.0),6723,8,2022,376505,
STATSNZ:AGR_AGR_003(1.0),7688,9,2022,1443,
STATSNZ:AGR_AGR_003(1.0),6954,3,2022,42188,
STATSNZ:AGR_AGR_003(1.0),6951,19,2022,4622,
STATSNZ:AGR_AGR_003(1.0),7058,2,2023,6824,
STATSNZ:AGR_AGR_003(1.0),7064,9,2023,16296,
STATSNZ:AGR_AGR_003(1.0),7066,3,2023,68408,
STATSNZ:AGR_AGR_003(1.0),7066,7,2023,16033,
STATSNZ:AGR_AGR_003(1.0),7068,14,2023,,s
STATSNZ:AGR_AGR_003(1.0),7072,4,2023,8355,
STATSNZ:AGR_AGR_003(1.0),7072,8,2023,25709,
STATSNZ:AGR_AGR_003(1.0),6720,9,2023,10014,
STATSNZ:AGR_AGR_003(1.0),6722,16,2023,,s
STATSNZ:AGR_AGR_003(1.0),6722,20,2023,331162,
STATSNZ:AGR_AGR_003(1.0),6724,19,2023,2018883,
STATSNZ:AGR_AGR_003(1.0),6738,4,2023,31566,
STATSNZ:AGR_AGR_003(1.0),7699,5,2023,,s
STATSNZ:AGR_AGR_003(1.0),7688,11,2023,,s
STATSNZ:AGR_AGR_003(1.0),6954,18,2023,,s
STATSNZ:AGR_AGR_003(1.0),6951,12,2023,0,
STATSNZ:AGR_AGR_003(1.0),6951,16,2023,77,
STATSNZ:AGR_AGR_003(1.0),6955,6,2023,11154,
STATSNZ:AGR_AGR_003(1.0),7068,17,2024,,s
STATSNZ:AGR_AGR_003(1.0),7072,7,2024,,s
STATSNZ:AGR_AGR_003(1.0),7074,14,2024,8211,
STATSNZ:AGR_AGR_003(1.0),7074,18,2024,2769,
STATSNZ:AGR_AGR_003(1.0),7184,4,2024,43359,
STATSNZ:AGR_AGR_003(1.0),7184,12,2024,313,
STATSNZ:AGR_AGR_003(1.0),7186,2,2024,,s
STATSNZ:AGR_AGR_003(1.0),7188,13,2024,261,
STATSNZ:AGR_AGR_003(1.0),7699,4,2024,20218,
STATSNZ:AGR_AGR_003(1.0),6721,10,1994,15343244,
STATSNZ:AGR_AGR_003(1.0),7187,8,1994,233219,
STATSNZ:AGR_AGR_003(1.0),6723,11,1994,12730,
STATSNZ:AGR_AGR_003(1.0),7188,16,1994,2825,
STATSNZ:AGR_AGR_003(1.0),7186,5,1994,32,
STATSNZ:AGR_AGR_003(1.0),6738,19,2002,1323635,
STATSNZ:AGR_AGR_003(1.0),7057,10,2002,112129,
STATSNZ:AGR_AGR_003(1.0),6720,15,2002,78387,
STATSNZ:AGR_AGR_003(1.0),7687,13,2002,12782,
STATSNZ:AGR_AGR_003(1.0),7057,17,2002,8872,
STATSNZ:AGR_AGR_003(1.0),7059,11,2002,4441,
STATSNZ:AGR_AGR_003(1.0),7685,2,2002,3031,
STATSNZ:AGR_AGR_003(1.0),7188,13,2002,3012,
STATSNZ:AGR_AGR_003(1.0),6724,12,2002,1710,
STATSNZ:AGR_AGR_003(1.0),6720,6,2003,37581,
STATSNZ:AGR_AGR_003(1.0),6723,17,2003,372012,
STATSNZ:AGR_AGR_003(1.0),6727,15,2003,293356,
STATSNZ:AGR_AGR_003(1.0),6731,16,2003,5945247,
STATSNZ:AGR_AGR_003(1.0),7068,8,2003,8942,
STATSNZ:AGR_AGR_003(1.0),7074,5,2003,99195,
STATSNZ:AGR_AGR_003(1.0),7074,9,2003,43000,
STATSNZ:AGR_AGR_003(1.0),7184,3,2003,315272,
STATSNZ:AGR_AGR_003(1.0),7187,14,2003,96441,
STATSNZ:AGR_AGR_003(1.0),7190,8,2003,252538,
STATSNZ:AGR_AGR_003(1.0),7193,17,2003,347793,
STATSNZ:AGR_AGR_003(1.0),7057,3,2004,21328,
STATSNZ:AGR_AGR_003(1.0),7059,14,2004,1901,
STATSNZ:AGR_AGR_003(1.0),7064,4,2004,14921,
STATSNZ:AGR_AGR_003(1.0),6727,5,2004,4232,
STATSNZ:AGR_AGR_003(1.0),7699,14,2004,43777,
STATSNZ:AGR_AGR_003(1.0),7685,10,2004,66670,
STATSNZ:AGR_AGR_003(1.0),7687,16,2004,109325,
STATSNZ:AGR_AGR_003(1.0),6949,17,2004,510,
STATSNZ:AGR_AGR_003(1.0),6953,11,2004,369,
STATSNZ:AGR_AGR_003(1.0),7071,10,2005,108092,
STATSNZ:AGR_AGR_003(1.0),7185,20,2005,38536,
STATSNZ:AGR_AGR_003(1.0),7187,11,2005,52640,
STATSNZ:AGR_AGR_003(1.0),6731,4,2005,356859,
STATSNZ:AGR_AGR_003(1.0),6738,7,2005,51752,
STATSNZ:AGR_AGR_003(1.0),7686,20,2005,373620,
STATSNZ:AGR_AGR_003(1.0),6954,10,2005,129479,
STATSNZ:AGR_AGR_003(1.0),6949,8,2005,2475,
STATSNZ:AGR_AGR_003(1.0),7068,2,2006,1698,
STATSNZ:AGR_AGR_003(1.0),7074,3,2006,122120,
STATSNZ:AGR_AGR_003(1.0),7074,20,2006,1004513,
STATSNZ:AGR_AGR_003(1.0),7187,8,2006,293896,
STATSNZ:AGR_AGR_003(1.0),7190,2,2006,82255,
STATSNZ:AGR_AGR_003(1.0),6720,17,2006,53350,
STATSNZ:AGR_AGR_003(1.0),6723,11,2006,29262,
STATSNZ:AGR_AGR_003(1.0),6724,14,2006,10376,
STATSNZ:AGR_AGR_003(1.0),6702,6,2006,3047741,
STATSNZ:AGR_AGR_003(1.0),7685,10,2006,43236,
STATSNZ:AGR_AGR_003(1.0),6953,20,2006,312195,
STATSNZ:AGR_AGR_003(1.0),7056,6,2007,113045,
STATSNZ:AGR_AGR_003(1.0),7058,4,2007,4525,
STATSNZ:AGR_AGR_003(1.0),7059,8,2007,49716,
STATSNZ:AGR_AGR_003(1.0),7068,17,2007,4306,
STATSNZ:AGR_AGR_003(1.0),7071,3,2007,29696,
STATSNZ:AGR_AGR_003(1.0),7184,12,2007,351,
STATSNZ:AGR_AGR_003(1.0),6727,20,2007,523833,
STATSNZ:AGR_AGR_003(1.0),7699,8,2007,103908,
STATSNZ:AGR_AGR_003(1.0),6954,3,2007,46666,
STATSNZ:AGR_AGR_003(1.0),6949,7,2007,1850,
STATSNZ:AGR_AGR_003(1.0),7064,13,2008,7264,
STATSNZ:AGR_AGR_003(1.0),7072,5,2008,16726,
STATSNZ:AGR_AGR_003(1.0),7184,6,2008,20756,
STATSNZ:AGR_AGR_003(1.0),7186,10,2008,10866,
STATSNZ:AGR_AGR_003(1.0),6720,5,2008,20225,
STATSNZ:AGR_AGR_003(1.0),6720,9,2008,16385,
STATSNZ:AGR_AGR_003(1.0),6721,13,2008,330134,
STATSNZ:AGR_AGR_003(1.0),6721,17,2008,3826153,
STATSNZ:AGR_AGR_003(1.0),6722,3,2008,24785,
STATSNZ:AGR_AGR_003(1.0),6703,12,2008,6284,
STATSNZ:AGR_AGR_003(1.0),7056,9,2009,35282,
STATSNZ:AGR_AGR_003(1.0),7058,3,2009,26196,
STATSNZ:AGR_AGR_003(1.0),7067,12,2009,92,
STATSNZ:AGR_AGR_003(1.0),7193,4,2009,299696,
STATSNZ:AGR_AGR_003(1.0),6731,7,2009,537850,
STATSNZ:AGR_AGR_003(1.0),6722,10,2009,103939,
STATSNZ:AGR_AGR_003(1.0),6723,8,2009,352192,
STATSNZ:AGR_AGR_003(1.0),6724,16,2009,758454,
STATSNZ:AGR_AGR_003(1.0),6727,2,2009,3523,
STATSNZ:AGR_AGR_003(1.0),7699,7,2009,4296,
STATSNZ:AGR_AGR_003(1.0),7699,11,2009,13039,
STATSNZ:AGR_AGR_003(1.0),7064,12,2010,231,
STATSNZ:AGR_AGR_003(1.0),7066,6,2010,35855,
STATSNZ:AGR_AGR_003(1.0),7073,15,2010,30061,
STATSNZ:AGR_AGR_003(1.0),7074,1,2010,95207,
STATSNZ:AGR_AGR_003(1.0),7187,19,2010,1612118,
STATSNZ:AGR_AGR_003(1.0),7188,14,2010,7155,
STATSNZ:AGR_AGR_003(1.0),7190,4,2010,178089,
STATSNZ:AGR_AGR_003(1.0),6723,9,2010,118972,
STATSNZ:AGR_AGR_003(1.0),6723,13,2010,15308,
STATSNZ:AGR_AGR_003(1.0),6954,8,2010,31735,
STATSNZ:AGR_AGR_003(1.0),7077,15,2011,517760,
STATSNZ:AGR_AGR_003(1.0),7072,20,2011,249529,
STATSNZ:AGR_AGR_003(1.0),7184,10,2011,541748,
STATSNZ:AGR_AGR_003(1.0),6720,16,2011,55993,
STATSNZ:AGR_AGR_003(1.0),6720,20,2011,316280,
STATSNZ:AGR_AGR_003(1.0),6703,6,2011,2335418,
STATSNZ:AGR_AGR_003(1.0),7685,3,2011,6179,
STATSNZ:AGR_AGR_003(1.0),7077,9,2012,140420,
STATSNZ:AGR_AGR_003(1.0),7056,17,2012,48827,
STATSNZ:AGR_AGR_003(1.0),7058,11,2012,1435,
STATSNZ:AGR_AGR_003(1.0),7066,12,2012,155,
STATSNZ:AGR_AGR_003(1.0),7074,4,2012,18228,
STATSNZ:AGR_AGR_003(1.0),7187,13,2012,23933,
STATSNZ:AGR_AGR_003(1.0),7190,7,2012,403996,
STATSNZ:AGR_AGR_003(1.0),6723,16,2012,334374,
STATSNZ:AGR_AGR_003(1.0),6723,20,2012,2380597,
STATSNZ:AGR_AGR_003(1.0),6724,2,2012,25853,
STATSNZ:AGR_AGR_003(1.0),6703,13,2012,347149,
STATSNZ:AGR_AGR_003(1.0),6702,11,2012,207888,
STATSNZ:AGR_AGR_003(1.0),7685,5,2012,1583,
STATSNZ:AGR_AGR_003(1.0),6954,14,2012,,s
STATSNZ:AGR_AGR_003(1.0),7077,10,2013,2621164,
STATSNZ:AGR_AGR_003(1.0),7058,2,2013,5581,
STATSNZ:AGR_AGR_003(1.0),7066,20,2013,429707,
STATSNZ:AGR_AGR_003(1.0),7067,11,2013,4988,
STATSNZ:AGR_AGR_003(1.0),7068,14,2013,860,
STATSNZ:AGR_AGR_003(1.0),7068,18,2013,127,
STATSNZ:AGR_AGR_003(1.0),7193,6,2013,95098,
STATSNZ:AGR_AGR_003(1.0),7185,10,2013,42398,
STATSNZ:AGR_AGR_003(1.0),7185,17,2013,,s
STATSNZ:AGR_AGR_003(1.0),6722,20,2013,191635,
STATSNZ:AGR_AGR_003(1.0),6702,2,2013,135939,
STATSNZ:AGR_AGR_003(1.0),7685,13,2013,,s
STATSNZ:AGR_AGR_003(1.0),6954,1,2013,2808,
STATSNZ:AGR_AGR_003(1.0),6954,18,2013,,c
STATSNZ:AGR_AGR_003(1.0),6951,16,2013,111,
STATSNZ:AGR_AGR_003(1.0),7077,9,2014,148369,
STATSNZ:AGR_AGR_003(1.0),7064,14,2014,6732,
STATSNZ:AGR_AGR_003(1.0),7064,18,2014,1651,
STATSNZ:AGR_AGR_003(1.0),7190,20,2014,3852118,
STATSNZ:AGR_AGR_003(1.0),6720,19,2014,149164,
STATSNZ:AGR_AGR_003(1.0),6722,8,2014,36079,
STATSNZ:AGR_AGR_003(1.0),6727,2,2014,483,
STATSNZ:AGR_AGR_003(1.0),6738,5,2014,180882,
STATSNZ:AGR_AGR_003(1.0),6738,9,2014,207492,
STATSNZ:AGR_AGR_003(1.0),6703,13,2014,366965,
STATSNZ:AGR_AGR_003(1.0),7687,8,2014,35129,
STATSNZ:AGR_AGR_003(1.0),6951,17,2014,,c
STATSNZ:AGR_AGR_003(1.0),7077,3,2015,463518,
STATSNZ:AGR_AGR_003(1.0),7057,14,2015,1307,
STATSNZ:AGR_AGR_003(1.0),7066,6,2015,40697,
STATSNZ:AGR_AGR_003(1.0),7186,20,2015,42686,
STATSNZ:AGR_AGR_003(1.0),7190,1,2015,245042,
STATSNZ:AGR_AGR_003(1.0),7190,18,2015,0,
STATSNZ:AGR_AGR_003(1.0),6722,2,2015,5537,
STATSNZ:AGR_AGR_003(1.0),6723,19,2015,792648,
STATSNZ:AGR_AGR_003(1.0),6724,13,2015,74056,
STATSNZ:AGR_AGR_003(1.0),6703,7,2015,399465,
STATSNZ:AGR_AGR_003(1.0),6702,1,2015,280715,
STATSNZ:AGR_AGR_003(1.0),6702,5,2015,1208334,
STATSNZ:AGR_AGR_003(1.0),7685,16,2015,9820,
STATSNZ:AGR_AGR_003(1.0),7077,1,2016,356823,
STATSNZ:AGR_AGR_003(1.0),7057,12,2016,,s
STATSNZ:AGR_AGR_003(1.0),7066,4,2016,13518,
STATSNZ:AGR_AGR_003(1.0),7190,16,2016,202828,
STATSNZ:AGR_AGR_003(1.0),7190,20,2016,4398286,
STATSNZ:AGR_AGR_003(1.0),6722,17,2016,43240,
STATSNZ:AGR_AGR_003(1.0),6724,11,2016,32833,
STATSNZ:AGR_AGR_003(1.0),6703,5,2016,1329894,
STATSNZ:AGR_AGR_003(1.0),6702,3,2016,1460891,
STATSNZ:AGR_AGR_003(1.0),6702,16,2016,4315527,
STATSNZ:AGR_AGR_003(1.0),6702,20,2016,23608886,
STATSNZ:AGR_AGR_003(1.0),7685,14,2016,1548,
STATSNZ:AGR_AGR_003(1.0),7077,2,2017,111948,
STATSNZ:AGR_AGR_003(1.0),7056,6,2017,96059,
STATSNZ:AGR_AGR_003(1.0),7056,19,2017,287642,
STATSNZ:AGR_AGR_003(1.0),7058,4,2017,3530,
STATSNZ:AGR_AGR_003(1.0),7065,15,2017,15820,
STATSNZ:AGR_AGR_003(1.0),7066,1,2017,37825,
STATSNZ:AGR_AGR_003(1.0),7067,9,2017,12985,
STATSNZ:AGR_AGR_003(1.0),7067,13,2017,3815,
STATSNZ:AGR_AGR_003(1.0),7073,19,2017,72378,
STATSNZ:AGR_AGR_003(1.0),6723,5,2017,107117,
STATSNZ:AGR_AGR_003(1.0),6701,14,2017,3702,
STATSNZ:AGR_AGR_003(1.0),6702,4,2017,254066,
STATSNZ:AGR_AGR_003(1.0),7699,8,2017,54965,
STATSNZ:AGR_AGR_003(1.0),7696,17,2017,80308,
STATSNZ:AGR_AGR_003(1.0),6954,3,2017,30001,
STATSNZ:AGR_AGR_003(1.0),7810,12,2017,41,
STATSNZ:AGR_AGR_003(1.0),7077,4,2018,96287,
STATSNZ:AGR_AGR_003(1.0),7057,15,2018,28381,
STATSNZ:AGR_AGR_003(1.0),7059,13,2018,3247,
STATSNZ:AGR_AGR_003(1.0),7066,7,2018,15467,
STATSNZ:AGR_AGR_003(1.0),7067,14,2018,2815,
STATSNZ:AGR_AGR_003(1.0),7067,19,2018,135784,
STATSNZ:AGR_AGR_003(1.0),7074,2,2018,19035,
STATSNZ:AGR_AGR_003(1.0),7184,13,2018,,s
STATSNZ:AGR_AGR_003(1.0),6701,15,2018,201540,
STATSNZ:AGR_AGR_003(1.0),7685,17,2018,16088,
STATSNZ:AGR_AGR_003(1.0),7688,19,2018,108769,
STATSNZ:AGR_AGR_003(1.0),7696,14,2018,9509,
STATSNZ:AGR_AGR_003(1.0),7696,18,2018,0,
STATSNZ:AGR_AGR_003(1.0),6949,12,2018,,s
STATSNZ:AGR_AGR_003(1.0),7810,13,2018,335,
STATSNZ:AGR_AGR_003(1.0),7077,12,2019,1566,
STATSNZ:AGR_AGR_003(1.0),7056,16,2019,98814,
STATSNZ:AGR_AGR_003(1.0),7057,6,2019,15103,
STATSNZ:AGR_AGR_003(1.0),7064,17,2019,33495,
STATSNZ:AGR_AGR_003(1.0),7066,15,2019,55685,
STATSNZ:AGR_AGR_003(1.0),7190,19,2019,1770771,
STATSNZ:AGR_AGR_003(1.0),6722,7,2019,,s
STATSNZ:AGR_AGR_003(1.0),6722,11,2019,,s
STATSNZ:AGR_AGR_003(1.0),6724,5,2019,194094,
STATSNZ:AGR_AGR_003(1.0),6703,16,2019,4492829,
STATSNZ:AGR_AGR_003(1.0),6703,20,2019,23806092,
STATSNZ:AGR_AGR_003(1.0),6701,6,2019,133645,
STATSNZ:AGR_AGR_003(1.0),6702,19,2019,11784461,
STATSNZ:AGR_AGR_003(1.0),7685,8,2019,8711,
STATSNZ:AGR_AGR_003(1.0),7696,5,2019,,s
STATSNZ:AGR_AGR_003(1.0),6954,17,2019,,s
STATSNZ:AGR_AGR_003(1.0),6955,14,2019,0,
STATSNZ:AGR_AGR_003(1.0),7058,4,2020,,s
STATSNZ:AGR_AGR_003(1.0),7071,7,2020,2138,
STATSNZ:AGR_AGR_003(1.0),7073,5,2020,,s
STATSNZ:AGR_AGR_003(1.0),7185,2,2020,,s
STATSNZ:AGR_AGR_003(1.0),7186,6,2020,,s
STATSNZ:AGR_AGR_003(1.0),7188,4,2020,,s
STATSNZ:AGR_AGR_003(1.0),6721,1,2020,132907,
STATSNZ:AGR_AGR_003(1.0),6721,5,2020,835417,
STATSNZ:AGR_AGR_003(1.0),7688,10,2020,53279,
STATSNZ:AGR_AGR_003(1.0),6951,1,2020,54,
STATSNZ:AGR_AGR_003(1.0),6953,9,2020,10812,
STATSNZ:AGR_AGR_003(1.0),7057,12,2021,0,
STATSNZ:AGR_AGR_003(1.0),7059,6,2021,37040,
STATSNZ:AGR_AGR_003(1.0),7067,7,2021,17237,
STATSNZ:AGR_AGR_003(1.0),6731,2,2021,,s
STATSNZ:AGR_AGR_003(1.0),6721,10,2021,7878270,
STATSNZ:AGR_AGR_003(1.0),6724,11,2021,,s
STATSNZ:AGR_AGR_003(1.0),6727,1,2021,5630,
STATSNZ:AGR_AGR_003(1.0),7699,6,2021,59983,
STATSNZ:AGR_AGR_003(1.0),7685,14,2021,,s
STATSNZ:AGR_AGR_003(1.0),7686,10,2021,47870,
STATSNZ:AGR_AGR_003(1.0),7686,17,2021,38171,
STATSNZ:AGR_AGR_003(1.0),6949,9,2021,823,
STATSNZ:AGR_AGR_003(1.0),7077,2,2022,114532,
STATSNZ:AGR_AGR_003(1.0),7077,6,2022,456700,
STATSNZ:AGR_AGR_003(1.0),7056,19,2022,311063,
STATSNZ:AGR_AGR_003(1.0),7057,10,2022,105343,
STATSNZ:AGR_AGR_003(1.0),7057,17,2022,10292,
STATSNZ:AGR_AGR_003(1.0),7064,11,2022,5329,
STATSNZ:AGR_AGR_003(1.0),7066,5,2022,22825,
STATSNZ:AGR_AGR_003(1.0),7066,9,2022,15918,
STATSNZ:AGR_AGR_003(1.0),7072,6,2022,56026,
STATSNZ:AGR_AGR_003(1.0),6722,1,2022,2635,
STATSNZ:AGR_AGR_003(1.0),6722,18,2022,248,
STATSNZ:AGR_AGR_003(1.0),6703,19,2022,11081727,
STATSNZ:AGR_AGR_003(1.0),6701,10,2022,732611,
STATSNZ:AGR_AGR_003(1.0),6702,4,2022,203680,
STATSNZ:AGR_AGR_003(1.0),7688,13,2022,636,
STATSNZ:AGR_AGR_003(1.0),7696,16,2022,46550,
STATSNZ:AGR_AGR_003(1.0),7696,20,2022,288112,
STATSNZ:AGR_AGR_003(1.0),6955,8,2022,42223,
STATSNZ:AGR_AGR_003(1.0),7071,1,2023,17987,
STATSNZ:AGR_AGR_003(1.0),7071,18,2023,,s
STATSNZ:AGR_AGR_003(1.0),7185,13,2023,,s
STATSNZ:AGR_AGR_003(1.0),7186,10,2023,42303,
STATSNZ:AGR_AGR_003(1.0),7186,17,2023,,s
STATSNZ:AGR_AGR_003(1.0),7187,7,2023,394579,
STATSNZ:AGR_AGR_003(1.0),6721,16,2023,2777348,
STATSNZ:AGR_AGR_003(1.0),6721,20,2023,14801603,
STATSNZ:AGR_AGR_003(1.0),6701,15,2023,220636,
STATSNZ:AGR_AGR_003(1.0),6951,8,2023,273,
STATSNZ:AGR_AGR_003(1.0),7077,2,2024,101930,
STATSNZ:AGR_AGR_003(1.0),7056,6,2024,101568,
STATSNZ:AGR_AGR_003(1.0),7056,19,2024,309380,
STATSNZ:AGR_AGR_003(1.0),7058,4,2024,4082,
STATSNZ:AGR_AGR_003(1.0),7066,1,2024,37283,
STATSNZ:AGR_AGR_003(1.0),7067,13,2024,4999,
STATSNZ:AGR_AGR_003(1.0),7187,6,2024,46830,
STATSNZ:AGR_AGR_003(1.0),6722,1,2024,,s
STATSNZ:AGR_AGR_003(1.0),6723,5,2024,101148,
STATSNZ:AGR_AGR_003(1.0),6701,14,2024,1202,
STATSNZ:AGR_AGR_003(1.0),6702,4,2024,219506,
STATSNZ:AGR_AGR_003(1.0),7699,8,2024,45301,
STATSNZ:AGR_AGR_003(1.0),6954,3,2024,19953,
STATSNZ:AGR_AGR_003(1.0),7074,20,1994,1262522,
STATSNZ:AGR_AGR_003(1.0),7074,3,1994,183992,
STATSNZ:AGR_AGR_003(1.0),7686,10,1994,129387,
STATSNZ:AGR_AGR_003(1.0),6738,5,1994,114467,
STATSNZ:AGR_AGR_003(1.0),6722,4,1994,10675,
STATSNZ:AGR_AGR_003(1.0),6954,6,1994,8903,
STATSNZ:AGR_AGR_003(1.0),7193,8,2002,416802,
STATSNZ:AGR_AGR_003(1.0),6702,4,2002,347260,
STATSNZ:AGR_AGR_003(1.0),7187,9,2002,77957,
STATSNZ:AGR_AGR_003(1.0),7071,3,2002,31639,
STATSNZ:AGR_AGR_003(1.0),7067,13,2002,7589,
STATSNZ:AGR_AGR_003(1.0),7810,16,2002,3789,
STATSNZ:AGR_AGR_003(1.0),7071,7,2002,3353,
STATSNZ:AGR_AGR_003(1.0),7073,14,2002,2489,
STATSNZ:AGR_AGR_003(1.0),7185,2,2002,1673,
STATSNZ:AGR_AGR_003(1.0),7810,12,2002,117,
STATSNZ:AGR_AGR_003(1.0),6721,6,2003,2392986,
STATSNZ:AGR_AGR_003(1.0),6723,10,2003,1229343,
STATSNZ:AGR_AGR_003(1.0),6727,7,2003,3117,
STATSNZ:AGR_AGR_003(1.0),6949,15,2003,22101,
STATSNZ:AGR_AGR_003(1.0),6953,13,2003,6319,
STATSNZ:AGR_AGR_003(1.0),7057,5,2003,10836,
STATSNZ:AGR_AGR_003(1.0),7059,16,2003,21292,
STATSNZ:AGR_AGR_003(1.0),7059,20,2003,370399,
STATSNZ:AGR_AGR_003(1.0),7065,6,2003,28559,
STATSNZ:AGR_AGR_003(1.0),7065,14,2003,1456,
STATSNZ:AGR_AGR_003(1.0),7067,4,2003,11729,
STATSNZ:AGR_AGR_003(1.0),7071,11,2003,1198,
STATSNZ:AGR_AGR_003(1.0),7071,15,2003,12870,
STATSNZ:AGR_AGR_003(1.0),7687,14,2003,19979,
STATSNZ:AGR_AGR_003(1.0),7696,8,2003,59307,
STATSNZ:AGR_AGR_003(1.0),7810,3,2003,18077,
STATSNZ:AGR_AGR_003(1.0),7810,7,2003,2322,
STATSNZ:AGR_AGR_003(1.0),7193,15,2004,599643,
STATSNZ:AGR_AGR_003(1.0),7187,16,2004,137447,
STATSNZ:AGR_AGR_003(1.0),7190,6,2004,37497,
STATSNZ:AGR_AGR_003(1.0),7190,19,2004,730135,
STATSNZ:AGR_AGR_003(1.0),6720,4,2004,4875,
STATSNZ:AGR_AGR_003(1.0),6720,10,2004,192825,
STATSNZ:AGR_AGR_003(1.0),6722,11,2004,2003,
STATSNZ:AGR_AGR_003(1.0),6724,1,2004,85139,
STATSNZ:AGR_AGR_003(1.0),7056,7,2005,33860,
STATSNZ:AGR_AGR_003(1.0),7056,11,2005,12459,
STATSNZ:AGR_AGR_003(1.0),7058,1,2005,20618,
STATSNZ:AGR_AGR_003(1.0),7064,16,2005,39706,
STATSNZ:AGR_AGR_003(1.0),7064,20,2005,556116,
STATSNZ:AGR_AGR_003(1.0),7066,6,2005,48035,
STATSNZ:AGR_AGR_003(1.0),7068,13,2005,988,
STATSNZ:AGR_AGR_003(1.0),7190,1,2005,227263,
STATSNZ:AGR_AGR_003(1.0),6720,8,2005,63488,
STATSNZ:AGR_AGR_003(1.0),7686,3,2005,29326,
STATSNZ:AGR_AGR_003(1.0),7688,19,2005,254432,
STATSNZ:AGR_AGR_003(1.0),6954,8,2005,21762,
STATSNZ:AGR_AGR_003(1.0),7057,16,2006,15356,
STATSNZ:AGR_AGR_003(1.0),7059,19,2006,78598,
STATSNZ:AGR_AGR_003(1.0),7065,10,2006,216622,
STATSNZ:AGR_AGR_003(1.0),7065,17,2006,4710,
STATSNZ:AGR_AGR_003(1.0),7067,15,2006,60779,
STATSNZ:AGR_AGR_003(1.0),7071,5,2006,7747,
STATSNZ:AGR_AGR_003(1.0),7073,16,2006,14249,
STATSNZ:AGR_AGR_003(1.0),7073,20,2006,371620,
STATSNZ:AGR_AGR_003(1.0),6721,10,2006,12742460,
STATSNZ:AGR_AGR_003(1.0),7696,2,2006,4428,
STATSNZ:AGR_AGR_003(1.0),6949,9,2006,1747,
STATSNZ:AGR_AGR_003(1.0),6953,3,2006,43143,
STATSNZ:AGR_AGR_003(1.0),6953,7,2006,13866,
STATSNZ:AGR_AGR_003(1.0),7056,14,2007,10147,
STATSNZ:AGR_AGR_003(1.0),7064,15,2007,75626,
STATSNZ:AGR_AGR_003(1.0),7185,16,2007,2575,
STATSNZ:AGR_AGR_003(1.0),7187,6,2007,61016,
STATSNZ:AGR_AGR_003(1.0),7187,19,2007,1279799,
STATSNZ:AGR_AGR_003(1.0),7190,10,2007,2365097,
STATSNZ:AGR_AGR_003(1.0),7190,17,2007,285986,
STATSNZ:AGR_AGR_003(1.0),6720,11,2007,3596,
STATSNZ:AGR_AGR_003(1.0),6720,15,2007,66148,
STATSNZ:AGR_AGR_003(1.0),6722,5,2007,14463,
STATSNZ:AGR_AGR_003(1.0),6724,12,2007,1154,
STATSNZ:AGR_AGR_003(1.0),7056,4,2008,18405,
STATSNZ:AGR_AGR_003(1.0),7064,9,2008,19585,
STATSNZ:AGR_AGR_003(1.0),7068,15,2008,8333,
STATSNZ:AGR_AGR_003(1.0),7074,16,2008,94703,
STATSNZ:AGR_AGR_003(1.0),7184,19,2008,297465,
STATSNZ:AGR_AGR_003(1.0),6701,16,2008,122860,
STATSNZ:AGR_AGR_003(1.0),7699,6,2008,84426,
STATSNZ:AGR_AGR_003(1.0),7686,17,2008,56131,
STATSNZ:AGR_AGR_003(1.0),7688,11,2008,3878,
STATSNZ:AGR_AGR_003(1.0),6954,1,2008,4899,
STATSNZ:AGR_AGR_003(1.0),6954,5,2008,722,
STATSNZ:AGR_AGR_003(1.0),7077,6,2009,436207,
STATSNZ:AGR_AGR_003(1.0),7057,13,2009,2412,
STATSNZ:AGR_AGR_003(1.0),7059,3,2009,56501,
STATSNZ:AGR_AGR_003(1.0),7059,7,2009,11421,
STATSNZ:AGR_AGR_003(1.0),7065,1,2009,37251,
STATSNZ:AGR_AGR_003(1.0),7185,15,2009,8046,
STATSNZ:AGR_AGR_003(1.0),7190,3,2009,1171815,
STATSNZ:AGR_AGR_003(1.0),6720,14,2009,755,
STATSNZ:AGR_AGR_003(1.0),6720,19,2009,175156,
STATSNZ:AGR_AGR_003(1.0),7685,15,2009,32190,
STATSNZ:AGR_AGR_003(1.0),7687,5,2009,10809,
STATSNZ:AGR_AGR_003(1.0),7696,16,2009,69545,
STATSNZ:AGR_AGR_003(1.0),7696,20,2009,431921,
STATSNZ:AGR_AGR_003(1.0),6949,6,2009,886,
STATSNZ:AGR_AGR_003(1.0),6949,19,2009,19803,
STATSNZ:AGR_AGR_003(1.0),6953,4,2009,6892,
STATSNZ:AGR_AGR_003(1.0),6953,10,2009,121052,
STATSNZ:AGR_AGR_003(1.0),7810,11,2009,851,
STATSNZ:AGR_AGR_003(1.0),7077,3,2010,535350,
STATSNZ:AGR_AGR_003(1.0),7077,7,2010,133687,
STATSNZ:AGR_AGR_003(1.0),7057,14,2010,935,
STATSNZ:AGR_AGR_003(1.0),7057,18,2010,1120,
STATSNZ:AGR_AGR_003(1.0),7059,12,2010,144,
STATSNZ:AGR_AGR_003(1.0),7065,2,2010,10496,
STATSNZ:AGR_AGR_003(1.0),6731,4,2010,347973,
STATSNZ:AGR_AGR_003(1.0),6702,5,2010,1229655,
STATSNZ:AGR_AGR_003(1.0),7685,16,2010,7503,
STATSNZ:AGR_AGR_003(1.0),7685,20,2010,85957,
STATSNZ:AGR_AGR_003(1.0),7687,6,2010,26001,
STATSNZ:AGR_AGR_003(1.0),7687,14,2010,17622,
STATSNZ:AGR_AGR_003(1.0),7696,4,2010,17656,
STATSNZ:AGR_AGR_003(1.0),7696,10,2010,116241,
STATSNZ:AGR_AGR_003(1.0),6953,1,2010,2292,
STATSNZ:AGR_AGR_003(1.0),7056,15,2011,145191,
STATSNZ:AGR_AGR_003(1.0),7064,3,2011,58410,
STATSNZ:AGR_AGR_003(1.0),7074,19,2011,327581,
STATSNZ:AGR_AGR_003(1.0),7184,17,2011,102197,
STATSNZ:AGR_AGR_003(1.0),6731,12,2011,13743,
STATSNZ:AGR_AGR_003(1.0),7699,10,2011,324934,
STATSNZ:AGR_AGR_003(1.0),7699,17,2011,243877,
STATSNZ:AGR_AGR_003(1.0),7686,7,2011,1034,
STATSNZ:AGR_AGR_003(1.0),7686,11,2011,2378,
STATSNZ:AGR_AGR_003(1.0),7688,1,2011,781,
STATSNZ:AGR_AGR_003(1.0),7688,5,2011,3349,
STATSNZ:AGR_AGR_003(1.0),6954,12,2011,19,
STATSNZ:AGR_AGR_003(1.0),7059,15,2012,39387,
STATSNZ:AGR_AGR_003(1.0),7065,5,2012,14401,
STATSNZ:AGR_AGR_003(1.0),7067,16,2012,34515,
STATSNZ:AGR_AGR_003(1.0),7067,20,2012,401162,
STATSNZ:AGR_AGR_003(1.0),7071,19,2012,18541,
STATSNZ:AGR_AGR_003(1.0),7073,4,2012,6349,
STATSNZ:AGR_AGR_003(1.0),7073,10,2012,190363,
STATSNZ:AGR_AGR_003(1.0),7193,11,2012,71956,
STATSNZ:AGR_AGR_003(1.0),6949,14,2012,,c
STATSNZ:AGR_AGR_003(1.0),6953,4,2012,3899,
STATSNZ:AGR_AGR_003(1.0),6953,8,2012,26191,
STATSNZ:AGR_AGR_003(1.0),7810,15,2012,11386,
STATSNZ:AGR_AGR_003(1.0),7071,1,2013,14046,
STATSNZ:AGR_AGR_003(1.0),7073,8,2013,41074,
STATSNZ:AGR_AGR_003(1.0),6720,9,2013,14661,
STATSNZ:AGR_AGR_003(1.0),6722,3,2013,8668,
STATSNZ:AGR_AGR_003(1.0),6724,18,2013,10870,
STATSNZ:AGR_AGR_003(1.0),6724,19,2013,2279365,
STATSNZ:AGR_AGR_003(1.0),6738,8,2013,540351,
STATSNZ:AGR_AGR_003(1.0),6701,15,2013,203106,
STATSNZ:AGR_AGR_003(1.0),7699,5,2013,18833,
STATSNZ:AGR_AGR_003(1.0),7810,19,2013,19015,
STATSNZ:AGR_AGR_003(1.0),7056,9,2014,41307,
STATSNZ:AGR_AGR_003(1.0),7058,3,2014,17610,
STATSNZ:AGR_AGR_003(1.0),7058,20,2014,136014,
STATSNZ:AGR_AGR_003(1.0),7074,17,2014,49989,
STATSNZ:AGR_AGR_003(1.0),7184,11,2014,14867,
STATSNZ:AGR_AGR_003(1.0),7186,5,2014,209,
STATSNZ:AGR_AGR_003(1.0),7186,9,2014,349,
STATSNZ:AGR_AGR_003(1.0),7186,18,2014,0,
STATSNZ:AGR_AGR_003(1.0),7188,16,2014,29538,
STATSNZ:AGR_AGR_003(1.0),7188,20,2014,483233,
STATSNZ:AGR_AGR_003(1.0),6731,6,2014,2872852,
STATSNZ:AGR_AGR_003(1.0),7699,11,2014,14535,
STATSNZ:AGR_AGR_003(1.0),7686,1,2014,535,
STATSNZ:AGR_AGR_003(1.0),7686,18,2014,0,
STATSNZ:AGR_AGR_003(1.0),7688,12,2014,0,
STATSNZ:AGR_AGR_003(1.0),6954,6,2014,7051,
STATSNZ:AGR_AGR_003(1.0),6951,10,2014,1461,
STATSNZ:AGR_AGR_003(1.0),6955,7,2014,34960,
STATSNZ:AGR_AGR_003(1.0),7065,16,2015,13171,
STATSNZ:AGR_AGR_003(1.0),7065,20,2015,242914,
STATSNZ:AGR_AGR_003(1.0),7067,6,2015,36400,
STATSNZ:AGR_AGR_003(1.0),7067,19,2015,122785,
STATSNZ:AGR_AGR_003(1.0),7071,10,2015,102520,
STATSNZ:AGR_AGR_003(1.0),7071,17,2015,1614,
STATSNZ:AGR_AGR_003(1.0),7073,15,2015,14962,
STATSNZ:AGR_AGR_003(1.0),7193,5,2015,10341,
STATSNZ:AGR_AGR_003(1.0),7185,12,2015,339,
STATSNZ:AGR_AGR_003(1.0),6949,8,2015,2050,
STATSNZ:AGR_AGR_003(1.0),6953,2,2015,,c
STATSNZ:AGR_AGR_003(1.0),7810,9,2015,1465,
STATSNZ:AGR_AGR_003(1.0),7065,14,2016,1121,
STATSNZ:AGR_AGR_003(1.0),7067,4,2016,12010,
STATSNZ:AGR_AGR_003(1.0),7067,8,2016,54038,
STATSNZ:AGR_AGR_003(1.0),7071,15,2016,7142,
STATSNZ:AGR_AGR_003(1.0),7073,9,2016,10519,
STATSNZ:AGR_AGR_003(1.0),7073,13,2016,1077,
STATSNZ:AGR_AGR_003(1.0),7193,3,2016,1855170,
STATSNZ:AGR_AGR_003(1.0),7185,19,2016,25228,
STATSNZ:AGR_AGR_003(1.0),6953,17,2016,,s
STATSNZ:AGR_AGR_003(1.0),7810,7,2016,1434,
STATSNZ:AGR_AGR_003(1.0),7059,4,2017,8878,
STATSNZ:AGR_AGR_003(1.0),7067,5,2017,25483,
STATSNZ:AGR_AGR_003(1.0),7185,16,2017,4794,
STATSNZ:AGR_AGR_003(1.0),7187,6,2017,62874,
STATSNZ:AGR_AGR_003(1.0),7190,13,2017,14119,
STATSNZ:AGR_AGR_003(1.0),7190,17,2017,478592,
STATSNZ:AGR_AGR_003(1.0),6720,11,2017,2661,
STATSNZ:AGR_AGR_003(1.0),6722,1,2017,2544,
STATSNZ:AGR_AGR_003(1.0),6722,5,2017,19452,
STATSNZ:AGR_AGR_003(1.0),6724,12,2017,2275,
STATSNZ:AGR_AGR_003(1.0),6949,7,2017,1539,
STATSNZ:AGR_AGR_003(1.0),6953,14,2017,58,
STATSNZ:AGR_AGR_003(1.0),7056,11,2018,6790,
STATSNZ:AGR_AGR_003(1.0),7058,5,2018,14290,
STATSNZ:AGR_AGR_003(1.0),7193,6,2018,87267,
STATSNZ:AGR_AGR_003(1.0),7185,13,2018,,s
STATSNZ:AGR_AGR_003(1.0),7185,17,2018,,s
STATSNZ:AGR_AGR_003(1.0),7187,7,2018,436661,
STATSNZ:AGR_AGR_003(1.0),7187,11,2018,51185,
STATSNZ:AGR_AGR_003(1.0),7190,1,2018,242688,
STATSNZ:AGR_AGR_003(1.0),7190,5,2018,,s
STATSNZ:AGR_AGR_003(1.0),6720,12,2018,140,
STATSNZ:AGR_AGR_003(1.0),6722,2,2018,,s
STATSNZ:AGR_AGR_003(1.0),7699,13,2018,4817,
STATSNZ:AGR_AGR_003(1.0),7688,14,2018,4756,
STATSNZ:AGR_AGR_003(1.0),7067,15,2019,77019,
STATSNZ:AGR_AGR_003(1.0),7071,9,2019,4891,
STATSNZ:AGR_AGR_003(1.0),7073,7,2019,6899,
STATSNZ:AGR_AGR_003(1.0),7073,16,2019,19382,
STATSNZ:AGR_AGR_003(1.0),7073,20,2019,290513,
STATSNZ:AGR_AGR_003(1.0),7193,14,2019,152552,
STATSNZ:AGR_AGR_003(1.0),7185,4,2019,,s
STATSNZ:AGR_AGR_003(1.0),6738,16,2019,374550,
STATSNZ:AGR_AGR_003(1.0),6953,7,2019,12028,
STATSNZ:AGR_AGR_003(1.0),6953,11,2019,,s
STATSNZ:AGR_AGR_003(1.0),7810,1,2019,1614,
STATSNZ:AGR_AGR_003(1.0),7810,18,2019,,s
STATSNZ:AGR_AGR_003(1.0),7077,14,2020,30426,
STATSNZ:AGR_AGR_003(1.0),7077,19,2020,1245702,
STATSNZ:AGR_AGR_003(1.0),7057,4,2020,4117,
STATSNZ:AGR_AGR_003(1.0),7059,11,2020,3776,
STATSNZ:AGR_AGR_003(1.0),6703,14,2020,,s
STATSNZ:AGR_AGR_003(1.0),6703,18,2020,,s
STATSNZ:AGR_AGR_003(1.0),6702,8,2020,4044000,
STATSNZ:AGR_AGR_003(1.0),7685,2,2020,1887,
STATSNZ:AGR_AGR_003(1.0),7687,13,2020,2413,
STATSNZ:AGR_AGR_003(1.0),7696,3,2020,24976,
STATSNZ:AGR_AGR_003(1.0),7064,19,2021,179729,
STATSNZ:AGR_AGR_003(1.0),7066,4,2021,13047,
STATSNZ:AGR_AGR_003(1.0),7066,10,2021,318525,
STATSNZ:AGR_AGR_003(1.0),7068,11,2021,,s
STATSNZ:AGR_AGR_003(1.0),7068,15,2021,11898,
STATSNZ:AGR_AGR_003(1.0),7072,5,2021,19001,
STATSNZ:AGR_AGR_003(1.0),7072,9,2021,17453,
STATSNZ:AGR_AGR_003(1.0),7074,16,2021,99905,
STATSNZ:AGR_AGR_003(1.0),7074,20,2021,958398,
STATSNZ:AGR_AGR_003(1.0),7184,6,2021,15715,
STATSNZ:AGR_AGR_003(1.0),6721,17,2021,2485635,
STATSNZ:AGR_AGR_003(1.0),6727,18,2021,,s
STATSNZ:AGR_AGR_003(1.0),6954,2,2021,19205,
STATSNZ:AGR_AGR_003(1.0),6951,9,2021,111,
STATSNZ:AGR_AGR_003(1.0),6951,13,2021,0,
STATSNZ:AGR_AGR_003(1.0),6955,3,2021,55072,
STATSNZ:AGR_AGR_003(1.0),7067,9,2022,20155,
STATSNZ:AGR_AGR_003(1.0),7067,13,2022,4970,
STATSNZ:AGR_AGR_003(1.0),7071,3,2022,22633,
STATSNZ:AGR_AGR_003(1.0),7073,19,2022,60261,
STATSNZ:AGR_AGR_003(1.0),7193,8,2022,409971,
STATSNZ:AGR_AGR_003(1.0),7193,10,2022,3446821,
STATSNZ:AGR_AGR_003(1.0),7185,15,2022,13729,
STATSNZ:AGR_AGR_003(1.0),7187,9,2022,65582,
STATSNZ:AGR_AGR_003(1.0),6724,16,2022,649474,
STATSNZ:AGR_AGR_003(1.0),6738,19,2022,1403037,
STATSNZ:AGR_AGR_003(1.0),6701,17,2022,165985,
STATSNZ:AGR_AGR_003(1.0),7810,12,2022,46,
STATSNZ:AGR_AGR_003(1.0),7077,4,2023,103929,
STATSNZ:AGR_AGR_003(1.0),7077,10,2023,2501041,
STATSNZ:AGR_AGR_003(1.0),7057,15,2023,29094,
STATSNZ:AGR_AGR_003(1.0),7059,5,2023,16628,
STATSNZ:AGR_AGR_003(1.0),7185,17,2023,,s
STATSNZ:AGR_AGR_003(1.0),6703,8,2023,4017893,
STATSNZ:AGR_AGR_003(1.0),6702,2,2023,128744,
STATSNZ:AGR_AGR_003(1.0),7685,9,2023,,s
STATSNZ:AGR_AGR_003(1.0),7685,17,2023,,s
STATSNZ:AGR_AGR_003(1.0),7687,7,2023,,s
STATSNZ:AGR_AGR_003(1.0),7696,14,2023,3298,
STATSNZ:AGR_AGR_003(1.0),6949,4,2023,,s
STATSNZ:AGR_AGR_003(1.0),7059,4,2024,8106,
STATSNZ:AGR_AGR_003(1.0),7059,8,2024,41397,
STATSNZ:AGR_AGR_003(1.0),7065,15,2024,,s
STATSNZ:AGR_AGR_003(1.0),7067,5,2024,23600,
STATSNZ:AGR_AGR_003(1.0),7067,9,2024,,s
STATSNZ:AGR_AGR_003(1.0),7071,3,2024,12061,
STATSNZ:AGR_AGR_003(1.0),7073,19,2024,44791,
STATSNZ:AGR_AGR_003(1.0),7185,16,2024,,s
STATSNZ:AGR_AGR_003(1.0),7190,17,2024,560925,
STATSNZ:AGR_AGR_003(1.0),6720,11,2024,2064,
STATSNZ:AGR_AGR_003(1.0),6722,5,2024,16250,
STATSNZ:AGR_AGR_003(1.0),6724,12,2024,182,
STATSNZ:AGR_AGR_003(1.0),7696,17,2024,55442,
STATSNZ:AGR_AGR_003(1.0),6949,7,2024,1015,
STATSNZ:AGR_AGR_003(1.0),6953,14,2024,,s
STATSNZ:AGR_AGR_003(1.0),6953,18,2024,0,
STATSNZ:AGR_AGR_003(1.0),7810,12,2024,39,
STATSNZ:AGR_AGR_003(1.0),6724,19,1994,4253419,
STATSNZ:AGR_AGR_003(1.0),7077,10,1994,3907051,
STATSNZ:AGR_AGR_003(1.0),6721,4,1994,442680,
STATSNZ:AGR_AGR_003(1.0),7184,15,1994,43070,
STATSNZ:AGR_AGR_003(1.0),7687,16,1994,41260,
STATSNZ:AGR_AGR_003(1.0),6954,2,1994,21142,
STATSNZ:AGR_AGR_003(1.0),6727,5,1994,15512,
STATSNZ:AGR_AGR_003(1.0),6720,14,1994,2887,
STATSNZ:AGR_AGR_003(1.0),6731,20,2002,39571837,
STATSNZ:AGR_AGR_003(1.0),7193,10,2002,3831529,
STATSNZ:AGR_AGR_003(1.0),6703,9,2002,1370766,
STATSNZ:AGR_AGR_003(1.0),7071,20,2002,143730,
STATSNZ:AGR_AGR_003(1.0),7187,14,2002,93708,
STATSNZ:AGR_AGR_003(1.0),7057,8,2002,26015,
STATSNZ:AGR_AGR_003(1.0),7056,13,2002,23821,
STATSNZ:AGR_AGR_003(1.0),6723,13,2002,21080,
STATSNZ:AGR_AGR_003(1.0),7686,1,2002,5514,
STATSNZ:AGR_AGR_003(1.0),6720,11,2002,5326,
STATSNZ:AGR_AGR_003(1.0),7066,13,2002,4877,
STATSNZ:AGR_AGR_003(1.0),7068,7,2002,4697,
STATSNZ:AGR_AGR_003(1.0),6951,9,2002,176,
STATSNZ:AGR_AGR_003(1.0),6702,20,2003,32190366,
STATSNZ:AGR_AGR_003(1.0),6721,5,2003,1206687,
STATSNZ:AGR_AGR_003(1.0),6722,10,2003,117058,
STATSNZ:AGR_AGR_003(1.0),6731,11,2003,402925,
STATSNZ:AGR_AGR_003(1.0),6951,6,2003,70,
STATSNZ:AGR_AGR_003(1.0),7056,9,2003,45589,
STATSNZ:AGR_AGR_003(1.0),7074,1,2003,104125,
STATSNZ:AGR_AGR_003(1.0),7077,14,2003,36968,
STATSNZ:AGR_AGR_003(1.0),7186,15,2003,1126,
STATSNZ:AGR_AGR_003(1.0),7188,9,2003,6048,
STATSNZ:AGR_AGR_003(1.0),7190,20,2003,3115897,
STATSNZ:AGR_AGR_003(1.0),7699,11,2003,33573,
STATSNZ:AGR_AGR_003(1.0),7066,11,2004,6255,
STATSNZ:AGR_AGR_003(1.0),7067,6,2004,47725,
STATSNZ:AGR_AGR_003(1.0),7071,10,2004,125812,
STATSNZ:AGR_AGR_003(1.0),6721,17,2004,4465207,
STATSNZ:AGR_AGR_003(1.0),6722,12,2004,692,
STATSNZ:AGR_AGR_003(1.0),6724,6,2004,631314,
STATSNZ:AGR_AGR_003(1.0),7686,17,2004,84986,
STATSNZ:AGR_AGR_003(1.0),6949,8,2004,3114,
STATSNZ:AGR_AGR_003(1.0),7064,4,2005,12106,
STATSNZ:AGR_AGR_003(1.0),7074,15,2005,127193,
STATSNZ:AGR_AGR_003(1.0),7193,19,2005,1355468,
STATSNZ:AGR_AGR_003(1.0),7187,6,2005,62191,
STATSNZ:AGR_AGR_003(1.0),7190,10,2005,2459977,
STATSNZ:AGR_AGR_003(1.0),6723,5,2005,180688,
STATSNZ:AGR_AGR_003(1.0),6724,10,2005,2822424,
STATSNZ:AGR_AGR_003(1.0),7688,6,2005,30127,
STATSNZ:AGR_AGR_003(1.0),7077,8,2006,701871,
STATSNZ:AGR_AGR_003(1.0),7056,3,2006,111266,
STATSNZ:AGR_AGR_003(1.0),7059,9,2006,16787,
STATSNZ:AGR_AGR_003(1.0),7067,3,2006,65863,
STATSNZ:AGR_AGR_003(1.0),7068,15,2006,7273,
STATSNZ:AGR_AGR_003(1.0),7073,17,2006,16553,
STATSNZ:AGR_AGR_003(1.0),7185,14,2006,1646,
STATSNZ:AGR_AGR_003(1.0),7190,15,2006,372305,
STATSNZ:AGR_AGR_003(1.0),6731,5,2006,1833833,
STATSNZ:AGR_AGR_003(1.0),6721,20,2006,26904995,
STATSNZ:AGR_AGR_003(1.0),6727,13,2006,45792,
STATSNZ:AGR_AGR_003(1.0),6702,14,2006,63062,
STATSNZ:AGR_AGR_003(1.0),7699,5,2006,27507,
STATSNZ:AGR_AGR_003(1.0),6949,5,2006,212,
STATSNZ:AGR_AGR_003(1.0),6951,10,2006,2153,
STATSNZ:AGR_AGR_003(1.0),7058,9,2007,4033,
STATSNZ:AGR_AGR_003(1.0),7066,5,2007,25010,
STATSNZ:AGR_AGR_003(1.0),7067,10,2007,331883,
STATSNZ:AGR_AGR_003(1.0),7072,6,2007,51731,
STATSNZ:AGR_AGR_003(1.0),7184,20,2007,717092,
STATSNZ:AGR_AGR_003(1.0),7187,5,2007,5452,
STATSNZ:AGR_AGR_003(1.0),7188,10,2007,215125,
STATSNZ:AGR_AGR_003(1.0),6722,6,2007,24078,
STATSNZ:AGR_AGR_003(1.0),6724,10,2007,2899663,
STATSNZ:AGR_AGR_003(1.0),6702,5,2007,1406288,
STATSNZ:AGR_AGR_003(1.0),7687,6,2007,36610,
STATSNZ:AGR_AGR_003(1.0),7057,11,2008,1456,
STATSNZ:AGR_AGR_003(1.0),7058,6,2008,17494,
STATSNZ:AGR_AGR_003(1.0),7064,10,2008,363297,
STATSNZ:AGR_AGR_003(1.0),7193,7,2008,571505,
STATSNZ:AGR_AGR_003(1.0),7187,17,2008,372657,
STATSNZ:AGR_AGR_003(1.0),6731,6,2008,3690843,
STATSNZ:AGR_AGR_003(1.0),6723,2,2008,16604,
STATSNZ:AGR_AGR_003(1.0),6703,16,2008,4861576,
STATSNZ:AGR_AGR_003(1.0),7686,8,2008,18440,
STATSNZ:AGR_AGR_003(1.0),7696,14,2008,15261,
STATSNZ:AGR_AGR_003(1.0),6953,8,2008,21673,
STATSNZ:AGR_AGR_003(1.0),6955,3,2008,82918,
STATSNZ:AGR_AGR_003(1.0),7056,10,2009,596468,
STATSNZ:AGR_AGR_003(1.0),7064,19,2009,148801,
STATSNZ:AGR_AGR_003(1.0),7065,5,2009,14875,
STATSNZ:AGR_AGR_003(1.0),7067,20,2009,423970,
STATSNZ:AGR_AGR_003(1.0),7193,17,2009,589184,
STATSNZ:AGR_AGR_003(1.0),6731,16,2009,5281730,
STATSNZ:AGR_AGR_003(1.0),6722,5,2009,13752,
STATSNZ:AGR_AGR_003(1.0),6723,17,2009,251550,
STATSNZ:AGR_AGR_003(1.0),6738,1,2009,55174,
STATSNZ:AGR_AGR_003(1.0),7699,15,2009,323257,
STATSNZ:AGR_AGR_003(1.0),7688,16,2009,32439,
STATSNZ:AGR_AGR_003(1.0),7810,15,2009,13406,
STATSNZ:AGR_AGR_003(1.0),7077,20,2010,3948520,
STATSNZ:AGR_AGR_003(1.0),7059,13,2010,5674,
STATSNZ:AGR_AGR_003(1.0),7184,13,2010,3929,
STATSNZ:AGR_AGR_003(1.0),6723,17,2010,373986,
STATSNZ:AGR_AGR_003(1.0),6703,14,2010,42257,
STATSNZ:AGR_AGR_003(1.0),6701,9,2010,35884,
STATSNZ:AGR_AGR_003(1.0),7686,3,2010,19673,
STATSNZ:AGR_AGR_003(1.0),7696,9,2010,7328,
STATSNZ:AGR_AGR_003(1.0),6955,1,2010,6326,
STATSNZ:AGR_AGR_003(1.0),7057,5,2011,9053,
STATSNZ:AGR_AGR_003(1.0),7058,10,2011,119204,
STATSNZ:AGR_AGR_003(1.0),7193,14,2011,179308,
STATSNZ:AGR_AGR_003(1.0),7187,11,2011,52421,
STATSNZ:AGR_AGR_003(1.0),6731,10,2011,15460626,
STATSNZ:AGR_AGR_003(1.0),6720,12,2011,83,
STATSNZ:AGR_AGR_003(1.0),6703,19,2011,12875308,
STATSNZ:AGR_AGR_003(1.0),7699,16,2011,161911,
STATSNZ:AGR_AGR_003(1.0),7685,11,2011,956,
STATSNZ:AGR_AGR_003(1.0),7696,8,2011,33156,
STATSNZ:AGR_AGR_003(1.0),6951,19,2011,2865,
STATSNZ:AGR_AGR_003(1.0),7077,10,2012,2659543,
STATSNZ:AGR_AGR_003(1.0),7059,19,2012,79828,
STATSNZ:AGR_AGR_003(1.0),7064,5,2012,34826,
STATSNZ:AGR_AGR_003(1.0),7066,20,2012,435902,
STATSNZ:AGR_AGR_003(1.0),7073,5,2012,12369,
STATSNZ:AGR_AGR_003(1.0),7074,17,2012,47841,
STATSNZ:AGR_AGR_003(1.0),7184,11,2012,12604,
STATSNZ:AGR_AGR_003(1.0),7185,6,2012,2111,
STATSNZ:AGR_AGR_003(1.0),7190,3,2012,1195465,
STATSNZ:AGR_AGR_003(1.0),6721,5,2012,957724,
STATSNZ:AGR_AGR_003(1.0),6722,17,2012,32673,
STATSNZ:AGR_AGR_003(1.0),6727,1,2012,7939,
STATSNZ:AGR_AGR_003(1.0),6738,13,2012,57988,
STATSNZ:AGR_AGR_003(1.0),6702,15,2012,3746683,
STATSNZ:AGR_AGR_003(1.0),7687,12,2012,,c
STATSNZ:AGR_AGR_003(1.0),7688,7,2012,655,
STATSNZ:AGR_AGR_003(1.0),6954,1,2012,2917,
STATSNZ:AGR_AGR_003(1.0),6949,13,2012,433,
STATSNZ:AGR_AGR_003(1.0),7058,15,2013,12773,
STATSNZ:AGR_AGR_003(1.0),7065,17,2013,5104,
STATSNZ:AGR_AGR_003(1.0),7065,20,2013,246866,
STATSNZ:AGR_AGR_003(1.0),7071,10,2013,78781,
STATSNZ:AGR_AGR_003(1.0),7193,14,2013,178907,
STATSNZ:AGR_AGR_003(1.0),7184,5,2013,6610,
STATSNZ:AGR_AGR_003(1.0),7186,20,2013,38721,
STATSNZ:AGR_AGR_003(1.0),6731,13,2013,518372,
STATSNZ:AGR_AGR_003(1.0),6721,10,2013,9572849,
STATSNZ:AGR_AGR_003(1.0),6724,6,2013,534324,
STATSNZ:AGR_AGR_003(1.0),6701,20,2013,1280394,
STATSNZ:AGR_AGR_003(1.0),7685,5,2013,1916,
STATSNZ:AGR_AGR_003(1.0),7686,10,2013,72978,
STATSNZ:AGR_AGR_003(1.0),6953,15,2013,156770,
STATSNZ:AGR_AGR_003(1.0),7056,8,2014,139960,
STATSNZ:AGR_AGR_003(1.0),7065,10,2014,192784,
STATSNZ:AGR_AGR_003(1.0),7071,14,2014,,s
STATSNZ:AGR_AGR_003(1.0),7193,8,2014,481249,
STATSNZ:AGR_AGR_003(1.0),7186,14,2014,,s
STATSNZ:AGR_AGR_003(1.0),7187,9,2014,72261,
STATSNZ:AGR_AGR_003(1.0),6720,6,2014,31943,
STATSNZ:AGR_AGR_003(1.0),6723,8,2014,377726,
STATSNZ:AGR_AGR_003(1.0),6701,16,2014,139477,
STATSNZ:AGR_AGR_003(1.0),7699,19,2014,668265,
STATSNZ:AGR_AGR_003(1.0),7685,5,2014,1919,
STATSNZ:AGR_AGR_003(1.0),7696,15,2014,95527,
STATSNZ:AGR_AGR_003(1.0),6951,4,2014,39,
STATSNZ:AGR_AGR_003(1.0),6953,16,2014,12502,
STATSNZ:AGR_AGR_003(1.0),7059,4,2015,8351,
STATSNZ:AGR_AGR_003(1.0),7064,20,2015,459530,
STATSNZ:AGR_AGR_003(1.0),7067,5,2015,26499,
STATSNZ:AGR_AGR_003(1.0),7074,11,2015,9672,
STATSNZ:AGR_AGR_003(1.0),7184,5,2015,,c
STATSNZ:AGR_AGR_003(1.0),7185,10,2015,41600,
STATSNZ:AGR_AGR_003(1.0),7190,19,2015,1517799,
STATSNZ:AGR_AGR_003(1.0),6721,20,2015,19074356,
STATSNZ:AGR_AGR_003(1.0),6722,11,2015,7025,
STATSNZ:AGR_AGR_003(1.0),6702,9,2015,1217759,
STATSNZ:AGR_AGR_003(1.0),7686,15,2015,53315,
STATSNZ:AGR_AGR_003(1.0),7687,19,2015,298433,
STATSNZ:AGR_AGR_003(1.0),6949,7,2015,1584,
STATSNZ:AGR_AGR_003(1.0),6955,9,2015,30728,
STATSNZ:AGR_AGR_003(1.0),7077,5,2016,243273,
STATSNZ:AGR_AGR_003(1.0),7059,2,2016,18308,
STATSNZ:AGR_AGR_003(1.0),7067,3,2016,59535,
STATSNZ:AGR_AGR_003(1.0),7073,17,2016,10573,
STATSNZ:AGR_AGR_003(1.0),7184,3,2016,223594,
STATSNZ:AGR_AGR_003(1.0),7188,17,2016,28592,
STATSNZ:AGR_AGR_003(1.0),6731,3,2016,1666388,
STATSNZ:AGR_AGR_003(1.0),6722,9,2016,16894,
STATSNZ:AGR_AGR_003(1.0),6701,17,2016,138926,
STATSNZ:AGR_AGR_003(1.0),6702,7,2016,352442,
STATSNZ:AGR_AGR_003(1.0),7686,13,2016,,c
STATSNZ:AGR_AGR_003(1.0),7687,8,2016,23460,
STATSNZ:AGR_AGR_003(1.0),6949,5,2016,92,
STATSNZ:AGR_AGR_003(1.0),6955,7,2016,46958,
STATSNZ:AGR_AGR_003(1.0),7810,20,2016,48801,
STATSNZ:AGR_AGR_003(1.0),7077,7,2017,117954,
STATSNZ:AGR_AGR_003(1.0),7059,3,2017,39179,
STATSNZ:AGR_AGR_003(1.0),7067,17,2017,26284,
STATSNZ:AGR_AGR_003(1.0),7185,15,2017,11729,
STATSNZ:AGR_AGR_003(1.0),7190,9,2017,67810,
STATSNZ:AGR_AGR_003(1.0),6731,4,2017,281535,
STATSNZ:AGR_AGR_003(1.0),6723,1,2017,24553,
STATSNZ:AGR_AGR_003(1.0),7687,5,2017,6445,
STATSNZ:AGR_AGR_003(1.0),7688,10,2017,45158,
STATSNZ:AGR_AGR_003(1.0),6949,6,2017,305,
STATSNZ:AGR_AGR_003(1.0),7810,20,2017,43684,
STATSNZ:AGR_AGR_003(1.0),7057,11,2018,1608,
STATSNZ:AGR_AGR_003(1.0),7064,13,2018,8605,
STATSNZ:AGR_AGR_003(1.0),7074,19,2018,290152,
STATSNZ:AGR_AGR_003(1.0),7193,1,2018,367281,
STATSNZ:AGR_AGR_003(1.0),7187,15,2018,1027998,
STATSNZ:AGR_AGR_003(1.0),7190,9,2018,60953,
STATSNZ:AGR_AGR_003(1.0),6731,1,2018,279598,
STATSNZ:AGR_AGR_003(1.0),6723,2,2018,,s
STATSNZ:AGR_AGR_003(1.0),6703,16,2018,4679804,
STATSNZ:AGR_AGR_003(1.0),7699,1,2018,4084,
STATSNZ:AGR_AGR_003(1.0),7688,15,2018,44392,
STATSNZ:AGR_AGR_003(1.0),6951,11,2018,,s
STATSNZ:AGR_AGR_003(1.0),6953,6,2018,4455,
STATSNZ:AGR_AGR_003(1.0),7810,10,2018,27529,
STATSNZ:AGR_AGR_003(1.0),7077,20,2019,3889996,
STATSNZ:AGR_AGR_003(1.0),7058,5,2019,10099,
STATSNZ:AGR_AGR_003(1.0),7059,17,2019,11257,
STATSNZ:AGR_AGR_003(1.0),7072,16,2019,16759,
STATSNZ:AGR_AGR_003(1.0),7073,11,2019,,s
STATSNZ:AGR_AGR_003(1.0),7184,17,2019,104415,
STATSNZ:AGR_AGR_003(1.0),7188,11,2019,,s
STATSNZ:AGR_AGR_003(1.0),7190,6,2019,49779,
STATSNZ:AGR_AGR_003(1.0),6722,3,2019,,s
STATSNZ:AGR_AGR_003(1.0),6738,17,2019,113501,
STATSNZ:AGR_AGR_003(1.0),7699,13,2019,5810,
STATSNZ:AGR_AGR_003(1.0),7686,7,2019,475,
STATSNZ:AGR_AGR_003(1.0),7687,2,2019,3294,
STATSNZ:AGR_AGR_003(1.0),6949,20,2019,26028,
STATSNZ:AGR_AGR_003(1.0),6955,1,2019,6586,
STATSNZ:AGR_AGR_003(1.0),7077,18,2020,5040,
STATSNZ:AGR_AGR_003(1.0),7056,19,2020,350415,
STATSNZ:AGR_AGR_003(1.0),7057,5,2020,13467,
STATSNZ:AGR_AGR_003(1.0),7059,20,2020,328393,
STATSNZ:AGR_AGR_003(1.0),7064,11,2020,4347,
STATSNZ:AGR_AGR_003(1.0),7068,4,2020,3908,
STATSNZ:AGR_AGR_003(1.0),7073,19,2020,75787,
STATSNZ:AGR_AGR_003(1.0),7074,5,2020,79315,
STATSNZ:AGR_AGR_003(1.0),6731,15,2020,4560405,
STATSNZ:AGR_AGR_003(1.0),6721,9,2020,845345,
STATSNZ:AGR_AGR_003(1.0),6723,12,2020,162,
STATSNZ:AGR_AGR_003(1.0),6727,6,2020,,s
STATSNZ:AGR_AGR_003(1.0),6738,1,2020,38211,
STATSNZ:AGR_AGR_003(1.0),7688,13,2020,1046,
STATSNZ:AGR_AGR_003(1.0),6949,15,2020,14610,
STATSNZ:AGR_AGR_003(1.0),7810,12,2020,,s
STATSNZ:AGR_AGR_003(1.0),7077,10,2021,2779223,
STATSNZ:AGR_AGR_003(1.0),7059,14,2021,1633,
STATSNZ:AGR_AGR_003(1.0),7074,10,2021,617682,
STATSNZ:AGR_AGR_003(1.0),7185,6,2021,1762,
STATSNZ:AGR_AGR_003(1.0),7186,1,2021,,s
STATSNZ:AGR_AGR_003(1.0),6722,10,2021,185621,
STATSNZ:AGR_AGR_003(1.0),6723,12,2021,265,
STATSNZ:AGR_AGR_003(1.0),6738,18,2021,,s
STATSNZ:AGR_AGR_003(1.0),6703,8,2021,4304701,
STATSNZ:AGR_AGR_003(1.0),7688,7,2021,460,
STATSNZ:AGR_AGR_003(1.0),7696,2,2021,,s
STATSNZ:AGR_AGR_003(1.0),6951,8,2021,294,
STATSNZ:AGR_AGR_003(1.0),7077,15,2022,536071,
STATSNZ:AGR_AGR_003(1.0),7058,20,2022,166073,
STATSNZ:AGR_AGR_003(1.0),7066,13,2022,5260,
STATSNZ:AGR_AGR_003(1.0),7073,5,2022,11015,
STATSNZ:AGR_AGR_003(1.0),7188,5,2022,331,
STATSNZ:AGR_AGR_003(1.0),7190,10,2022,2442844,
STATSNZ:AGR_AGR_003(1.0),6702,17,2022,3166687,
STATSNZ:AGR_AGR_003(1.0),7686,1,2022,409,
STATSNZ:AGR_AGR_003(1.0),6955,16,2022,29650,
STATSNZ:AGR_AGR_003(1.0),7810,7,2022,538,
STATSNZ:AGR_AGR_003(1.0),7077,12,2023,,s
STATSNZ:AGR_AGR_003(1.0),7064,5,2023,26290,
STATSNZ:AGR_AGR_003(1.0),7067,7,2023,14381,
STATSNZ:AGR_AGR_003(1.0),7073,4,2023,5994,
STATSNZ:AGR_AGR_003(1.0),7074,20,2023,918033,
STATSNZ:AGR_AGR_003(1.0),7185,18,2023,0,
STATSNZ:AGR_AGR_003(1.0),7190,14,2023,113514,
STATSNZ:AGR_AGR_003(1.0),6731,9,2023,1309770,
STATSNZ:AGR_AGR_003(1.0),6721,3,2023,862831,
STATSNZ:AGR_AGR_003(1.0),6722,15,2023,,s
STATSNZ:AGR_AGR_003(1.0),6702,14,2023,,s
STATSNZ:AGR_AGR_003(1.0),6949,9,2023,601,
STATSNZ:AGR_AGR_003(1.0),7810,6,2023,,s
STATSNZ:AGR_AGR_003(1.0),7056,14,2024,7979,
STATSNZ:AGR_AGR_003(1.0),7064,15,2024,84810,
STATSNZ:AGR_AGR_003(1.0),7067,10,2024,267254,
STATSNZ:AGR_AGR_003(1.0),7068,12,2024,9,
STATSNZ:AGR_AGR_003(1.0),7073,1,2024,24250,
STATSNZ:AGR_AGR_003(1.0),7186,7,2024,,s
STATSNZ:AGR_AGR_003(1.0),6722,6,2024,,s
STATSNZ:AGR_AGR_003(1.0),6723,18,2024,3227,
STATSNZ:AGR_AGR_003(1.0),6727,12,2024,11,
STATSNZ:AGR_AGR_003(1.0),6738,2,2024,40038,
STATSNZ:AGR_AGR_003(1.0),6738,7,2024,,s
STATSNZ:AGR_AGR_003(1.0),7699,3,2024,29797,
STATSNZ:AGR_AGR_003(1.0),7688,17,2024,29126,
STATSNZ:AGR_AGR_003(1.0),6954,11,2024,,s
STATSNZ:AGR_AGR_003(1.0),6949,2,2024,966,
STATSNZ:AGR_AGR_003(1.0),6951,14,2024,0,
STATSNZ:AGR_AGR_003(1.0),7810,16,2024,,s
STATSNZ:AGR_AGR_003(1.0),7187,20,1994,2994022,
STATSNZ:AGR_AGR_003(1.0),7077,1,1994,574072,
STATSNZ:AGR_AGR_003(1.0),6703,13,1994,573679,
STATSNZ:AGR_AGR_003(1.0),7685,19,1994,115954,
STATSNZ:AGR_AGR_003(1.0),7687,17,1994,84749,
STATSNZ:AGR_AGR_003(1.0),6727,6,1994,41704,
STATSNZ:AGR_AGR_003(1.0),7190,6,1994,18540,
STATSNZ:AGR_AGR_003(1.0),6723,12,1994,678,
STATSNZ:AGR_AGR_003(1.0),7810,14,1994,633,
STATSNZ:AGR_AGR_003(1.0),7185,5,1994,46,
STATSNZ:AGR_AGR_003(1.0),6721,5,2002,1097040,
STATSNZ:AGR_AGR_003(1.0),7058,10,2002,101929,
STATSNZ:AGR_AGR_003(1.0),6701,5,2002,56663,
STATSNZ:AGR_AGR_003(1.0),7066,1,2002,44471,
STATSNZ:AGR_AGR_003(1.0),7072,15,2002,38045,
STATSNZ:AGR_AGR_003(1.0),7686,6,2002,32065,
STATSNZ:AGR_AGR_003(1.0),7074,4,2002,27853,
STATSNZ:AGR_AGR_003(1.0),7064,7,2002,15601,
STATSNZ:AGR_AGR_003(1.0),7188,4,2002,15372,
STATSNZ:AGR_AGR_003(1.0),6954,16,2002,14910,
STATSNZ:AGR_AGR_003(1.0),7184,11,2002,13087,
STATSNZ:AGR_AGR_003(1.0),7688,9,2002,5570,
STATSNZ:AGR_AGR_003(1.0),6951,19,2002,3211,
STATSNZ:AGR_AGR_003(1.0),7699,12,2002,2228,
STATSNZ:AGR_AGR_003(1.0),6720,7,2003,7517,
STATSNZ:AGR_AGR_003(1.0),6722,14,2003,926,
STATSNZ:AGR_AGR_003(1.0),6724,8,2003,909597,
STATSNZ:AGR_AGR_003(1.0),6955,16,2003,24478,
STATSNZ:AGR_AGR_003(1.0),7058,17,2003,3615,
STATSNZ:AGR_AGR_003(1.0),7064,6,2003,61692,
STATSNZ:AGR_AGR_003(1.0),7066,13,2003,5811,
STATSNZ:AGR_AGR_003(1.0),7074,10,2003,745443,
STATSNZ:AGR_AGR_003(1.0),7184,7,2003,111626,
STATSNZ:AGR_AGR_003(1.0),7190,10,2003,2405855,
STATSNZ:AGR_AGR_003(1.0),7077,12,2004,3605,
STATSNZ:AGR_AGR_003(1.0),7074,20,2004,1013893,
STATSNZ:AGR_AGR_003(1.0),7186,13,2004,173,
STATSNZ:AGR_AGR_003(1.0),6731,9,2004,1943427,
STATSNZ:AGR_AGR_003(1.0),6721,3,2004,1719779,
STATSNZ:AGR_AGR_003(1.0),6727,17,2004,101292,
STATSNZ:AGR_AGR_003(1.0),6951,4,2004,128,
STATSNZ:AGR_AGR_003(1.0),7059,8,2005,52056,
STATSNZ:AGR_AGR_003(1.0),7065,15,2005,32837,
STATSNZ:AGR_AGR_003(1.0),7073,2,2005,7414,
STATSNZ:AGR_AGR_003(1.0),7193,9,2005,95274,
STATSNZ:AGR_AGR_003(1.0),6731,9,2005,2038979,
STATSNZ:AGR_AGR_003(1.0),6721,16,2005,4219215,
STATSNZ:AGR_AGR_003(1.0),6703,7,2005,507348,
STATSNZ:AGR_AGR_003(1.0),6702,14,2005,69986,
STATSNZ:AGR_AGR_003(1.0),7696,17,2005,144238,
STATSNZ:AGR_AGR_003(1.0),7056,4,2006,22213,
STATSNZ:AGR_AGR_003(1.0),7058,11,2006,1060,
STATSNZ:AGR_AGR_003(1.0),7066,7,2006,20029,
STATSNZ:AGR_AGR_003(1.0),7068,14,2006,1100,
STATSNZ:AGR_AGR_003(1.0),7072,8,2006,54989,
STATSNZ:AGR_AGR_003(1.0),7184,1,2006,48772,
STATSNZ:AGR_AGR_003(1.0),7188,2,2006,7457,
STATSNZ:AGR_AGR_003(1.0),6724,2,2006,40001,
STATSNZ:AGR_AGR_003(1.0),6738,9,2006,200049,
STATSNZ:AGR_AGR_003(1.0),7699,6,2006,106761,
STATSNZ:AGR_AGR_003(1.0),7686,13,2006,3266,
STATSNZ:AGR_AGR_003(1.0),6955,19,2006,458012,
STATSNZ:AGR_AGR_003(1.0),7077,6,2007,438366,
STATSNZ:AGR_AGR_003(1.0),7057,13,2007,2462,
STATSNZ:AGR_AGR_003(1.0),7059,7,2007,9966,
STATSNZ:AGR_AGR_003(1.0),7074,14,2007,10160,
STATSNZ:AGR_AGR_003(1.0),7184,10,2007,463753,
STATSNZ:AGR_AGR_003(1.0),7186,7,2007,872,
STATSNZ:AGR_AGR_003(1.0),7188,14,2007,5801,
STATSNZ:AGR_AGR_003(1.0),6731,3,2007,2660145,
STATSNZ:AGR_AGR_003(1.0),6731,8,2007,6746989,
STATSNZ:AGR_AGR_003(1.0),6723,4,2007,38343,
STATSNZ:AGR_AGR_003(1.0),6727,11,2007,1389,
STATSNZ:AGR_AGR_003(1.0),6703,18,2007,40602,
STATSNZ:AGR_AGR_003(1.0),7685,15,2007,38344,
STATSNZ:AGR_AGR_003(1.0),7696,16,2007,78023,
STATSNZ:AGR_AGR_003(1.0),7071,5,2008,7700,
STATSNZ:AGR_AGR_003(1.0),7073,20,2008,265364,
STATSNZ:AGR_AGR_003(1.0),7193,2,2008,115883,
STATSNZ:AGR_AGR_003(1.0),7187,3,2008,1388183,
STATSNZ:AGR_AGR_003(1.0),6720,17,2008,46342,
STATSNZ:AGR_AGR_003(1.0),6727,19,2008,464284,
STATSNZ:AGR_AGR_003(1.0),6703,17,2008,5782058,
STATSNZ:AGR_AGR_003(1.0),6702,3,2008,2038474,
STATSNZ:AGR_AGR_003(1.0),7687,4,2008,24455,
STATSNZ:AGR_AGR_003(1.0),6953,7,2008,14045,
STATSNZ:AGR_AGR_003(1.0),7810,1,2008,3015,
STATSNZ:AGR_AGR_003(1.0),7064,15,2009,57922,
STATSNZ:AGR_AGR_003(1.0),7066,18,2009,1551,
STATSNZ:AGR_AGR_003(1.0),6731,2,2009,257248,
STATSNZ:AGR_AGR_003(1.0),6727,19,2009,385195,
STATSNZ:AGR_AGR_003(1.0),6703,17,2009,4962602,
STATSNZ:AGR_AGR_003(1.0),7699,3,2009,97508,
STATSNZ:AGR_AGR_003(1.0),7688,17,2009,46945,
STATSNZ:AGR_AGR_003(1.0),6954,3,2009,41245,
STATSNZ:AGR_AGR_003(1.0),7056,15,2010,136209,
STATSNZ:AGR_AGR_003(1.0),7056,19,2010,342117,
STATSNZ:AGR_AGR_003(1.0),7058,4,2010,3822,
STATSNZ:AGR_AGR_003(1.0),7064,11,2010,6968,
STATSNZ:AGR_AGR_003(1.0),7066,18,2010,1056,
STATSNZ:AGR_AGR_003(1.0),7074,5,2010,73592,
STATSNZ:AGR_AGR_003(1.0),6720,12,2010,128,
STATSNZ:AGR_AGR_003(1.0),6724,9,2010,266130,
STATSNZ:AGR_AGR_003(1.0),6738,3,2010,161071,
STATSNZ:AGR_AGR_003(1.0),6701,19,2010,342731,
STATSNZ:AGR_AGR_003(1.0),6955,10,2010,295565,
STATSNZ:AGR_AGR_003(1.0),7077,16,2011,268322,
STATSNZ:AGR_AGR_003(1.0),7071,20,2011,109860,
STATSNZ:AGR_AGR_003(1.0),7193,10,2011,3962614,
STATSNZ:AGR_AGR_003(1.0),7185,3,2011,18296,
STATSNZ:AGR_AGR_003(1.0),7190,4,2011,217101,
STATSNZ:AGR_AGR_003(1.0),6723,19,2011,997075,
STATSNZ:AGR_AGR_003(1.0),6724,12,2011,1611,
STATSNZ:AGR_AGR_003(1.0),6703,11,2011,207490,
STATSNZ:AGR_AGR_003(1.0),6702,18,2011,36633,
STATSNZ:AGR_AGR_003(1.0),7810,8,2011,4987,
STATSNZ:AGR_AGR_003(1.0),7058,20,2012,136532,
STATSNZ:AGR_AGR_003(1.0),7064,6,2012,50878,
STATSNZ:AGR_AGR_003(1.0),7066,13,2012,5770,
STATSNZ:AGR_AGR_003(1.0),7068,2,2012,1798,
STATSNZ:AGR_AGR_003(1.0),7068,7,2012,5570,
STATSNZ:AGR_AGR_003(1.0),7074,3,2012,80895,
STATSNZ:AGR_AGR_003(1.0),7186,17,2012,2425,
STATSNZ:AGR_AGR_003(1.0),6731,14,2012,58085,
STATSNZ:AGR_AGR_003(1.0),6724,3,2012,209270,
STATSNZ:AGR_AGR_003(1.0),6701,4,2012,17257,
STATSNZ:AGR_AGR_003(1.0),7686,1,2012,1346,
STATSNZ:AGR_AGR_003(1.0),7688,8,2012,16475,
STATSNZ:AGR_AGR_003(1.0),6955,11,2012,838,
STATSNZ:AGR_AGR_003(1.0),6955,16,2012,23745,
STATSNZ:AGR_AGR_003(1.0),7057,2,2013,3718,
STATSNZ:AGR_AGR_003(1.0),7068,2,2013,1197,
STATSNZ:AGR_AGR_003(1.0),7072,9,2013,8913,
STATSNZ:AGR_AGR_003(1.0),7074,3,2013,77334,
STATSNZ:AGR_AGR_003(1.0),7186,13,2013,471,
STATSNZ:AGR_AGR_003(1.0),7188,7,2013,29571,
STATSNZ:AGR_AGR_003(1.0),6723,19,2013,992307,
STATSNZ:AGR_AGR_003(1.0),6727,17,2013,4545,
STATSNZ:AGR_AGR_003(1.0),7685,4,2013,2027,
STATSNZ:AGR_AGR_003(1.0),7687,11,2013,7131,
STATSNZ:AGR_AGR_003(1.0),7696,5,2013,6620,
STATSNZ:AGR_AGR_003(1.0),6951,4,2013,,s
STATSNZ:AGR_AGR_003(1.0),6955,11,2013,,s
STATSNZ:AGR_AGR_003(1.0),7077,19,2014,1065439,
STATSNZ:AGR_AGR_003(1.0),7057,17,2014,11499,
STATSNZ:AGR_AGR_003(1.0),7059,11,2014,4756,
STATSNZ:AGR_AGR_003(1.0),7065,14,2014,1333,
STATSNZ:AGR_AGR_003(1.0),7071,15,2014,3428,
STATSNZ:AGR_AGR_003(1.0),7185,18,2014,0,
STATSNZ:AGR_AGR_003(1.0),6722,12,2014,,c
STATSNZ:AGR_AGR_003(1.0),6703,5,2014,1285895,
STATSNZ:AGR_AGR_003(1.0),6702,20,2014,23998261,
STATSNZ:AGR_AGR_003(1.0),7696,20,2014,375146,
STATSNZ:AGR_AGR_003(1.0),6953,17,2014,,c
STATSNZ:AGR_AGR_003(1.0),7058,14,2015,2640,
STATSNZ:AGR_AGR_003(1.0),7066,7,2015,18162,
STATSNZ:AGR_AGR_003(1.0),7072,3,2015,35911,
STATSNZ:AGR_AGR_003(1.0),7072,8,2015,35499,
STATSNZ:AGR_AGR_003(1.0),7184,4,2015,51770,
STATSNZ:AGR_AGR_003(1.0),7186,11,2015,208,
STATSNZ:AGR_AGR_003(1.0),7188,18,2015,0,
STATSNZ:AGR_AGR_003(1.0),6731,12,2015,8531,
STATSNZ:AGR_AGR_003(1.0),6721,15,2015,2696706,
STATSNZ:AGR_AGR_003(1.0),6727,16,2015,95393,
STATSNZ:AGR_AGR_003(1.0),7688,2,2015,1915,
STATSNZ:AGR_AGR_003(1.0),6951,16,2015,87,
STATSNZ:AGR_AGR_003(1.0),6955,19,2015,369819,
STATSNZ:AGR_AGR_003(1.0),7056,18,2016,3599,
STATSNZ:AGR_AGR_003(1.0),7058,12,2016,90,
STATSNZ:AGR_AGR_003(1.0),7066,5,2016,25695,
STATSNZ:AGR_AGR_003(1.0),7068,12,2016,10,
STATSNZ:AGR_AGR_003(1.0),7072,1,2016,38031,
STATSNZ:AGR_AGR_003(1.0),7072,6,2016,59049,
STATSNZ:AGR_AGR_003(1.0),7184,2,2016,23001,
STATSNZ:AGR_AGR_003(1.0),7186,9,2016,,c
STATSNZ:AGR_AGR_003(1.0),7188,16,2016,14113,
STATSNZ:AGR_AGR_003(1.0),6731,19,2016,13890132,
STATSNZ:AGR_AGR_003(1.0),6721,13,2016,254609,
STATSNZ:AGR_AGR_003(1.0),6727,14,2016,116,
STATSNZ:AGR_AGR_003(1.0),7688,10,2016,48051,
STATSNZ:AGR_AGR_003(1.0),6951,14,2016,0,
STATSNZ:AGR_AGR_003(1.0),6955,8,2016,50400,
STATSNZ:AGR_AGR_003(1.0),7064,12,2017,442,
STATSNZ:AGR_AGR_003(1.0),7066,6,2017,32810,
STATSNZ:AGR_AGR_003(1.0),7068,13,2017,1185,
STATSNZ:AGR_AGR_003(1.0),7072,3,2017,43919,
STATSNZ:AGR_AGR_003(1.0),7074,19,2017,291725,
STATSNZ:AGR_AGR_003(1.0),7184,17,2017,114655,
STATSNZ:AGR_AGR_003(1.0),6721,14,2017,28916,
STATSNZ:AGR_AGR_003(1.0),6703,1,2017,277385,
STATSNZ:AGR_AGR_003(1.0),6702,8,2017,4313449,
STATSNZ:AGR_AGR_003(1.0),7699,10,2017,244729,
STATSNZ:AGR_AGR_003(1.0),7688,1,2017,1190,
STATSNZ:AGR_AGR_003(1.0),6954,8,2017,16915,
STATSNZ:AGR_AGR_003(1.0),6951,15,2017,3172,
STATSNZ:AGR_AGR_003(1.0),6955,9,2017,11283,
STATSNZ:AGR_AGR_003(1.0),7077,3,2018,517191,
STATSNZ:AGR_AGR_003(1.0),7057,19,2018,64799,
STATSNZ:AGR_AGR_003(1.0),7059,17,2018,6905,
STATSNZ:AGR_AGR_003(1.0),7066,3,2018,69184,
STATSNZ:AGR_AGR_003(1.0),7067,18,2018,,s
STATSNZ:AGR_AGR_003(1.0),7068,19,2018,29023,
STATSNZ:AGR_AGR_003(1.0),7072,17,2018,,s
STATSNZ:AGR_AGR_003(1.0),7186,4,2018,,s
STATSNZ:AGR_AGR_003(1.0),6723,1,2018,20794,
STATSNZ:AGR_AGR_003(1.0),6727,8,2018,,s
STATSNZ:AGR_AGR_003(1.0),6702,5,2018,1223761,
STATSNZ:AGR_AGR_003(1.0),7685,12,2018,0,
STATSNZ:AGR_AGR_003(1.0),7687,6,2018,20903,
STATSNZ:AGR_AGR_003(1.0),7056,12,2019,576,
STATSNZ:AGR_AGR_003(1.0),7064,13,2019,9098,
STATSNZ:AGR_AGR_003(1.0),7068,6,2019,7006,
STATSNZ:AGR_AGR_003(1.0),7072,10,2019,199376,
STATSNZ:AGR_AGR_003(1.0),7074,7,2019,23387,
STATSNZ:AGR_AGR_003(1.0),7188,19,2019,108456,
STATSNZ:AGR_AGR_003(1.0),6721,11,2019,143758,
STATSNZ:AGR_AGR_003(1.0),6723,14,2019,,s
STATSNZ:AGR_AGR_003(1.0),6727,8,2019,,s
STATSNZ:AGR_AGR_003(1.0),6703,15,2019,3495681,
STATSNZ:AGR_AGR_003(1.0),7688,15,2019,42569,
STATSNZ:AGR_AGR_003(1.0),7058,3,2020,17582,
STATSNZ:AGR_AGR_003(1.0),7064,19,2020,185032,
STATSNZ:AGR_AGR_003(1.0),7066,17,2020,20100,
STATSNZ:AGR_AGR_003(1.0),7072,14,2020,,s
STATSNZ:AGR_AGR_003(1.0),7184,15,2020,186436,
STATSNZ:AGR_AGR_003(1.0),7190,4,2020,237643,
STATSNZ:AGR_AGR_003(1.0),6722,1,2020,4029,
STATSNZ:AGR_AGR_003(1.0),6738,15,2020,740856,
STATSNZ:AGR_AGR_003(1.0),7699,11,2020,,s
STATSNZ:AGR_AGR_003(1.0),7699,16,2020,124844,
STATSNZ:AGR_AGR_003(1.0),7686,5,2020,,s
STATSNZ:AGR_AGR_003(1.0),7688,12,2020,0,
STATSNZ:AGR_AGR_003(1.0),6955,20,2020,605064,
STATSNZ:AGR_AGR_003(1.0),7077,14,2021,26459,
STATSNZ:AGR_AGR_003(1.0),7057,8,2021,25248,
STATSNZ:AGR_AGR_003(1.0),7065,1,2021,31932,
STATSNZ:AGR_AGR_003(1.0),7067,8,2021,72756,
STATSNZ:AGR_AGR_003(1.0),7071,2,2021,2937,
STATSNZ:AGR_AGR_003(1.0),7185,5,2021,260,
STATSNZ:AGR_AGR_003(1.0),7187,12,2021,,s
STATSNZ:AGR_AGR_003(1.0),7190,6,2021,42636,
STATSNZ:AGR_AGR_003(1.0),6720,9,2021,11173,
STATSNZ:AGR_AGR_003(1.0),6722,16,2021,79743,
STATSNZ:AGR_AGR_003(1.0),6724,19,2021,2090206,
STATSNZ:AGR_AGR_003(1.0),7687,17,2021,89364,
STATSNZ:AGR_AGR_003(1.0),6949,19,2021,15679,
STATSNZ:AGR_AGR_003(1.0),6953,4,2021,,s
STATSNZ:AGR_AGR_003(1.0),7810,11,2021,,s
STATSNZ:AGR_AGR_003(1.0),7077,14,2022,26388,
STATSNZ:AGR_AGR_003(1.0),7058,13,2022,1753,
STATSNZ:AGR_AGR_003(1.0),7064,7,2022,15693,
STATSNZ:AGR_AGR_003(1.0),7066,14,2022,3106,
STATSNZ:AGR_AGR_003(1.0),7074,1,2022,76017,
STATSNZ:AGR_AGR_003(1.0),7188,4,2022,13777,
STATSNZ:AGR_AGR_003(1.0),6731,11,2022,189622,
STATSNZ:AGR_AGR_003(1.0),6721,5,2022,817913,
STATSNZ:AGR_AGR_003(1.0),6703,9,2022,1100875,
STATSNZ:AGR_AGR_003(1.0),6702,16,2022,3859548,
STATSNZ:AGR_AGR_003(1.0),6954,16,2022,12173,
STATSNZ:AGR_AGR_003(1.0),7056,8,2023,129136,
STATSNZ:AGR_AGR_003(1.0),7064,4,2023,15174,
STATSNZ:AGR_AGR_003(1.0),7066,11,2023,4339,
STATSNZ:AGR_AGR_003(1.0),7068,18,2023,,s
STATSNZ:AGR_AGR_003(1.0),7074,15,2023,143715,
STATSNZ:AGR_AGR_003(1.0),7186,16,2023,,s
STATSNZ:AGR_AGR_003(1.0),6724,2,2023,37678,
STATSNZ:AGR_AGR_003(1.0),6701,16,2023,136053,
STATSNZ:AGR_AGR_003(1.0),7699,19,2023,550024,
STATSNZ:AGR_AGR_003(1.0),7686,17,2023,32931,
STATSNZ:AGR_AGR_003(1.0),7686,20,2023,172529,
STATSNZ:AGR_AGR_003(1.0),7688,6,2023,,s
STATSNZ:AGR_AGR_003(1.0),6954,10,2023,89702,
STATSNZ:AGR_AGR_003(1.0),7056,2,2024,14538,
STATSNZ:AGR_AGR_003(1.0),7064,16,2024,49775,
STATSNZ:AGR_AGR_003(1.0),7184,20,2024,816570,
STATSNZ:AGR_AGR_003(1.0),7186,6,2024,,s
STATSNZ:AGR_AGR_003(1.0),7188,10,2024,200190,
STATSNZ:AGR_AGR_003(1.0),6731,3,2024,1231167,
STATSNZ:AGR_AGR_003(1.0),6723,4,2024,30978,
STATSNZ:AGR_AGR_003(1.0),6703,18,2024,46867,
STATSNZ:AGR_AGR_003(1.0),7686,11,2024,2237,
STATSNZ:AGR_AGR_003(1.0),6954,4,2024,,s
STATSNZ:AGR_AGR_003(1.0),6955,5,2024,,s
STATSNZ:AGR_AGR_003(1.0),7193,20,1994,3839184,
STATSNZ:AGR_AGR_003(1.0),6738,17,1994,175823,
STATSNZ:AGR_AGR_003(1.0),6722,3,1994,58932,
STATSNZ:AGR_AGR_003(1.0),6720,9,1994,21831,
STATSNZ:AGR_AGR_003(1.0),7187,13,1994,17194,
STATSNZ:AGR_AGR_003(1.0),7699,18,1994,173,
STATSNZ:AGR_AGR_003(1.0),6721,6,2002,2344355,
STATSNZ:AGR_AGR_003(1.0),7687,17,2002,200693,
STATSNZ:AGR_AGR_003(1.0),7064,6,2002,59018,
STATSNZ:AGR_AGR_003(1.0),7077,14,2002,38908,
STATSNZ:AGR_AGR_003(1.0),6727,2,2002,10307,
STATSNZ:AGR_AGR_003(1.0),7810,8,2002,7958,
STATSNZ:AGR_AGR_003(1.0),6727,7,2002,3755,
STATSNZ:AGR_AGR_003(1.0),7067,12,2002,186,
STATSNZ:AGR_AGR_003(1.0),6701,4,2003,13712,
STATSNZ:AGR_AGR_003(1.0),6724,3,2003,279556,
STATSNZ:AGR_AGR_003(1.0),6954,20,2003,377249,
STATSNZ:AGR_AGR_003(1.0),7065,2,2003,15897,
STATSNZ:AGR_AGR_003(1.0),7184,8,2003,86923,
STATSNZ:AGR_AGR_003(1.0),7696,4,2003,27314,
STATSNZ:AGR_AGR_003(1.0),7056,8,2004,165157,
STATSNZ:AGR_AGR_003(1.0),7065,20,2004,268586,
STATSNZ:AGR_AGR_003(1.0),7193,19,2004,1365281,
STATSNZ:AGR_AGR_003(1.0),7185,4,2004,2776,
STATSNZ:AGR_AGR_003(1.0),7186,20,2004,15631,
STATSNZ:AGR_AGR_003(1.0),6723,11,2004,24593,
STATSNZ:AGR_AGR_003(1.0),6701,16,2004,114071,
STATSNZ:AGR_AGR_003(1.0),7699,19,2004,1147160,
STATSNZ:AGR_AGR_003(1.0),7685,5,2004,3185,
STATSNZ:AGR_AGR_003(1.0),7696,1,2004,7200,
STATSNZ:AGR_AGR_003(1.0),6953,15,2004,165091,
STATSNZ:AGR_AGR_003(1.0),7077,11,2005,45222,
STATSNZ:AGR_AGR_003(1.0),7056,3,2005,113145,
STATSNZ:AGR_AGR_003(1.0),7066,11,2005,6255,
STATSNZ:AGR_AGR_003(1.0),7067,2,2005,21319,
STATSNZ:AGR_AGR_003(1.0),6727,20,2005,607059,
STATSNZ:AGR_AGR_003(1.0),6702,13,2005,419392,
STATSNZ:AGR_AGR_003(1.0),7057,15,2006,27262,
STATSNZ:AGR_AGR_003(1.0),7058,19,2006,26184,
STATSNZ:AGR_AGR_003(1.0),7059,2,2006,21982,
STATSNZ:AGR_AGR_003(1.0),7064,4,2006,16203,
STATSNZ:AGR_AGR_003(1.0),7071,19,2006,18664,
STATSNZ:AGR_AGR_003(1.0),7074,16,2006,84185,
STATSNZ:AGR_AGR_003(1.0),7193,11,2006,65994,
STATSNZ:AGR_AGR_003(1.0),7188,16,2006,8816,
STATSNZ:AGR_AGR_003(1.0),6731,19,2006,20541141,
STATSNZ:AGR_AGR_003(1.0),6720,10,2006,194314,
STATSNZ:AGR_AGR_003(1.0),6723,6,2006,270569,
STATSNZ:AGR_AGR_003(1.0),7685,17,2006,19052,
STATSNZ:AGR_AGR_003(1.0),7056,2,2007,23072,
STATSNZ:AGR_AGR_003(1.0),7064,16,2007,43101,
STATSNZ:AGR_AGR_003(1.0),7068,12,2007,22,
STATSNZ:AGR_AGR_003(1.0),7071,7,2007,1557,
STATSNZ:AGR_AGR_003(1.0),7073,1,2007,45982,
STATSNZ:AGR_AGR_003(1.0),7193,4,2007,299013,
STATSNZ:AGR_AGR_003(1.0),6723,5,2007,125989,
STATSNZ:AGR_AGR_003(1.0),6738,7,2007,70156,
STATSNZ:AGR_AGR_003(1.0),7699,4,2007,54296,
STATSNZ:AGR_AGR_003(1.0),7685,20,2007,107370,
STATSNZ:AGR_AGR_003(1.0),7810,3,2007,16970,
STATSNZ:AGR_AGR_003(1.0),7077,4,2008,102682,
STATSNZ:AGR_AGR_003(1.0),7056,20,2008,957999,
STATSNZ:AGR_AGR_003(1.0),7067,20,2008,469133,
STATSNZ:AGR_AGR_003(1.0),7073,13,2008,374,
STATSNZ:AGR_AGR_003(1.0),7190,11,2008,40540,
STATSNZ:AGR_AGR_003(1.0),6731,1,2008,504286,
STATSNZ:AGR_AGR_003(1.0),6727,9,2008,8325,
STATSNZ:AGR_AGR_003(1.0),6738,10,2008,1805531,
STATSNZ:AGR_AGR_003(1.0),6702,19,2008,16116497,
STATSNZ:AGR_AGR_003(1.0),7699,1,2008,6564,
STATSNZ:AGR_AGR_003(1.0),7688,15,2008,72284,
STATSNZ:AGR_AGR_003(1.0),6949,1,2008,879,
STATSNZ:AGR_AGR_003(1.0),7077,18,2009,13374,
STATSNZ:AGR_AGR_003(1.0),6721,19,2009,11484787,
STATSNZ:AGR_AGR_003(1.0),7685,14,2009,1209,
STATSNZ:AGR_AGR_003(1.0),6953,8,2009,26005,
STATSNZ:AGR_AGR_003(1.0),6955,10,2009,289560,
STATSNZ:AGR_AGR_003(1.0),7067,14,2010,3418,
STATSNZ:AGR_AGR_003(1.0),7074,6,2010,86394,
STATSNZ:AGR_AGR_003(1.0),7185,12,2010,4,
STATSNZ:AGR_AGR_003(1.0),6731,16,2010,5323860,
STATSNZ:AGR_AGR_003(1.0),6722,1,2010,3361,
STATSNZ:AGR_AGR_003(1.0),6738,15,2010,743728,
STATSNZ:AGR_AGR_003(1.0),7699,16,2010,168696,
STATSNZ:AGR_AGR_003(1.0),7685,8,2010,6750,
STATSNZ:AGR_AGR_003(1.0),6949,16,2010,1016,
STATSNZ:AGR_AGR_003(1.0),7077,2,2011,120337,
STATSNZ:AGR_AGR_003(1.0),7059,12,2011,72,
STATSNZ:AGR_AGR_003(1.0),7064,7,2011,12776,
STATSNZ:AGR_AGR_003(1.0),7066,1,2011,41493,
STATSNZ:AGR_AGR_003(1.0),7185,8,2011,5018,
STATSNZ:AGR_AGR_003(1.0),7190,5,2011,5120,
STATSNZ:AGR_AGR_003(1.0),6721,7,2011,385947,
STATSNZ:AGR_AGR_003(1.0),6738,15,2011,744335,
STATSNZ:AGR_AGR_003(1.0),6702,17,2011,3907719,
STATSNZ:AGR_AGR_003(1.0),7687,14,2011,16402,
STATSNZ:AGR_AGR_003(1.0),6954,3,2011,43941,
STATSNZ:AGR_AGR_003(1.0),6949,15,2011,17755,
STATSNZ:AGR_AGR_003(1.0),7057,3,2012,18937,
STATSNZ:AGR_AGR_003(1.0),7065,4,2012,6309,
STATSNZ:AGR_AGR_003(1.0),7071,18,2012,,c
STATSNZ:AGR_AGR_003(1.0),7193,12,2012,,c
STATSNZ:AGR_AGR_003(1.0),7186,18,2012,,c
STATSNZ:AGR_AGR_003(1.0),7188,4,2012,19849,
STATSNZ:AGR_AGR_003(1.0),6720,19,2012,144388,
STATSNZ:AGR_AGR_003(1.0),6703,8,2012,4566563,
STATSNZ:AGR_AGR_003(1.0),7699,14,2012,34176,
STATSNZ:AGR_AGR_003(1.0),7685,9,2012,1459,
STATSNZ:AGR_AGR_003(1.0),6951,8,2012,334,
STATSNZ:AGR_AGR_003(1.0),6953,10,2012,111656,
STATSNZ:AGR_AGR_003(1.0),7057,16,2013,13389,
STATSNZ:AGR_AGR_003(1.0),7059,19,2013,82615,
STATSNZ:AGR_AGR_003(1.0),7067,6,2013,33895,
STATSNZ:AGR_AGR_003(1.0),7068,1,2013,6807,
STATSNZ:AGR_AGR_003(1.0),7190,18,2013,0,
STATSNZ:AGR_AGR_003(1.0),6722,12,2013,,c
STATSNZ:AGR_AGR_003(1.0),6727,1,2013,1225,
STATSNZ:AGR_AGR_003(1.0),7687,12,2013,0,
STATSNZ:AGR_AGR_003(1.0),6949,8,2013,2566,
STATSNZ:AGR_AGR_003(1.0),6949,13,2013,,c
STATSNZ:AGR_AGR_003(1.0),6951,3,2013,623,
STATSNZ:AGR_AGR_003(1.0),7810,9,2013,1966,
STATSNZ:AGR_AGR_003(1.0),7059,6,2014,37466,
STATSNZ:AGR_AGR_003(1.0),7064,1,2014,43817,
STATSNZ:AGR_AGR_003(1.0),7067,7,2014,11759,
STATSNZ:AGR_AGR_003(1.0),7074,13,2014,15641,
STATSNZ:AGR_AGR_003(1.0),7184,7,2014,60572,
STATSNZ:AGR_AGR_003(1.0),7185,2,2014,703,
STATSNZ:AGR_AGR_003(1.0),7190,12,2014,,s
STATSNZ:AGR_AGR_003(1.0),6721,1,2014,202461,
STATSNZ:AGR_AGR_003(1.0),6722,13,2014,7628,
STATSNZ:AGR_AGR_003(1.0),6702,11,2014,168800,
STATSNZ:AGR_AGR_003(1.0),7686,17,2014,48736,
STATSNZ:AGR_AGR_003(1.0),6949,9,2014,1029,
STATSNZ:AGR_AGR_003(1.0),7056,6,2015,89839,
STATSNZ:AGR_AGR_003(1.0),7057,1,2015,10157,
STATSNZ:AGR_AGR_003(1.0),7068,10,2015,51116,
STATSNZ:AGR_AGR_003(1.0),7071,12,2015,,c
STATSNZ:AGR_AGR_003(1.0),7193,6,2015,81738,
STATSNZ:AGR_AGR_003(1.0),7186,12,2015,,c
STATSNZ:AGR_AGR_003(1.0),7187,7,2015,449228,
STATSNZ:AGR_AGR_003(1.0),6720,4,2015,3440,
STATSNZ:AGR_AGR_003(1.0),6723,6,2015,160722,
STATSNZ:AGR_AGR_003(1.0),6724,18,2015,15724,
STATSNZ:AGR_AGR_003(1.0),6701,14,2015,1857,
STATSNZ:AGR_AGR_003(1.0),7699,8,2015,62298,
STATSNZ:AGR_AGR_003(1.0),7685,3,2015,8123,
STATSNZ:AGR_AGR_003(1.0),7696,13,2015,2513,
STATSNZ:AGR_AGR_003(1.0),6954,8,2015,21186,
STATSNZ:AGR_AGR_003(1.0),6951,2,2015,,c
STATSNZ:AGR_AGR_003(1.0),6953,14,2015,,c
STATSNZ:AGR_AGR_003(1.0),7056,4,2016,15401,
STATSNZ:AGR_AGR_003(1.0),7057,20,2016,136195,
STATSNZ:AGR_AGR_003(1.0),7064,18,2016,872,
STATSNZ:AGR_AGR_003(1.0),7071,19,2016,13823,
STATSNZ:AGR_AGR_003(1.0),7193,4,2016,339170,
STATSNZ:AGR_AGR_003(1.0),7186,19,2016,19917,
STATSNZ:AGR_AGR_003(1.0),7187,5,2016,7002,
STATSNZ:AGR_AGR_003(1.0),6720,2,2016,2999,
STATSNZ:AGR_AGR_003(1.0),6723,4,2016,31548,
STATSNZ:AGR_AGR_003(1.0),6724,16,2016,752069,
STATSNZ:AGR_AGR_003(1.0),6701,12,2016,58,
STATSNZ:AGR_AGR_003(1.0),7699,6,2016,63862,
STATSNZ:AGR_AGR_003(1.0),7685,1,2016,819,
STATSNZ:AGR_AGR_003(1.0),7696,11,2016,,c
STATSNZ:AGR_AGR_003(1.0),6954,6,2016,,c
STATSNZ:AGR_AGR_003(1.0),6951,10,2016,1828,
STATSNZ:AGR_AGR_003(1.0),6953,12,2016,,c
STATSNZ:AGR_AGR_003(1.0),7057,14,2017,1537,
STATSNZ:AGR_AGR_003(1.0),7065,19,2017,37580,
STATSNZ:AGR_AGR_003(1.0),7072,2,2017,4514,
STATSNZ:AGR_AGR_003(1.0),7184,16,2017,62910,
STATSNZ:AGR_AGR_003(1.0),7186,19,2017,19057,
STATSNZ:AGR_AGR_003(1.0),7187,2,2017,101410,
STATSNZ:AGR_AGR_003(1.0),6720,3,2017,18254,
STATSNZ:AGR_AGR_003(1.0),6724,17,2017,588364,
STATSNZ:AGR_AGR_003(1.0),6727,8,2017,5913,
STATSNZ:AGR_AGR_003(1.0),6703,2,2017,204082,
STATSNZ:AGR_AGR_003(1.0),7685,16,2017,12269,
STATSNZ:AGR_AGR_003(1.0),7696,12,2017,0,
STATSNZ:AGR_AGR_003(1.0),6954,7,2017,16073,
STATSNZ:AGR_AGR_003(1.0),6955,4,2017,3317,
STATSNZ:AGR_AGR_003(1.0),7077,17,2018,172338,
STATSNZ:AGR_AGR_003(1.0),7056,12,2018,312,
STATSNZ:AGR_AGR_003(1.0),7058,6,2018,18672,
STATSNZ:AGR_AGR_003(1.0),7059,18,2018,,s
STATSNZ:AGR_AGR_003(1.0),7066,2,2018,14413,
STATSNZ:AGR_AGR_003(1.0),7072,16,2018,12319,
STATSNZ:AGR_AGR_003(1.0),7184,17,2018,,s
STATSNZ:AGR_AGR_003(1.0),7188,14,2018,6952,
STATSNZ:AGR_AGR_003(1.0),6720,16,2018,53230,
STATSNZ:AGR_AGR_003(1.0),6721,8,2018,3250766,
STATSNZ:AGR_AGR_003(1.0),6738,10,2018,1519624,
STATSNZ:AGR_AGR_003(1.0),7686,8,2018,8809,
STATSNZ:AGR_AGR_003(1.0),6954,4,2018,1839,
STATSNZ:AGR_AGR_003(1.0),6949,20,2018,27450,
STATSNZ:AGR_AGR_003(1.0),6955,5,2018,540,
STATSNZ:AGR_AGR_003(1.0),7064,12,2019,,s
STATSNZ:AGR_AGR_003(1.0),7065,3,2019,38735,
STATSNZ:AGR_AGR_003(1.0),7068,13,2019,,s
STATSNZ:AGR_AGR_003(1.0),7071,4,2019,,s
STATSNZ:AGR_AGR_003(1.0),7193,18,2019,0,
STATSNZ:AGR_AGR_003(1.0),7184,19,2019,410334,
STATSNZ:AGR_AGR_003(1.0),7185,12,2019,,s
STATSNZ:AGR_AGR_003(1.0),7186,4,2019,1297,
STATSNZ:AGR_AGR_003(1.0),7187,20,2019,4876113,
STATSNZ:AGR_AGR_003(1.0),6731,18,2019,,s
STATSNZ:AGR_AGR_003(1.0),7699,18,2019,0,
STATSNZ:AGR_AGR_003(1.0),7688,14,2019,5619,
STATSNZ:AGR_AGR_003(1.0),7696,9,2019,,s
STATSNZ:AGR_AGR_003(1.0),6953,6,2019,3665,
STATSNZ:AGR_AGR_003(1.0),7810,10,2019,26622,
STATSNZ:AGR_AGR_003(1.0),7058,17,2020,,s
STATSNZ:AGR_AGR_003(1.0),7065,6,2020,20844,
STATSNZ:AGR_AGR_003(1.0),7067,9,2020,17663,
STATSNZ:AGR_AGR_003(1.0),7071,3,2020,,s
STATSNZ:AGR_AGR_003(1.0),7193,17,2020,683210,
STATSNZ:AGR_AGR_003(1.0),7187,13,2020,14735,
STATSNZ:AGR_AGR_003(1.0),7188,8,2020,,s
STATSNZ:AGR_AGR_003(1.0),6720,14,2020,,s
STATSNZ:AGR_AGR_003(1.0),6724,7,2020,47353,
STATSNZ:AGR_AGR_003(1.0),6703,13,2020,417286,
STATSNZ:AGR_AGR_003(1.0),6701,8,2020,278946,
STATSNZ:AGR_AGR_003(1.0),6702,10,2020,10453535,
STATSNZ:AGR_AGR_003(1.0),7687,14,2020,11903,
STATSNZ:AGR_AGR_003(1.0),7696,8,2020,18794,
STATSNZ:AGR_AGR_003(1.0),6955,13,2020,,s
STATSNZ:AGR_AGR_003(1.0),7066,20,2021,442313,
STATSNZ:AGR_AGR_003(1.0),7071,18,2021,58,
STATSNZ:AGR_AGR_003(1.0),7072,13,2021,,s
STATSNZ:AGR_AGR_003(1.0),7073,5,2021,11333,
STATSNZ:AGR_AGR_003(1.0),7193,20,2021,6185435,
STATSNZ:AGR_AGR_003(1.0),7188,4,2021,,s
STATSNZ:AGR_AGR_003(1.0),7190,20,2021,4501249,
STATSNZ:AGR_AGR_003(1.0),6721,5,2021,857459,
STATSNZ:AGR_AGR_003(1.0),6703,13,2021,343857,
STATSNZ:AGR_AGR_003(1.0),6701,3,2021,,s
STATSNZ:AGR_AGR_003(1.0),7685,9,2021,,s
STATSNZ:AGR_AGR_003(1.0),7686,4,2021,,s
STATSNZ:AGR_AGR_003(1.0),6954,1,2021,3295,
STATSNZ:AGR_AGR_003(1.0),6953,3,2021,18004,
STATSNZ:AGR_AGR_003(1.0),6955,15,2021,383058,
STATSNZ:AGR_AGR_003(1.0),7065,18,2022,217,
STATSNZ:AGR_AGR_003(1.0),7074,17,2022,57107,
STATSNZ:AGR_AGR_003(1.0),7193,12,2022,,s
STATSNZ:AGR_AGR_003(1.0),7185,6,2022,1401,
STATSNZ:AGR_AGR_003(1.0),7186,18,2022,0,
STATSNZ:AGR_AGR_003(1.0),6731,20,2022,25132697,
STATSNZ:AGR_AGR_003(1.0),6723,13,2022,23597,
STATSNZ:AGR_AGR_003(1.0),6724,4,2022,17260,
STATSNZ:AGR_AGR_003(1.0),6701,18,2022,1533,
STATSNZ:AGR_AGR_003(1.0),7699,12,2022,0,
STATSNZ:AGR_AGR_003(1.0),7685,2,2022,3926,
STATSNZ:AGR_AGR_003(1.0),7688,8,2022,10973,
STATSNZ:AGR_AGR_003(1.0),7696,3,2022,19246,
STATSNZ:AGR_AGR_003(1.0),6953,10,2022,87596,
STATSNZ:AGR_AGR_003(1.0),7058,11,2023,2156,
STATSNZ:AGR_AGR_003(1.0),7059,6,2023,39970,
STATSNZ:AGR_AGR_003(1.0),7065,10,2023,210860,
STATSNZ:AGR_AGR_003(1.0),7066,12,2023,,s
STATSNZ:AGR_AGR_003(1.0),7193,11,2023,51145,
STATSNZ:AGR_AGR_003(1.0),6720,8,2023,39245,
STATSNZ:AGR_AGR_003(1.0),6727,13,2023,21941,
STATSNZ:AGR_AGR_003(1.0),6703,7,2023,357886,
STATSNZ:AGR_AGR_003(1.0),6701,2,2023,10623,
STATSNZ:AGR_AGR_003(1.0),7696,2,2023,1572,
STATSNZ:AGR_AGR_003(1.0),6954,14,2023,3,
STATSNZ:AGR_AGR_003(1.0),6953,16,2023,8946,
STATSNZ:AGR_AGR_003(1.0),7057,13,2024,3247,
STATSNZ:AGR_AGR_003(1.0),7058,8,2024,,s
STATSNZ:AGR_AGR_003(1.0),7066,5,2024,20030,
STATSNZ:AGR_AGR_003(1.0),7071,7,2024,1209,
STATSNZ:AGR_AGR_003(1.0),7072,20,2024,240309,
STATSNZ:AGR_AGR_003(1.0),7184,10,2024,442819,
STATSNZ:AGR_AGR_003(1.0),7188,14,2024,,s
STATSNZ:AGR_AGR_003(1.0),6731,8,2024,4363196,
STATSNZ:AGR_AGR_003(1.0),6720,20,2024,236935,
STATSNZ:AGR_AGR_003(1.0),6724,13,2024,75208,
STATSNZ:AGR_AGR_003(1.0),7685,15,2024,57789,
STATSNZ:AGR_AGR_003(1.0),7686,19,2024,111895,
STATSNZ:AGR_AGR_003(1.0),7687,1,2024,728,
STATSNZ:AGR_AGR_003(1.0),6953,9,2024,6457,
STATSNZ:AGR_AGR_003(1.0),7184,19,1994,110204,
STATSNZ:AGR_AGR_003(1.0),6731,18,1994,103557,
STATSNZ:AGR_AGR_003(1.0),6724,11,1994,66643,
STATSNZ:AGR_AGR_003(1.0),7074,7,1994,39016,
STATSNZ:AGR_AGR_003(1.0),7699,11,1994,35810,
STATSNZ:AGR_AGR_003(1.0),6738,18,1994,12806,
STATSNZ:AGR_AGR_003(1.0),6954,1,1994,6245,
STATSNZ:AGR_AGR_003(1.0),7686,5,1994,4149,
STATSNZ:AGR_AGR_003(1.0),7188,11,1994,1373,
STATSNZ:AGR_AGR_003(1.0),7186,4,1994,263,
STATSNZ:AGR_AGR_003(1.0),7688,12,1994,68,
STATSNZ:AGR_AGR_003(1.0),6703,19,2002,17924827,
STATSNZ:AGR_AGR_003(1.0),6702,17,2002,5996859,
STATSNZ:AGR_AGR_003(1.0),7193,20,2002,5161589,
STATSNZ:AGR_AGR_003(1.0),7190,3,2002,1115832,
STATSNZ:AGR_AGR_003(1.0),6720,19,2002,219268,
STATSNZ:AGR_AGR_003(1.0),7077,2,2002,172348,
STATSNZ:AGR_AGR_003(1.0),6953,10,2002,139895,
STATSNZ:AGR_AGR_003(1.0),7696,4,2002,29179,
STATSNZ:AGR_AGR_003(1.0),7073,5,2002,22968,
STATSNZ:AGR_AGR_003(1.0),7065,2,2002,15311,
STATSNZ:AGR_AGR_003(1.0),6738,18,2002,11385,
STATSNZ:AGR_AGR_003(1.0),7685,11,2002,3285,
STATSNZ:AGR_AGR_003(1.0),6953,5,2002,991,
STATSNZ:AGR_AGR_003(1.0),6702,10,2003,14456387,
STATSNZ:AGR_AGR_003(1.0),6703,6,2003,3020147,
STATSNZ:AGR_AGR_003(1.0),6949,19,2003,25202,
STATSNZ:AGR_AGR_003(1.0),6953,17,2003,2823,
STATSNZ:AGR_AGR_003(1.0),7065,1,2003,34178,
STATSNZ:AGR_AGR_003(1.0),7067,8,2003,60136,
STATSNZ:AGR_AGR_003(1.0),7073,5,2003,19518,
STATSNZ:AGR_AGR_003(1.0),7185,6,2003,707,
STATSNZ:AGR_AGR_003(1.0),7685,7,2003,1492,
STATSNZ:AGR_AGR_003(1.0),7696,3,2003,51085,
STATSNZ:AGR_AGR_003(1.0),7810,11,2003,826,
STATSNZ:AGR_AGR_003(1.0),7056,7,2004,28848,
STATSNZ:AGR_AGR_003(1.0),7058,14,2004,721,
STATSNZ:AGR_AGR_003(1.0),7065,10,2004,211092,
STATSNZ:AGR_AGR_003(1.0),7067,7,2004,13601,
STATSNZ:AGR_AGR_003(1.0),7071,14,2004,418,
STATSNZ:AGR_AGR_003(1.0),6701,2,2004,10986,
STATSNZ:AGR_AGR_003(1.0),7699,9,2004,25802,
STATSNZ:AGR_AGR_003(1.0),7686,16,2004,39552,
STATSNZ:AGR_AGR_003(1.0),7696,2,2004,7772,
STATSNZ:AGR_AGR_003(1.0),6949,9,2004,1660,
STATSNZ:AGR_AGR_003(1.0),6953,3,2004,57761,
STATSNZ:AGR_AGR_003(1.0),7058,9,2005,4144,
STATSNZ:AGR_AGR_003(1.0),7064,3,2005,72374,
STATSNZ:AGR_AGR_003(1.0),7066,19,2005,115834,
STATSNZ:AGR_AGR_003(1.0),7074,14,2005,10949,
STATSNZ:AGR_AGR_003(1.0),7190,14,2005,100636,
STATSNZ:AGR_AGR_003(1.0),6738,8,2005,483858,
STATSNZ:AGR_AGR_003(1.0),7688,5,2005,6832,
STATSNZ:AGR_AGR_003(1.0),7057,20,2006,187910,
STATSNZ:AGR_AGR_003(1.0),7067,2,2006,16792,
STATSNZ:AGR_AGR_003(1.0),7073,3,2006,65092,
STATSNZ:AGR_AGR_003(1.0),7193,6,2006,79419,
STATSNZ:AGR_AGR_003(1.0),7185,10,2006,33986,
STATSNZ:AGR_AGR_003(1.0),7187,7,2006,488246,
STATSNZ:AGR_AGR_003(1.0),6721,13,2006,420548,
STATSNZ:AGR_AGR_003(1.0),6723,7,2006,47317,
STATSNZ:AGR_AGR_003(1.0),6702,7,2006,525272,
STATSNZ:AGR_AGR_003(1.0),7685,1,2006,655,
STATSNZ:AGR_AGR_003(1.0),7687,8,2006,58885,
STATSNZ:AGR_AGR_003(1.0),7056,1,2007,92038,
STATSNZ:AGR_AGR_003(1.0),7058,8,2007,22631,
STATSNZ:AGR_AGR_003(1.0),7059,10,2007,265985,
STATSNZ:AGR_AGR_003(1.0),7064,2,2007,23586,
STATSNZ:AGR_AGR_003(1.0),7067,1,2007,45773,
STATSNZ:AGR_AGR_003(1.0),7071,8,2007,19914,
STATSNZ:AGR_AGR_003(1.0),7073,15,2007,44166,
STATSNZ:AGR_AGR_003(1.0),7193,9,2007,92787,
STATSNZ:AGR_AGR_003(1.0),7190,13,2007,15532,
STATSNZ:AGR_AGR_003(1.0),6724,16,2007,834293,
STATSNZ:AGR_AGR_003(1.0),6724,20,2007,5551909,
STATSNZ:AGR_AGR_003(1.0),7699,3,2007,116554,
STATSNZ:AGR_AGR_003(1.0),7686,19,2007,208813,
STATSNZ:AGR_AGR_003(1.0),7688,17,2007,67680,
STATSNZ:AGR_AGR_003(1.0),6954,11,2007,322,
STATSNZ:AGR_AGR_003(1.0),6949,3,2007,5066,
STATSNZ:AGR_AGR_003(1.0),6953,19,2007,201531,
STATSNZ:AGR_AGR_003(1.0),7810,17,2007,3366,
STATSNZ:AGR_AGR_003(1.0),7056,10,2008,623366,
STATSNZ:AGR_AGR_003(1.0),7064,14,2008,5026,
STATSNZ:AGR_AGR_003(1.0),7066,3,2008,80127,
STATSNZ:AGR_AGR_003(1.0),7068,19,2008,21146,
STATSNZ:AGR_AGR_003(1.0),7072,4,2008,4832,
STATSNZ:AGR_AGR_003(1.0),6738,5,2008,199247,
STATSNZ:AGR_AGR_003(1.0),7699,2,2008,12240,
STATSNZ:AGR_AGR_003(1.0),7686,9,2008,4050,
STATSNZ:AGR_AGR_003(1.0),7688,3,2008,20134,
STATSNZ:AGR_AGR_003(1.0),7059,20,2009,365651,
STATSNZ:AGR_AGR_003(1.0),7067,13,2009,5938,
STATSNZ:AGR_AGR_003(1.0),7193,3,2009,1786579,
STATSNZ:AGR_AGR_003(1.0),7185,19,2009,19404,
STATSNZ:AGR_AGR_003(1.0),7187,17,2009,459657,
STATSNZ:AGR_AGR_003(1.0),6702,4,2009,279757,
STATSNZ:AGR_AGR_003(1.0),7687,1,2009,2276,
STATSNZ:AGR_AGR_003(1.0),7696,8,2009,27244,
STATSNZ:AGR_AGR_003(1.0),7057,5,2010,10446,
STATSNZ:AGR_AGR_003(1.0),7059,20,2010,331257,
STATSNZ:AGR_AGR_003(1.0),7067,9,2010,14148,
STATSNZ:AGR_AGR_003(1.0),7071,3,2010,19420,
STATSNZ:AGR_AGR_003(1.0),7073,19,2010,62425,
STATSNZ:AGR_AGR_003(1.0),7193,17,2010,599198,
STATSNZ:AGR_AGR_003(1.0),7188,19,2010,116371,
STATSNZ:AGR_AGR_003(1.0),6731,17,2010,4597335,
STATSNZ:AGR_AGR_003(1.0),6727,4,2010,593,
STATSNZ:AGR_AGR_003(1.0),7696,8,2010,28696,
STATSNZ:AGR_AGR_003(1.0),6949,15,2010,17391,
STATSNZ:AGR_AGR_003(1.0),7810,12,2010,107,
STATSNZ:AGR_AGR_003(1.0),7058,1,2011,17228,
STATSNZ:AGR_AGR_003(1.0),7064,8,2011,72825,
STATSNZ:AGR_AGR_003(1.0),7066,15,2011,74522,
STATSNZ:AGR_AGR_003(1.0),7068,9,2011,2983,
STATSNZ:AGR_AGR_003(1.0),7074,5,2011,84345,
STATSNZ:AGR_AGR_003(1.0),6731,16,2011,5203236,
STATSNZ:AGR_AGR_003(1.0),6731,20,2011,31132329,
STATSNZ:AGR_AGR_003(1.0),6723,17,2011,346793,
STATSNZ:AGR_AGR_003(1.0),6724,5,2011,283228,
STATSNZ:AGR_AGR_003(1.0),6738,20,2011,2914037,
STATSNZ:AGR_AGR_003(1.0),6701,6,2011,110295,
STATSNZ:AGR_AGR_003(1.0),7686,3,2011,19054,
STATSNZ:AGR_AGR_003(1.0),7688,19,2011,160691,
STATSNZ:AGR_AGR_003(1.0),6954,17,2011,625,
STATSNZ:AGR_AGR_003(1.0),7077,14,2012,29002,
STATSNZ:AGR_AGR_003(1.0),7065,18,2012,179,
STATSNZ:AGR_AGR_003(1.0),7067,12,2012,230,
STATSNZ:AGR_AGR_003(1.0),7185,1,2012,5702,
STATSNZ:AGR_AGR_003(1.0),7190,2,2012,68559,
STATSNZ:AGR_AGR_003(1.0),6720,9,2012,14969,
STATSNZ:AGR_AGR_003(1.0),6722,16,2012,52111,
STATSNZ:AGR_AGR_003(1.0),6724,19,2012,2265398,
STATSNZ:AGR_AGR_003(1.0),6727,2,2012,1308,
STATSNZ:AGR_AGR_003(1.0),6703,9,2012,1299260,
STATSNZ:AGR_AGR_003(1.0),7687,17,2012,122631,
STATSNZ:AGR_AGR_003(1.0),7810,6,2012,2818,
STATSNZ:AGR_AGR_003(1.0),7056,7,2013,21546,
STATSNZ:AGR_AGR_003(1.0),7058,14,2013,539,
STATSNZ:AGR_AGR_003(1.0),7071,14,2013,,s
STATSNZ:AGR_AGR_003(1.0),7185,1,2013,4636,
STATSNZ:AGR_AGR_003(1.0),7187,8,2013,328025,
STATSNZ:AGR_AGR_003(1.0),7190,2,2013,54868,
STATSNZ:AGR_AGR_003(1.0),6724,5,2013,230295,
STATSNZ:AGR_AGR_003(1.0),6738,12,2013,86,
STATSNZ:AGR_AGR_003(1.0),6701,6,2013,130885,
STATSNZ:AGR_AGR_003(1.0),7699,9,2013,17936,
STATSNZ:AGR_AGR_003(1.0),7686,16,2013,30358,
STATSNZ:AGR_AGR_003(1.0),7688,19,2013,140959,
STATSNZ:AGR_AGR_003(1.0),6953,20,2013,261689,
STATSNZ:AGR_AGR_003(1.0),7058,16,2014,7668,
STATSNZ:AGR_AGR_003(1.0),7066,9,2014,14282,
STATSNZ:AGR_AGR_003(1.0),7068,3,2014,10299,
STATSNZ:AGR_AGR_003(1.0),7072,5,2014,17766,
STATSNZ:AGR_AGR_003(1.0),7072,19,2014,34635,
STATSNZ:AGR_AGR_003(1.0),7074,20,2014,781131,
STATSNZ:AGR_AGR_003(1.0),7184,6,2014,33679,
STATSNZ:AGR_AGR_003(1.0),7186,13,2014,,c
STATSNZ:AGR_AGR_003(1.0),6721,17,2014,3265045,
STATSNZ:AGR_AGR_003(1.0),6727,18,2014,,c
STATSNZ:AGR_AGR_003(1.0),6701,10,2014,461873,
STATSNZ:AGR_AGR_003(1.0),7688,4,2014,7325,
STATSNZ:AGR_AGR_003(1.0),6951,18,2014,0,
STATSNZ:AGR_AGR_003(1.0),6955,12,2014,0,
STATSNZ:AGR_AGR_003(1.0),7077,8,2015,567333,
STATSNZ:AGR_AGR_003(1.0),7057,15,2015,21867,
STATSNZ:AGR_AGR_003(1.0),7059,9,2015,10698,
STATSNZ:AGR_AGR_003(1.0),7065,12,2015,,s
STATSNZ:AGR_AGR_003(1.0),7071,13,2015,252,
STATSNZ:AGR_AGR_003(1.0),7185,16,2015,3525,
STATSNZ:AGR_AGR_003(1.0),7185,20,2015,70548,
STATSNZ:AGR_AGR_003(1.0),7190,17,2015,388519,
STATSNZ:AGR_AGR_003(1.0),6722,19,2015,157977,
STATSNZ:AGR_AGR_003(1.0),6724,17,2015,556321,
STATSNZ:AGR_AGR_003(1.0),6738,11,2015,41151,
STATSNZ:AGR_AGR_003(1.0),6703,3,2015,1465207,
STATSNZ:AGR_AGR_003(1.0),7685,17,2015,15441,
STATSNZ:AGR_AGR_003(1.0),7696,18,2015,0,
STATSNZ:AGR_AGR_003(1.0),6953,15,2015,131248,
STATSNZ:AGR_AGR_003(1.0),7077,6,2016,434837,
STATSNZ:AGR_AGR_003(1.0),7057,13,2016,4371,
STATSNZ:AGR_AGR_003(1.0),7059,7,2016,11040,
STATSNZ:AGR_AGR_003(1.0),7067,17,2016,25410,
STATSNZ:AGR_AGR_003(1.0),7071,11,2016,389,
STATSNZ:AGR_AGR_003(1.0),7185,14,2016,2227,
STATSNZ:AGR_AGR_003(1.0),7190,15,2016,873430,
STATSNZ:AGR_AGR_003(1.0),6720,1,2016,4379,
STATSNZ:AGR_AGR_003(1.0),6722,8,2016,40255,
STATSNZ:AGR_AGR_003(1.0),6724,15,2016,799911,
STATSNZ:AGR_AGR_003(1.0),6738,9,2016,100049,
STATSNZ:AGR_AGR_003(1.0),6703,1,2016,297971,
STATSNZ:AGR_AGR_003(1.0),6702,8,2016,4366735,
STATSNZ:AGR_AGR_003(1.0),7685,15,2016,29432,
STATSNZ:AGR_AGR_003(1.0),7696,16,2016,48082,
STATSNZ:AGR_AGR_003(1.0),6953,13,2016,,c
STATSNZ:AGR_AGR_003(1.0),7056,18,2017,5283,
STATSNZ:AGR_AGR_003(1.0),7059,17,2017,9420,
STATSNZ:AGR_AGR_003(1.0),7065,11,2017,2204,
STATSNZ:AGR_AGR_003(1.0),7067,18,2017,1441,
STATSNZ:AGR_AGR_003(1.0),7193,5,2017,9407,
STATSNZ:AGR_AGR_003(1.0),7185,20,2017,71079,
STATSNZ:AGR_AGR_003(1.0),7187,1,2017,286762,
STATSNZ:AGR_AGR_003(1.0),6720,15,2017,43392,
STATSNZ:AGR_AGR_003(1.0),6722,9,2017,24413,
STATSNZ:AGR_AGR_003(1.0),6738,6,2017,443560,
STATSNZ:AGR_AGR_003(1.0),6701,13,2017,11633,
STATSNZ:AGR_AGR_003(1.0),7696,13,2017,2576,
STATSNZ:AGR_AGR_003(1.0),6949,20,2017,26872,
STATSNZ:AGR_AGR_003(1.0),7810,10,2017,30534,
STATSNZ:AGR_AGR_003(1.0),7071,5,2018,6187,
STATSNZ:AGR_AGR_003(1.0),7073,20,2018,291159,
STATSNZ:AGR_AGR_003(1.0),7193,2,2018,116199,
STATSNZ:AGR_AGR_003(1.0),7185,9,2018,1781,
STATSNZ:AGR_AGR_003(1.0),7187,3,2018,1480766,
STATSNZ:AGR_AGR_003(1.0),6720,17,2018,31896,
STATSNZ:AGR_AGR_003(1.0),6724,13,2018,,s
STATSNZ:AGR_AGR_003(1.0),7699,10,2018,255803,
STATSNZ:AGR_AGR_003(1.0),7686,7,2018,622,
STATSNZ:AGR_AGR_003(1.0),7687,20,2018,400778,
STATSNZ:AGR_AGR_003(1.0),7688,1,2018,,s
STATSNZ:AGR_AGR_003(1.0),6949,10,2018,8033,
STATSNZ:AGR_AGR_003(1.0),6953,7,2018,10410,
STATSNZ:AGR_AGR_003(1.0),7810,14,2018,,s
STATSNZ:AGR_AGR_003(1.0),7057,7,2019,4809,
STATSNZ:AGR_AGR_003(1.0),7059,1,2019,33884,
STATSNZ:AGR_AGR_003(1.0),7065,8,2019,36558,
STATSNZ:AGR_AGR_003(1.0),7067,11,2019,,s
STATSNZ:AGR_AGR_003(1.0),7071,5,2019,6067,
STATSNZ:AGR_AGR_003(1.0),7073,12,2019,,s
STATSNZ:AGR_AGR_003(1.0),7187,15,2019,945723,
STATSNZ:AGR_AGR_003(1.0),6720,16,2019,45648,
STATSNZ:AGR_AGR_003(1.0),6724,9,2019,227039,
STATSNZ:AGR_AGR_003(1.0),6738,3,2019,128836,
STATSNZ:AGR_AGR_003(1.0),6701,19,2019,492614,
STATSNZ:AGR_AGR_003(1.0),6702,2,2019,137104,
STATSNZ:AGR_AGR_003(1.0),7687,16,2019,61643,
STATSNZ:AGR_AGR_003(1.0),7696,19,2019,218224,
STATSNZ:AGR_AGR_003(1.0),6949,17,2019,,s
STATSNZ:AGR_AGR_003(1.0),7810,14,2019,,s
STATSNZ:AGR_AGR_003(1.0),7065,1,2020,28564,
STATSNZ:AGR_AGR_003(1.0),7071,2,2020,,s
STATSNZ:AGR_AGR_003(1.0),7073,9,2020,,s
STATSNZ:AGR_AGR_003(1.0),7193,16,2020,356022,
STATSNZ:AGR_AGR_003(1.0),7184,8,2020,70991,
STATSNZ:AGR_AGR_003(1.0),7185,19,2020,33798,
STATSNZ:AGR_AGR_003(1.0),7186,2,2020,,s
STATSNZ:AGR_AGR_003(1.0),7188,9,2020,,s
STATSNZ:AGR_AGR_003(1.0),6731,16,2020,4823751,
STATSNZ:AGR_AGR_003(1.0),6723,17,2020,214840,
STATSNZ:AGR_AGR_003(1.0),7685,6,2020,,s
STATSNZ:AGR_AGR_003(1.0),7687,10,2020,99461,
STATSNZ:AGR_AGR_003(1.0),7696,7,2020,,s
STATSNZ:AGR_AGR_003(1.0),6953,4,2020,,s
STATSNZ:AGR_AGR_003(1.0),7810,11,2020,,s
STATSNZ:AGR_AGR_003(1.0),7056,9,2021,38154,
STATSNZ:AGR_AGR_003(1.0),7058,3,2021,22423,
STATSNZ:AGR_AGR_003(1.0),7064,6,2021,48276,
STATSNZ:AGR_AGR_003(1.0),7066,13,2021,4387,
STATSNZ:AGR_AGR_003(1.0),7068,7,2021,4397,
STATSNZ:AGR_AGR_003(1.0),7184,19,2021,370043,
STATSNZ:AGR_AGR_003(1.0),7186,17,2021,,s
STATSNZ:AGR_AGR_003(1.0),7188,11,2021,,s
STATSNZ:AGR_AGR_003(1.0),6721,4,2021,,s
STATSNZ:AGR_AGR_003(1.0),6723,11,2021,12337,
STATSNZ:AGR_AGR_003(1.0),6727,5,2021,,s
STATSNZ:AGR_AGR_003(1.0),6701,4,2021,,s
STATSNZ:AGR_AGR_003(1.0),7699,11,2021,8039,
STATSNZ:AGR_AGR_003(1.0),7686,18,2021,0,
STATSNZ:AGR_AGR_003(1.0),7688,12,2021,0,
STATSNZ:AGR_AGR_003(1.0),6955,16,2021,29378,
STATSNZ:AGR_AGR_003(1.0),7059,8,2022,46359,
STATSNZ:AGR_AGR_003(1.0),7065,2,2022,10166,
STATSNZ:AGR_AGR_003(1.0),7071,20,2022,114294,
STATSNZ:AGR_AGR_003(1.0),7073,6,2022,27074,
STATSNZ:AGR_AGR_003(1.0),7193,13,2022,18730,
STATSNZ:AGR_AGR_003(1.0),7190,16,2022,221474,
STATSNZ:AGR_AGR_003(1.0),6720,19,2022,116730,
STATSNZ:AGR_AGR_003(1.0),6722,17,2022,50245,
STATSNZ:AGR_AGR_003(1.0),6724,3,2022,191129,
STATSNZ:AGR_AGR_003(1.0),6701,4,2022,19354,
STATSNZ:AGR_AGR_003(1.0),7696,4,2022,8383,
STATSNZ:AGR_AGR_003(1.0),6949,11,2022,28,
STATSNZ:AGR_AGR_003(1.0),7810,8,2022,2564,
STATSNZ:AGR_AGR_003(1.0),7077,13,2023,54467,
STATSNZ:AGR_AGR_003(1.0),7065,16,2023,12070,
STATSNZ:AGR_AGR_003(1.0),7071,17,2023,,s
STATSNZ:AGR_AGR_003(1.0),7193,19,2023,2550191,
STATSNZ:AGR_AGR_003(1.0),7185,4,2023,,s
STATSNZ:AGR_AGR_003(1.0),7188,3,2023,87042,
STATSNZ:AGR_AGR_003(1.0),6721,17,2023,2122101,
STATSNZ:AGR_AGR_003(1.0),6723,11,2023,,s
STATSNZ:AGR_AGR_003(1.0),6727,18,2023,,s
STATSNZ:AGR_AGR_003(1.0),6702,15,2023,3112364,
STATSNZ:AGR_AGR_003(1.0),7696,1,2023,,s
STATSNZ:AGR_AGR_003(1.0),7810,5,2023,,s
STATSNZ:AGR_AGR_003(1.0),7077,3,2024,516890,
STATSNZ:AGR_AGR_003(1.0),7059,10,2024,222386,
STATSNZ:AGR_AGR_003(1.0),7067,1,2024,28402,
STATSNZ:AGR_AGR_003(1.0),7073,15,2024,,s
STATSNZ:AGR_AGR_003(1.0),7193,4,2024,297887,
STATSNZ:AGR_AGR_003(1.0),7185,11,2024,,s
STATSNZ:AGR_AGR_003(1.0),7187,5,2024,,s
STATSNZ:AGR_AGR_003(1.0),6724,20,2024,3925668,
STATSNZ:AGR_AGR_003(1.0),6702,5,2024,1037465,
STATSNZ:AGR_AGR_003(1.0),7685,20,2024,140430,
STATSNZ:AGR_AGR_003(1.0),7687,6,2024,19397,
STATSNZ:AGR_AGR_003(1.0),6949,3,2024,1685,
STATSNZ:AGR_AGR_003(1.0),6953,19,2024,157545,
STATSNZ:AGR_AGR_003(1.0),7810,17,2024,2169,
STATSNZ:AGR_AGR_003(1.0),7187,10,1994,2570251,
STATSNZ:AGR_AGR_003(1.0),7696,19,1994,188145,
STATSNZ:AGR_AGR_003(1.0),6722,16,1994,118855,
STATSNZ:AGR_AGR_003(1.0),7077,13,1994,74456,
STATSNZ:AGR_AGR_003(1.0),7699,5,1994,22955,
STATSNZ:AGR_AGR_003(1.0),6720,1,1994,11214,
STATSNZ:AGR_AGR_003(1.0),7685,2,1994,6849,
STATSNZ:AGR_AGR_003(1.0),7185,6,1994,254,
STATSNZ:AGR_AGR_003(1.0),6723,10,2002,1299387,
STATSNZ:AGR_AGR_003(1.0),6727,15,2002,318888,
STATSNZ:AGR_AGR_003(1.0),7190,8,2002,245990,
STATSNZ:AGR_AGR_003(1.0),6954,15,2002,151701,
STATSNZ:AGR_AGR_003(1.0),7058,20,2002,131723,
STATSNZ:AGR_AGR_003(1.0),7685,19,2002,86318,
STATSNZ:AGR_AGR_003(1.0),7687,4,2002,39760,
STATSNZ:AGR_AGR_003(1.0),7193,13,2002,32526,
STATSNZ:AGR_AGR_003(1.0),7686,14,2002,6304,
STATSNZ:AGR_AGR_003(1.0),7073,13,2002,3931,
STATSNZ:AGR_AGR_003(1.0),7188,5,2002,952,
STATSNZ:AGR_AGR_003(1.0),6724,16,2003,801621,
STATSNZ:AGR_AGR_003(1.0),6738,19,2003,1282185,
STATSNZ:AGR_AGR_003(1.0),7059,15,2003,39845,
STATSNZ:AGR_AGR_003(1.0),7065,15,2003,35873,
STATSNZ:AGR_AGR_003(1.0),7067,9,2003,12911,
STATSNZ:AGR_AGR_003(1.0),7073,19,2003,94929,
STATSNZ:AGR_AGR_003(1.0),7696,17,2003,148179,
STATSNZ:AGR_AGR_003(1.0),7058,2,2004,10214,
STATSNZ:AGR_AGR_003(1.0),7059,5,2004,26463,
STATSNZ:AGR_AGR_003(1.0),7185,17,2004,3436,
STATSNZ:AGR_AGR_003(1.0),7187,11,2004,57611,
STATSNZ:AGR_AGR_003(1.0),7190,11,2004,41040,
STATSNZ:AGR_AGR_003(1.0),6720,12,2004,228,
STATSNZ:AGR_AGR_003(1.0),6723,3,2004,237196,
STATSNZ:AGR_AGR_003(1.0),6703,12,2004,14264,
STATSNZ:AGR_AGR_003(1.0),7687,7,2004,2976,
STATSNZ:AGR_AGR_003(1.0),6953,2,2004,9731,
STATSNZ:AGR_AGR_003(1.0),7058,19,2005,32027,
STATSNZ:AGR_AGR_003(1.0),7067,15,2005,62031,
STATSNZ:AGR_AGR_003(1.0),7068,5,2005,3682,
STATSNZ:AGR_AGR_003(1.0),7072,20,2005,320441,
STATSNZ:AGR_AGR_003(1.0),7184,10,2005,499017,
STATSNZ:AGR_AGR_003(1.0),6703,6,2005,3185977,
STATSNZ:AGR_AGR_003(1.0),6702,10,2005,14727001,
STATSNZ:AGR_AGR_003(1.0),7685,10,2005,49063,
STATSNZ:AGR_AGR_003(1.0),6951,7,2005,147,
STATSNZ:AGR_AGR_003(1.0),6953,11,2005,391,
STATSNZ:AGR_AGR_003(1.0),7065,9,2006,5034,
STATSNZ:AGR_AGR_003(1.0),7073,4,2006,9669,
STATSNZ:AGR_AGR_003(1.0),7074,8,2006,155109,
STATSNZ:AGR_AGR_003(1.0),7188,3,2006,66341,
STATSNZ:AGR_AGR_003(1.0),6738,4,2006,33391,
STATSNZ:AGR_AGR_003(1.0),7686,20,2006,357928,
STATSNZ:AGR_AGR_003(1.0),7688,20,2006,364862,
STATSNZ:AGR_AGR_003(1.0),7696,11,2006,11217,
STATSNZ:AGR_AGR_003(1.0),6954,10,2006,141845,
STATSNZ:AGR_AGR_003(1.0),7056,15,2007,140164,
STATSNZ:AGR_AGR_003(1.0),7059,20,2007,361882,
STATSNZ:AGR_AGR_003(1.0),7066,19,2007,135833,
STATSNZ:AGR_AGR_003(1.0),7185,11,2007,973,
STATSNZ:AGR_AGR_003(1.0),7186,14,2007,347,
STATSNZ:AGR_AGR_003(1.0),7190,5,2007,4109,
STATSNZ:AGR_AGR_003(1.0),6720,6,2007,36658,
STATSNZ:AGR_AGR_003(1.0),7699,17,2007,307524,
STATSNZ:AGR_AGR_003(1.0),7687,1,2007,3322,
STATSNZ:AGR_AGR_003(1.0),6949,2,2007,875,
STATSNZ:AGR_AGR_003(1.0),6951,6,2007,106,
STATSNZ:AGR_AGR_003(1.0),7077,17,2008,190562,
STATSNZ:AGR_AGR_003(1.0),7184,11,2008,12946,
STATSNZ:AGR_AGR_003(1.0),6721,8,2008,4050576,
STATSNZ:AGR_AGR_003(1.0),6703,3,2008,2156279,
STATSNZ:AGR_AGR_003(1.0),7688,2,2008,2615,
STATSNZ:AGR_AGR_003(1.0),6949,14,2008,49,
STATSNZ:AGR_AGR_003(1.0),7072,5,2009,16495,
STATSNZ:AGR_AGR_003(1.0),7074,5,2009,77100,
STATSNZ:AGR_AGR_003(1.0),7188,10,2009,229116,
STATSNZ:AGR_AGR_003(1.0),6727,11,2009,1390,
STATSNZ:AGR_AGR_003(1.0),7685,6,2009,5727,
STATSNZ:AGR_AGR_003(1.0),6949,1,2009,663,
STATSNZ:AGR_AGR_003(1.0),7810,2,2009,6244,
STATSNZ:AGR_AGR_003(1.0),7077,12,2010,1471,
STATSNZ:AGR_AGR_003(1.0),7072,20,2010,246311,
STATSNZ:AGR_AGR_003(1.0),7184,8,2010,66278,
STATSNZ:AGR_AGR_003(1.0),6731,3,2010,1982414,
STATSNZ:AGR_AGR_003(1.0),6723,4,2010,17028,
STATSNZ:AGR_AGR_003(1.0),6724,8,2010,913269,
STATSNZ:AGR_AGR_003(1.0),7699,3,2010,83952,
STATSNZ:AGR_AGR_003(1.0),7685,15,2010,30647,
STATSNZ:AGR_AGR_003(1.0),7687,15,2010,150965,
STATSNZ:AGR_AGR_003(1.0),6953,19,2010,171302,
STATSNZ:AGR_AGR_003(1.0),7064,15,2011,68742,
STATSNZ:AGR_AGR_003(1.0),7067,6,2011,38238,
STATSNZ:AGR_AGR_003(1.0),7071,10,2011,98408,
STATSNZ:AGR_AGR_003(1.0),7193,1,2011,384636,
STATSNZ:AGR_AGR_003(1.0),7184,5,2011,4186,
STATSNZ:AGR_AGR_003(1.0),6721,2,2011,133932,
STATSNZ:AGR_AGR_003(1.0),7686,2,2011,2141,
STATSNZ:AGR_AGR_003(1.0),7688,17,2011,51755,
STATSNZ:AGR_AGR_003(1.0),7810,16,2011,2788,
STATSNZ:AGR_AGR_003(1.0),7057,16,2012,14911,
STATSNZ:AGR_AGR_003(1.0),7067,11,2012,4540,
STATSNZ:AGR_AGR_003(1.0),7071,5,2012,6127,
STATSNZ:AGR_AGR_003(1.0),7188,12,2012,,c
STATSNZ:AGR_AGR_003(1.0),7190,16,2012,187652,
STATSNZ:AGR_AGR_003(1.0),6723,7,2012,27301,
STATSNZ:AGR_AGR_003(1.0),6724,11,2012,38183,
STATSNZ:AGR_AGR_003(1.0),6702,2,2012,144186,
STATSNZ:AGR_AGR_003(1.0),7699,6,2012,69977,
STATSNZ:AGR_AGR_003(1.0),6953,13,2012,,c
STATSNZ:AGR_AGR_003(1.0),7810,7,2012,1896,
STATSNZ:AGR_AGR_003(1.0),7077,9,2013,131471,
STATSNZ:AGR_AGR_003(1.0),7057,3,2013,16423,
STATSNZ:AGR_AGR_003(1.0),7065,4,2013,,s
STATSNZ:AGR_AGR_003(1.0),7071,13,2013,845,
STATSNZ:AGR_AGR_003(1.0),7185,8,2013,5894,
STATSNZ:AGR_AGR_003(1.0),7188,20,2013,407820,
STATSNZ:AGR_AGR_003(1.0),6731,10,2013,14958467,
STATSNZ:AGR_AGR_003(1.0),6702,11,2013,209145,
STATSNZ:AGR_AGR_003(1.0),7699,14,2013,32726,
STATSNZ:AGR_AGR_003(1.0),7696,6,2013,22946,
STATSNZ:AGR_AGR_003(1.0),7810,1,2013,3332,
STATSNZ:AGR_AGR_003(1.0),7064,9,2014,17686,
STATSNZ:AGR_AGR_003(1.0),7065,13,2014,1885,
STATSNZ:AGR_AGR_003(1.0),7067,10,2014,258599,
STATSNZ:AGR_AGR_003(1.0),7073,8,2014,43659,
STATSNZ:AGR_AGR_003(1.0),7184,20,2014,919705,
STATSNZ:AGR_AGR_003(1.0),7188,10,2014,285988,
STATSNZ:AGR_AGR_003(1.0),6731,15,2014,4966905,
STATSNZ:AGR_AGR_003(1.0),6727,19,2014,250823,
STATSNZ:AGR_AGR_003(1.0),6738,14,2014,3762,
STATSNZ:AGR_AGR_003(1.0),6703,4,2014,235843,
STATSNZ:AGR_AGR_003(1.0),7688,11,2014,2591,
STATSNZ:AGR_AGR_003(1.0),7810,19,2014,15890,
STATSNZ:AGR_AGR_003(1.0),7058,13,2015,2164,
STATSNZ:AGR_AGR_003(1.0),7066,14,2015,4001,
STATSNZ:AGR_AGR_003(1.0),7067,18,2015,,s
STATSNZ:AGR_AGR_003(1.0),7071,5,2015,7533,
STATSNZ:AGR_AGR_003(1.0),7071,20,2015,110795,
STATSNZ:AGR_AGR_003(1.0),7073,20,2015,217019,
STATSNZ:AGR_AGR_003(1.0),7193,13,2015,27040,
STATSNZ:AGR_AGR_003(1.0),7188,6,2015,7429,
STATSNZ:AGR_AGR_003(1.0),6723,1,2015,26173,
STATSNZ:AGR_AGR_003(1.0),6724,5,2015,232665,
STATSNZ:AGR_AGR_003(1.0),6701,6,2015,105257,
STATSNZ:AGR_AGR_003(1.0),7699,10,2015,283778,
STATSNZ:AGR_AGR_003(1.0),7688,1,2015,845,
STATSNZ:AGR_AGR_003(1.0),6954,16,2015,11232,
STATSNZ:AGR_AGR_003(1.0),6953,7,2015,12523,
STATSNZ:AGR_AGR_003(1.0),7810,1,2015,1836,
STATSNZ:AGR_AGR_003(1.0),7056,17,2016,47677,
STATSNZ:AGR_AGR_003(1.0),7058,11,2016,1345,
STATSNZ:AGR_AGR_003(1.0),7066,12,2016,89,
STATSNZ:AGR_AGR_003(1.0),7067,16,2016,27056,
STATSNZ:AGR_AGR_003(1.0),7071,3,2016,17454,
STATSNZ:AGR_AGR_003(1.0),7193,11,2016,60980,
STATSNZ:AGR_AGR_003(1.0),6721,18,2016,30130,
STATSNZ:AGR_AGR_003(1.0),6723,20,2016,1694888,
STATSNZ:AGR_AGR_003(1.0),6724,3,2016,181602,
STATSNZ:AGR_AGR_003(1.0),6701,4,2016,21301,
STATSNZ:AGR_AGR_003(1.0),7688,20,2016,162083,
STATSNZ:AGR_AGR_003(1.0),6954,14,2016,63,
STATSNZ:AGR_AGR_003(1.0),6949,18,2016,0,
STATSNZ:AGR_AGR_003(1.0),7057,9,2017,4551,
STATSNZ:AGR_AGR_003(1.0),7067,4,2017,11093,
STATSNZ:AGR_AGR_003(1.0),7068,8,2017,8891,
STATSNZ:AGR_AGR_003(1.0),7074,9,2017,30845,
STATSNZ:AGR_AGR_003(1.0),7184,3,2017,231752,
STATSNZ:AGR_AGR_003(1.0),7186,3,2017,14632,
STATSNZ:AGR_AGR_003(1.0),7187,15,2017,1008665,
STATSNZ:AGR_AGR_003(1.0),6722,19,2017,210002,
STATSNZ:AGR_AGR_003(1.0),6723,14,2017,5184,
STATSNZ:AGR_AGR_003(1.0),6724,4,2017,21326,
STATSNZ:AGR_AGR_003(1.0),6703,15,2017,3475402,
STATSNZ:AGR_AGR_003(1.0),6701,5,2017,74170,
STATSNZ:AGR_AGR_003(1.0),6702,9,2017,1189456,
STATSNZ:AGR_AGR_003(1.0),7699,20,2017,836337,
STATSNZ:AGR_AGR_003(1.0),7687,19,2017,284061,
STATSNZ:AGR_AGR_003(1.0),7056,20,2018,862696,
STATSNZ:AGR_AGR_003(1.0),7064,10,2018,326132,
STATSNZ:AGR_AGR_003(1.0),7066,15,2018,70681,
STATSNZ:AGR_AGR_003(1.0),7068,9,2018,,s
STATSNZ:AGR_AGR_003(1.0),7193,14,2018,143531,
STATSNZ:AGR_AGR_003(1.0),7184,4,2018,39565,
STATSNZ:AGR_AGR_003(1.0),6721,15,2018,2440481,
STATSNZ:AGR_AGR_003(1.0),6723,15,2018,309436,
STATSNZ:AGR_AGR_003(1.0),6727,16,2018,92945,
STATSNZ:AGR_AGR_003(1.0),6701,7,2018,14672,
STATSNZ:AGR_AGR_003(1.0),6702,19,2018,11957149,
STATSNZ:AGR_AGR_003(1.0),7688,2,2018,1952,
STATSNZ:AGR_AGR_003(1.0),6954,17,2018,,s
STATSNZ:AGR_AGR_003(1.0),7056,11,2019,9025,
STATSNZ:AGR_AGR_003(1.0),7057,15,2019,,s
STATSNZ:AGR_AGR_003(1.0),7065,16,2019,11322,
STATSNZ:AGR_AGR_003(1.0),7066,6,2019,50442,
STATSNZ:AGR_AGR_003(1.0),7067,19,2019,157801,
STATSNZ:AGR_AGR_003(1.0),7193,5,2019,,s
STATSNZ:AGR_AGR_003(1.0),7186,17,2019,,s
STATSNZ:AGR_AGR_003(1.0),6721,12,2019,6597,
STATSNZ:AGR_AGR_003(1.0),6722,16,2019,61814,
STATSNZ:AGR_AGR_003(1.0),6723,6,2019,223760,
STATSNZ:AGR_AGR_003(1.0),6701,11,2019,,s
STATSNZ:AGR_AGR_003(1.0),6702,1,2019,217185,
STATSNZ:AGR_AGR_003(1.0),6954,8,2019,13119,
STATSNZ:AGR_AGR_003(1.0),6949,12,2019,0,
STATSNZ:AGR_AGR_003(1.0),7810,13,2019,,s
STATSNZ:AGR_AGR_003(1.0),7077,5,2020,249615,
STATSNZ:AGR_AGR_003(1.0),7071,16,2020,7813,
STATSNZ:AGR_AGR_003(1.0),7074,10,2020,597867,
STATSNZ:AGR_AGR_003(1.0),7185,11,2020,,s
STATSNZ:AGR_AGR_003(1.0),7186,1,2020,4784,
STATSNZ:AGR_AGR_003(1.0),6720,6,2020,24292,
STATSNZ:AGR_AGR_003(1.0),6722,10,2020,168461,
STATSNZ:AGR_AGR_003(1.0),6724,15,2020,754706,
STATSNZ:AGR_AGR_003(1.0),6703,6,2020,2165412,
STATSNZ:AGR_AGR_003(1.0),7685,7,2020,,s
STATSNZ:AGR_AGR_003(1.0),7687,1,2020,,s
STATSNZ:AGR_AGR_003(1.0),6949,2,2020,1097,
STATSNZ:AGR_AGR_003(1.0),6951,6,2020,,s
STATSNZ:AGR_AGR_003(1.0),7058,11,2021,1914,
STATSNZ:AGR_AGR_003(1.0),7059,1,2021,34569,
STATSNZ:AGR_AGR_003(1.0),7064,5,2021,26556,
STATSNZ:AGR_AGR_003(1.0),7068,6,2021,5558,
STATSNZ:AGR_AGR_003(1.0),7072,10,2021,221052,
STATSNZ:AGR_AGR_003(1.0),7193,12,2021,,s
STATSNZ:AGR_AGR_003(1.0),7188,17,2021,,s
STATSNZ:AGR_AGR_003(1.0),7190,7,2021,423113,
STATSNZ:AGR_AGR_003(1.0),6731,11,2021,236736,
STATSNZ:AGR_AGR_003(1.0),6724,2,2021,,s
STATSNZ:AGR_AGR_003(1.0),6727,6,2021,,s
STATSNZ:AGR_AGR_003(1.0),7685,1,2021,,s
STATSNZ:AGR_AGR_003(1.0),7687,16,2021,55694,
STATSNZ:AGR_AGR_003(1.0),6949,17,2021,105,
STATSNZ:AGR_AGR_003(1.0),6955,2,2021,44631,
STATSNZ:AGR_AGR_003(1.0),6955,8,2021,39999,
STATSNZ:AGR_AGR_003(1.0),7056,5,2022,74425,
STATSNZ:AGR_AGR_003(1.0),7066,10,2022,324291,
STATSNZ:AGR_AGR_003(1.0),7067,4,2022,14619,
STATSNZ:AGR_AGR_003(1.0),7193,20,2022,5930033,
STATSNZ:AGR_AGR_003(1.0),7185,20,2022,72791,
STATSNZ:AGR_AGR_003(1.0),7186,11,2022,284,
STATSNZ:AGR_AGR_003(1.0),6721,6,2022,1416201,
STATSNZ:AGR_AGR_003(1.0),6722,19,2022,174388,
STATSNZ:AGR_AGR_003(1.0),6723,10,2022,1041771,
STATSNZ:AGR_AGR_003(1.0),6738,11,2022,18126,
STATSNZ:AGR_AGR_003(1.0),6703,1,2022,182505,
STATSNZ:AGR_AGR_003(1.0),6701,5,2022,82318,
STATSNZ:AGR_AGR_003(1.0),7686,6,2022,11664,
STATSNZ:AGR_AGR_003(1.0),6954,2,2022,15982,
STATSNZ:AGR_AGR_003(1.0),6954,15,2022,164423,
STATSNZ:AGR_AGR_003(1.0),7077,20,2023,3654034,
STATSNZ:AGR_AGR_003(1.0),7057,20,2023,159497,
STATSNZ:AGR_AGR_003(1.0),7064,18,2023,,s
STATSNZ:AGR_AGR_003(1.0),7071,19,2023,,s
STATSNZ:AGR_AGR_003(1.0),7072,13,2023,,s
STATSNZ:AGR_AGR_003(1.0),7185,5,2023,,s
STATSNZ:AGR_AGR_003(1.0),7186,8,2023,,s
STATSNZ:AGR_AGR_003(1.0),6720,10,2023,108411,
STATSNZ:AGR_AGR_003(1.0),6724,9,2023,174623,
STATSNZ:AGR_AGR_003(1.0),7685,1,2023,,s
STATSNZ:AGR_AGR_003(1.0),7687,15,2023,87085,
STATSNZ:AGR_AGR_003(1.0),7696,9,2023,,s
STATSNZ:AGR_AGR_003(1.0),6954,6,2023,4639,
STATSNZ:AGR_AGR_003(1.0),6951,10,2023,1285,
STATSNZ:AGR_AGR_003(1.0),6955,15,2023,370979,
STATSNZ:AGR_AGR_003(1.0),7077,11,2024,32076,
STATSNZ:AGR_AGR_003(1.0),7056,1,2024,48915,
STATSNZ:AGR_AGR_003(1.0),7057,5,2024,9067,
STATSNZ:AGR_AGR_003(1.0),7065,6,2024,25549,
STATSNZ:AGR_AGR_003(1.0),7071,15,2024,,s
STATSNZ:AGR_AGR_003(1.0),7072,12,2024,,s
STATSNZ:AGR_AGR_003(1.0),7074,6,2024,102385,
STATSNZ:AGR_AGR_003(1.0),7188,1,2024,26417,
STATSNZ:AGR_AGR_003(1.0),6720,12,2024,18,
STATSNZ:AGR_AGR_003(1.0),6702,13,2024,242187,
STATSNZ:AGR_AGR_003(1.0),7699,16,2024,114081,
STATSNZ:AGR_AGR_003(1.0),7696,8,2024,15150,
STATSNZ:AGR_AGR_003(1.0),7810,3,2024,9813,
STATSNZ:AGR_AGR_003(1.0),6703,10,1994,15284407,
STATSNZ:AGR_AGR_003(1.0),6721,5,1994,1445831,
STATSNZ:AGR_AGR_003(1.0),6723,20,1994,1316284,
STATSNZ:AGR_AGR_003(1.0),6731,11,1994,424875,
STATSNZ:AGR_AGR_003(1.0),7077,14,1994,67733,
STATSNZ:AGR_AGR_003(1.0),7696,11,1994,10789,
STATSNZ:AGR_AGR_003(1.0),7188,4,1994,8444,
STATSNZ:AGR_AGR_003(1.0),7810,6,1994,4913,
STATSNZ:AGR_AGR_003(1.0),7185,13,1994,222,
STATSNZ:AGR_AGR_003(1.0),7699,20,2002,1647938,
STATSNZ:AGR_AGR_003(1.0),7074,17,2002,57170,
STATSNZ:AGR_AGR_003(1.0),6724,4,2002,54185,
STATSNZ:AGR_AGR_003(1.0),7074,9,2002,43294,
STATSNZ:AGR_AGR_003(1.0),6738,11,2002,41168,
STATSNZ:AGR_AGR_003(1.0),7068,8,2002,9092,
STATSNZ:AGR_AGR_003(1.0),7072,2,2002,8456,
STATSNZ:AGR_AGR_003(1.0),7066,14,2002,3137,
STATSNZ:AGR_AGR_003(1.0),7058,13,2002,1825,
STATSNZ:AGR_AGR_003(1.0),6722,1,2003,2448,
STATSNZ:AGR_AGR_003(1.0),6955,8,2003,68370,
STATSNZ:AGR_AGR_003(1.0),7056,19,2003,357561,
STATSNZ:AGR_AGR_003(1.0),7064,11,2003,7172,
STATSNZ:AGR_AGR_003(1.0),7068,20,2003,80428,
STATSNZ:AGR_AGR_003(1.0),7072,6,2003,70080,
STATSNZ:AGR_AGR_003(1.0),7184,15,2003,111797,
STATSNZ:AGR_AGR_003(1.0),7187,6,2003,69140,
STATSNZ:AGR_AGR_003(1.0),7190,13,2003,15269,
STATSNZ:AGR_AGR_003(1.0),7059,13,2004,4686,
STATSNZ:AGR_AGR_003(1.0),7067,14,2004,4421,
STATSNZ:AGR_AGR_003(1.0),7072,5,2004,24069,
STATSNZ:AGR_AGR_003(1.0),7074,12,2004,727,
STATSNZ:AGR_AGR_003(1.0),7186,10,2004,10763,
STATSNZ:AGR_AGR_003(1.0),6721,16,2004,4165020,
STATSNZ:AGR_AGR_003(1.0),6723,19,2004,1209902,
STATSNZ:AGR_AGR_003(1.0),6703,11,2004,258334,
STATSNZ:AGR_AGR_003(1.0),7699,2,2004,23483,
STATSNZ:AGR_AGR_003(1.0),7688,3,2004,30702,
STATSNZ:AGR_AGR_003(1.0),7077,12,2005,3665,
STATSNZ:AGR_AGR_003(1.0),7059,10,2005,277877,
STATSNZ:AGR_AGR_003(1.0),7067,1,2005,47007,
STATSNZ:AGR_AGR_003(1.0),7067,9,2005,12629,
STATSNZ:AGR_AGR_003(1.0),7073,19,2005,84576,
STATSNZ:AGR_AGR_003(1.0),6721,3,2005,1713353,
STATSNZ:AGR_AGR_003(1.0),7687,15,2005,225884,
STATSNZ:AGR_AGR_003(1.0),6949,3,2005,5043,
STATSNZ:AGR_AGR_003(1.0),6953,19,2005,185232,
STATSNZ:AGR_AGR_003(1.0),7056,17,2006,54193,
STATSNZ:AGR_AGR_003(1.0),7064,5,2006,36765,
STATSNZ:AGR_AGR_003(1.0),7066,12,2006,584,
STATSNZ:AGR_AGR_003(1.0),7072,10,2006,281471,
STATSNZ:AGR_AGR_003(1.0),7074,15,2006,130919,
STATSNZ:AGR_AGR_003(1.0),7184,9,2006,13944,
STATSNZ:AGR_AGR_003(1.0),7187,10,2006,3004159,
STATSNZ:AGR_AGR_003(1.0),7190,7,2006,406569,
STATSNZ:AGR_AGR_003(1.0),6720,1,2006,6037,
STATSNZ:AGR_AGR_003(1.0),7688,7,2006,1128,
STATSNZ:AGR_AGR_003(1.0),6954,14,2006,332,
STATSNZ:AGR_AGR_003(1.0),6951,8,2006,388,
STATSNZ:AGR_AGR_003(1.0),6955,2,2006,21430,
STATSNZ:AGR_AGR_003(1.0),7065,14,2007,634,
STATSNZ:AGR_AGR_003(1.0),7071,15,2007,10857,
STATSNZ:AGR_AGR_003(1.0),7072,20,2007,327968,
STATSNZ:AGR_AGR_003(1.0),7074,6,2007,117846,
STATSNZ:AGR_AGR_003(1.0),7188,1,2007,27367,
STATSNZ:AGR_AGR_003(1.0),6731,16,2007,6031166,
STATSNZ:AGR_AGR_003(1.0),6721,19,2007,13856411,
STATSNZ:AGR_AGR_003(1.0),6723,17,2007,486443,
STATSNZ:AGR_AGR_003(1.0),6703,5,2007,1480448,
STATSNZ:AGR_AGR_003(1.0),6702,20,2007,31557361,
STATSNZ:AGR_AGR_003(1.0),6953,17,2007,3711,
STATSNZ:AGR_AGR_003(1.0),7077,9,2008,140381,
STATSNZ:AGR_AGR_003(1.0),7193,15,2008,831666,
STATSNZ:AGR_AGR_003(1.0),7187,16,2008,180453,
STATSNZ:AGR_AGR_003(1.0),7190,19,2008,1078236,
STATSNZ:AGR_AGR_003(1.0),6720,4,2008,4619,
STATSNZ:AGR_AGR_003(1.0),6722,11,2008,5459,
STATSNZ:AGR_AGR_003(1.0),6723,16,2008,174510,
STATSNZ:AGR_AGR_003(1.0),6727,2,2008,4198,
STATSNZ:AGR_AGR_003(1.0),7687,20,2008,594798,
STATSNZ:AGR_AGR_003(1.0),7696,6,2008,25455,
STATSNZ:AGR_AGR_003(1.0),6949,10,2008,13616,
STATSNZ:AGR_AGR_003(1.0),7056,1,2009,88830,
STATSNZ:AGR_AGR_003(1.0),7058,8,2009,24838,
STATSNZ:AGR_AGR_003(1.0),7188,8,2009,23973,
STATSNZ:AGR_AGR_003(1.0),6731,15,2009,5504718,
STATSNZ:AGR_AGR_003(1.0),6721,9,2009,1086023,
STATSNZ:AGR_AGR_003(1.0),6723,3,2009,155400,
STATSNZ:AGR_AGR_003(1.0),6738,15,2009,632308,
STATSNZ:AGR_AGR_003(1.0),6703,4,2009,284017,
STATSNZ:AGR_AGR_003(1.0),7699,16,2009,166424,
STATSNZ:AGR_AGR_003(1.0),7686,19,2009,181561,
STATSNZ:AGR_AGR_003(1.0),6955,20,2009,725737,
STATSNZ:AGR_AGR_003(1.0),7056,2,2010,20501,
STATSNZ:AGR_AGR_003(1.0),7058,17,2010,3445,
STATSNZ:AGR_AGR_003(1.0),7066,5,2010,26486,
STATSNZ:AGR_AGR_003(1.0),7068,12,2010,16,
STATSNZ:AGR_AGR_003(1.0),7185,4,2010,2001,
STATSNZ:AGR_AGR_003(1.0),6720,20,2010,313444,
STATSNZ:AGR_AGR_003(1.0),6738,16,2010,287841,
STATSNZ:AGR_AGR_003(1.0),7699,17,2010,245975,
STATSNZ:AGR_AGR_003(1.0),7686,11,2010,1827,
STATSNZ:AGR_AGR_003(1.0),7688,5,2010,2525,
STATSNZ:AGR_AGR_003(1.0),6954,20,2010,335114,
STATSNZ:AGR_AGR_003(1.0),6951,6,2010,119,
STATSNZ:AGR_AGR_003(1.0),7077,3,2011,515358,
STATSNZ:AGR_AGR_003(1.0),7057,19,2011,55321,
STATSNZ:AGR_AGR_003(1.0),7185,16,2011,2779,
STATSNZ:AGR_AGR_003(1.0),7187,19,2011,1711412,
STATSNZ:AGR_AGR_003(1.0),7190,17,2011,398934,
STATSNZ:AGR_AGR_003(1.0),6722,5,2011,62517,
STATSNZ:AGR_AGR_003(1.0),6724,20,2011,4650351,
STATSNZ:AGR_AGR_003(1.0),6702,5,2011,1199647,
STATSNZ:AGR_AGR_003(1.0),7687,6,2011,27002,
STATSNZ:AGR_AGR_003(1.0),7696,10,2011,117161,
STATSNZ:AGR_AGR_003(1.0),6953,1,2011,2556,
STATSNZ:AGR_AGR_003(1.0),7056,5,2012,81100,
STATSNZ:AGR_AGR_003(1.0),7058,12,2012,43,
STATSNZ:AGR_AGR_003(1.0),7066,10,2012,308066,
STATSNZ:AGR_AGR_003(1.0),7068,15,2012,8427,
STATSNZ:AGR_AGR_003(1.0),7072,9,2012,11477,
STATSNZ:AGR_AGR_003(1.0),7074,16,2012,88204,
STATSNZ:AGR_AGR_003(1.0),7184,19,2012,388324,
STATSNZ:AGR_AGR_003(1.0),7186,4,2012,1985,
STATSNZ:AGR_AGR_003(1.0),7188,11,2012,4234,
STATSNZ:AGR_AGR_003(1.0),7686,14,2012,6787,
STATSNZ:AGR_AGR_003(1.0),6954,2,2012,,c
STATSNZ:AGR_AGR_003(1.0),6954,15,2012,168815,
STATSNZ:AGR_AGR_003(1.0),6951,9,2012,183,
STATSNZ:AGR_AGR_003(1.0),6955,3,2012,76287,
STATSNZ:AGR_AGR_003(1.0),7077,16,2013,276545,
STATSNZ:AGR_AGR_003(1.0),7057,19,2013,46785,
STATSNZ:AGR_AGR_003(1.0),7058,7,2013,5062,
STATSNZ:AGR_AGR_003(1.0),7064,1,2013,47743,
STATSNZ:AGR_AGR_003(1.0),7066,8,2013,63729,
STATSNZ:AGR_AGR_003(1.0),6731,14,2013,32876,
STATSNZ:AGR_AGR_003(1.0),6721,8,2013,3597061,
STATSNZ:AGR_AGR_003(1.0),6723,15,2013,317013,
STATSNZ:AGR_AGR_003(1.0),6727,9,2013,3540,
STATSNZ:AGR_AGR_003(1.0),6703,3,2013,1607965,
STATSNZ:AGR_AGR_003(1.0),6702,18,2013,39038,
STATSNZ:AGR_AGR_003(1.0),6702,19,2013,12991213,
STATSNZ:AGR_AGR_003(1.0),6954,19,2013,195455,
STATSNZ:AGR_AGR_003(1.0),6951,17,2013,,s
STATSNZ:AGR_AGR_003(1.0),7057,4,2014,3141,
STATSNZ:AGR_AGR_003(1.0),7193,16,2014,376743,
STATSNZ:AGR_AGR_003(1.0),7187,4,2014,259116,
STATSNZ:AGR_AGR_003(1.0),7190,11,2014,35375,
STATSNZ:AGR_AGR_003(1.0),6720,5,2014,17487,
STATSNZ:AGR_AGR_003(1.0),6722,20,2014,244900,
STATSNZ:AGR_AGR_003(1.0),6724,6,2014,433192,
STATSNZ:AGR_AGR_003(1.0),6727,11,2014,918,
STATSNZ:AGR_AGR_003(1.0),6703,18,2014,37797,
STATSNZ:AGR_AGR_003(1.0),6702,12,2014,7600,
STATSNZ:AGR_AGR_003(1.0),7685,6,2014,6091,
STATSNZ:AGR_AGR_003(1.0),7687,13,2014,3102,
STATSNZ:AGR_AGR_003(1.0),7696,7,2014,1137,
STATSNZ:AGR_AGR_003(1.0),6949,1,2014,251,
STATSNZ:AGR_AGR_003(1.0),7810,2,2014,3926,
STATSNZ:AGR_AGR_003(1.0),7077,15,2015,440598,
STATSNZ:AGR_AGR_003(1.0),7056,20,2015,838483,
STATSNZ:AGR_AGR_003(1.0),7058,6,2015,12516,
STATSNZ:AGR_AGR_003(1.0),7064,10,2015,298691,
STATSNZ:AGR_AGR_003(1.0),7066,15,2015,59782,
STATSNZ:AGR_AGR_003(1.0),7068,1,2015,5583,
STATSNZ:AGR_AGR_003(1.0),7072,16,2015,9980,
STATSNZ:AGR_AGR_003(1.0),7074,19,2015,327293,
STATSNZ:AGR_AGR_003(1.0),7184,17,2015,107147,
STATSNZ:AGR_AGR_003(1.0),7188,5,2015,1769,
STATSNZ:AGR_AGR_003(1.0),6731,20,2015,29120827,
STATSNZ:AGR_AGR_003(1.0),6702,17,2015,4203857,
STATSNZ:AGR_AGR_003(1.0),7686,8,2015,12509,
STATSNZ:AGR_AGR_003(1.0),7688,15,2015,47262,
STATSNZ:AGR_AGR_003(1.0),6954,9,2015,14190,
STATSNZ:AGR_AGR_003(1.0),6951,3,2015,674,
STATSNZ:AGR_AGR_003(1.0),7077,13,2016,54063,
STATSNZ:AGR_AGR_003(1.0),7058,4,2016,4779,
STATSNZ:AGR_AGR_003(1.0),7068,20,2016,73972,
STATSNZ:AGR_AGR_003(1.0),7072,14,2016,502,
STATSNZ:AGR_AGR_003(1.0),7074,8,2016,140378,
STATSNZ:AGR_AGR_003(1.0),7184,15,2016,157127,
STATSNZ:AGR_AGR_003(1.0),7188,3,2016,84209,
STATSNZ:AGR_AGR_003(1.0),6702,15,2016,3369545,
STATSNZ:AGR_AGR_003(1.0),7688,13,2016,,c
STATSNZ:AGR_AGR_003(1.0),6954,7,2016,19997,
STATSNZ:AGR_AGR_003(1.0),6951,1,2016,,c
STATSNZ:AGR_AGR_003(1.0),7058,5,2017,10662,
STATSNZ:AGR_AGR_003(1.0),7064,20,2017,482240,
STATSNZ:AGR_AGR_003(1.0),7068,10,2017,52351,
STATSNZ:AGR_AGR_003(1.0),7072,16,2017,13418,
STATSNZ:AGR_AGR_003(1.0),7186,11,2017,359,
STATSNZ:AGR_AGR_003(1.0),7188,18,2017,2,
STATSNZ:AGR_AGR_003(1.0),6731,12,2017,,s
STATSNZ:AGR_AGR_003(1.0),6721,6,2017,1567298,
STATSNZ:AGR_AGR_003(1.0),6723,10,2017,1102636,
STATSNZ:AGR_AGR_003(1.0),6727,7,2017,1220,
STATSNZ:AGR_AGR_003(1.0),6727,15,2017,89747,
STATSNZ:AGR_AGR_003(1.0),6702,16,2017,4057233,
STATSNZ:AGR_AGR_003(1.0),7699,13,2017,6077,
STATSNZ:AGR_AGR_003(1.0),7686,7,2017,916,
STATSNZ:AGR_AGR_003(1.0),7688,14,2017,5806,
STATSNZ:AGR_AGR_003(1.0),6951,2,2017,110,
STATSNZ:AGR_AGR_003(1.0),7077,16,2018,296414,
STATSNZ:AGR_AGR_003(1.0),7059,4,2018,7047,
STATSNZ:AGR_AGR_003(1.0),7065,11,2018,1862,
STATSNZ:AGR_AGR_003(1.0),7066,16,2018,27320,
STATSNZ:AGR_AGR_003(1.0),7067,5,2018,29313,
STATSNZ:AGR_AGR_003(1.0),7074,3,2018,85729,
STATSNZ:AGR_AGR_003(1.0),7074,11,2018,7818,
STATSNZ:AGR_AGR_003(1.0),7184,18,2018,0,
STATSNZ:AGR_AGR_003(1.0),7186,12,2018,,s
STATSNZ:AGR_AGR_003(1.0),7188,6,2018,,s
STATSNZ:AGR_AGR_003(1.0),6731,10,2018,13584445,
STATSNZ:AGR_AGR_003(1.0),6721,7,2018,276747,
STATSNZ:AGR_AGR_003(1.0),6703,2,2018,170758,
STATSNZ:AGR_AGR_003(1.0),6702,18,2018,,s
STATSNZ:AGR_AGR_003(1.0),7696,13,2018,1510,
STATSNZ:AGR_AGR_003(1.0),6949,7,2018,998,
STATSNZ:AGR_AGR_003(1.0),6953,14,2018,,s
STATSNZ:AGR_AGR_003(1.0),7077,7,2019,125144,
STATSNZ:AGR_AGR_003(1.0),7057,14,2019,,s
STATSNZ:AGR_AGR_003(1.0),7064,5,2019,32073,
STATSNZ:AGR_AGR_003(1.0),7066,20,2019,423420,
STATSNZ:AGR_AGR_003(1.0),7068,14,2019,,s
STATSNZ:AGR_AGR_003(1.0),7074,2,2019,15582,
STATSNZ:AGR_AGR_003(1.0),7184,9,2019,13273,
STATSNZ:AGR_AGR_003(1.0),7186,3,2019,,s
STATSNZ:AGR_AGR_003(1.0),6731,4,2019,237906,
STATSNZ:AGR_AGR_003(1.0),6702,9,2019,1179065,
STATSNZ:AGR_AGR_003(1.0),7685,16,2019,15190,
STATSNZ:AGR_AGR_003(1.0),7688,7,2019,378,
STATSNZ:AGR_AGR_003(1.0),6954,1,2019,2960,
STATSNZ:AGR_AGR_003(1.0),6951,8,2019,208,
STATSNZ:AGR_AGR_003(1.0),6951,16,2019,124,
STATSNZ:AGR_AGR_003(1.0),6955,2,2019,24639,
STATSNZ:AGR_AGR_003(1.0),7056,9,2020,40022,
STATSNZ:AGR_AGR_003(1.0),7058,16,2020,11566,
STATSNZ:AGR_AGR_003(1.0),7066,4,2020,13166,
STATSNZ:AGR_AGR_003(1.0),7068,11,2020,,s
STATSNZ:AGR_AGR_003(1.0),6720,7,2020,4006,
STATSNZ:AGR_AGR_003(1.0),6722,14,2020,,s
STATSNZ:AGR_AGR_003(1.0),6724,8,2020,774683,
STATSNZ:AGR_AGR_003(1.0),6738,2,2020,,s
STATSNZ:AGR_AGR_003(1.0),6701,9,2020,92825,
STATSNZ:AGR_AGR_003(1.0),7699,3,2020,69634,
STATSNZ:AGR_AGR_003(1.0),7686,18,2020,0,
STATSNZ:AGR_AGR_003(1.0),6954,6,2020,3965,
STATSNZ:AGR_AGR_003(1.0),6951,13,2020,,s
STATSNZ:AGR_AGR_003(1.0),6955,7,2020,26350,
STATSNZ:AGR_AGR_003(1.0),7810,4,2020,,s
STATSNZ:AGR_AGR_003(1.0),7057,10,2021,110647,
STATSNZ:AGR_AGR_003(1.0),7059,15,2021,43737,
STATSNZ:AGR_AGR_003(1.0),7067,16,2021,40853,
STATSNZ:AGR_AGR_003(1.0),7071,19,2021,16280,
STATSNZ:AGR_AGR_003(1.0),7073,4,2021,9233,
STATSNZ:AGR_AGR_003(1.0),7193,11,2021,49798,
STATSNZ:AGR_AGR_003(1.0),7187,20,2021,4804582,
STATSNZ:AGR_AGR_003(1.0),6738,17,2021,,s
STATSNZ:AGR_AGR_003(1.0),6701,11,2021,9840,
STATSNZ:AGR_AGR_003(1.0),7699,18,2021,0,
STATSNZ:AGR_AGR_003(1.0),7685,2,2021,1787,
STATSNZ:AGR_AGR_003(1.0),7687,9,2021,,s
STATSNZ:AGR_AGR_003(1.0),7696,3,2021,22442,
STATSNZ:AGR_AGR_003(1.0),6949,18,2021,0,
STATSNZ:AGR_AGR_003(1.0),7810,6,2021,1804,
STATSNZ:AGR_AGR_003(1.0),7077,1,2022,370725,
STATSNZ:AGR_AGR_003(1.0),7057,8,2022,23906,
STATSNZ:AGR_AGR_003(1.0),7064,20,2022,494905,
STATSNZ:AGR_AGR_003(1.0),7068,8,2022,9574,
STATSNZ:AGR_AGR_003(1.0),7068,10,2022,49198,
STATSNZ:AGR_AGR_003(1.0),7072,15,2022,23975,
STATSNZ:AGR_AGR_003(1.0),7074,9,2022,32978,
STATSNZ:AGR_AGR_003(1.0),7184,3,2022,206253,
STATSNZ:AGR_AGR_003(1.0),7186,19,2022,29841,
STATSNZ:AGR_AGR_003(1.0),6727,15,2022,90279,
STATSNZ:AGR_AGR_003(1.0),7685,19,2022,80592,
STATSNZ:AGR_AGR_003(1.0),7687,17,2022,80344,
STATSNZ:AGR_AGR_003(1.0),6954,8,2022,14432,
STATSNZ:AGR_AGR_003(1.0),6951,2,2022,91,
STATSNZ:AGR_AGR_003(1.0),6955,9,2022,15473,
STATSNZ:AGR_AGR_003(1.0),6955,17,2022,531,
STATSNZ:AGR_AGR_003(1.0),7056,3,2023,73086,
STATSNZ:AGR_AGR_003(1.0),7058,19,2023,44149,
STATSNZ:AGR_AGR_003(1.0),7064,17,2023,29618,
STATSNZ:AGR_AGR_003(1.0),7068,5,2023,4395,
STATSNZ:AGR_AGR_003(1.0),6731,17,2023,3046823,
STATSNZ:AGR_AGR_003(1.0),6722,8,2023,50529,
STATSNZ:AGR_AGR_003(1.0),6724,15,2023,788010,
STATSNZ:AGR_AGR_003(1.0),6738,9,2023,237772,
STATSNZ:AGR_AGR_003(1.0),6701,3,2023,92204,
STATSNZ:AGR_AGR_003(1.0),7686,4,2023,5476,
STATSNZ:AGR_AGR_003(1.0),7686,12,2023,,s
STATSNZ:AGR_AGR_003(1.0),6954,13,2023,75,
STATSNZ:AGR_AGR_003(1.0),6951,7,2023,108,
STATSNZ:AGR_AGR_003(1.0),6955,14,2023,0,
STATSNZ:AGR_AGR_003(1.0),7056,15,2024,126373,
STATSNZ:AGR_AGR_003(1.0),7058,9,2024,5342,
STATSNZ:AGR_AGR_003(1.0),7064,3,2024,74648,
STATSNZ:AGR_AGR_003(1.0),7066,19,2024,136844,
STATSNZ:AGR_AGR_003(1.0),7074,5,2024,65672,
STATSNZ:AGR_AGR_003(1.0),6731,16,2024,4059897,
STATSNZ:AGR_AGR_003(1.0),6721,19,2024,7492058,
STATSNZ:AGR_AGR_003(1.0),6723,17,2024,218762,
STATSNZ:AGR_AGR_003(1.0),6727,11,2024,,s
STATSNZ:AGR_AGR_003(1.0),6703,5,2024,1114578,
STATSNZ:AGR_AGR_003(1.0),6702,12,2024,,s
STATSNZ:AGR_AGR_003(1.0),7699,17,2024,149122,
STATSNZ:AGR_AGR_003(1.0),7686,3,2024,6963,
STATSNZ:AGR_AGR_003(1.0),7688,18,2024,0,
STATSNZ:AGR_AGR_003(1.0),6954,12,2024,2,
STATSNZ:AGR_AGR_003(1.0),6955,10,2024,159157,
STATSNZ:AGR_AGR_003(1.0),6703,8,1994,5024335,
STATSNZ:AGR_AGR_003(1.0),7190,7,1994,385152,
STATSNZ:AGR_AGR_003(1.0),7074,8,1994,207924,
STATSNZ:AGR_AGR_003(1.0),7687,3,1994,67966,
STATSNZ:AGR_AGR_003(1.0),7696,3,1994,46548,
STATSNZ:AGR_AGR_003(1.0),6738,4,1994,33305,
STATSNZ:AGR_AGR_003(1.0),7184,2,1994,29290,
STATSNZ:AGR_AGR_003(1.0),7685,9,1994,4794,
STATSNZ:AGR_AGR_003(1.0),7193,12,1994,1412,
STATSNZ:AGR_AGR_003(1.0),6702,16,2002,5044898,
STATSNZ:AGR_AGR_003(1.0),6702,3,2002,2056330,
STATSNZ:AGR_AGR_003(1.0),7077,1,2002,468432,
STATSNZ:AGR_AGR_003(1.0),7066,10,2002,313869,
STATSNZ:AGR_AGR_003(1.0),7187,1,2002,297632,
STATSNZ:AGR_AGR_003(1.0),7056,5,2002,97464,
STATSNZ:AGR_AGR_003(1.0),7073,6,2002,72016,
STATSNZ:AGR_AGR_003(1.0),7688,8,2002,27985,
STATSNZ:AGR_AGR_003(1.0),6954,2,2002,14327,
STATSNZ:AGR_AGR_003(1.0),6731,12,2002,11089,
STATSNZ:AGR_AGR_003(1.0),7185,7,2002,7276,
STATSNZ:AGR_AGR_003(1.0),6951,2,2002,250,
STATSNZ:AGR_AGR_003(1.0),7186,11,2002,142,
STATSNZ:AGR_AGR_003(1.0),6701,17,2003,146329,
STATSNZ:AGR_AGR_003(1.0),6703,13,2003,495937,
STATSNZ:AGR_AGR_003(1.0),7059,8,2003,51669,
STATSNZ:AGR_AGR_003(1.0),7067,16,2003,28033,
STATSNZ:AGR_AGR_003(1.0),7071,3,2003,43877,
STATSNZ:AGR_AGR_003(1.0),7072,7,2003,6007,
STATSNZ:AGR_AGR_003(1.0),7699,4,2003,72071,
STATSNZ:AGR_AGR_003(1.0),7077,4,2004,116729,
STATSNZ:AGR_AGR_003(1.0),7064,9,2004,21804,
STATSNZ:AGR_AGR_003(1.0),7184,13,2004,4756,
STATSNZ:AGR_AGR_003(1.0),7187,4,2004,257413,
STATSNZ:AGR_AGR_003(1.0),7190,5,2004,3560,
STATSNZ:AGR_AGR_003(1.0),6720,5,2004,19969,
STATSNZ:AGR_AGR_003(1.0),6722,20,2004,301198,
STATSNZ:AGR_AGR_003(1.0),6703,4,2004,336036,
STATSNZ:AGR_AGR_003(1.0),7688,11,2004,6393,
STATSNZ:AGR_AGR_003(1.0),7696,14,2004,20874,
STATSNZ:AGR_AGR_003(1.0),6955,6,2004,15352,
STATSNZ:AGR_AGR_003(1.0),7056,16,2005,99839,
STATSNZ:AGR_AGR_003(1.0),7064,17,2005,33014,
STATSNZ:AGR_AGR_003(1.0),7190,13,2005,20055,
STATSNZ:AGR_AGR_003(1.0),6731,17,2005,5950627,
STATSNZ:AGR_AGR_003(1.0),6720,7,2005,7427,
STATSNZ:AGR_AGR_003(1.0),6724,8,2005,1080862,
STATSNZ:AGR_AGR_003(1.0),6703,20,2005,33225836,
STATSNZ:AGR_AGR_003(1.0),7685,7,2005,901,
STATSNZ:AGR_AGR_003(1.0),6951,20,2005,5668,
STATSNZ:AGR_AGR_003(1.0),7059,15,2006,36693,
STATSNZ:AGR_AGR_003(1.0),7065,16,2006,6887,
STATSNZ:AGR_AGR_003(1.0),7067,16,2006,33103,
STATSNZ:AGR_AGR_003(1.0),7072,1,2006,47571,
STATSNZ:AGR_AGR_003(1.0),7184,2,2006,16914,
STATSNZ:AGR_AGR_003(1.0),6721,12,2006,11453,
STATSNZ:AGR_AGR_003(1.0),6722,16,2006,35264,
STATSNZ:AGR_AGR_003(1.0),6703,7,2006,547610,
STATSNZ:AGR_AGR_003(1.0),6701,11,2006,14959,
STATSNZ:AGR_AGR_003(1.0),6702,1,2006,356543,
STATSNZ:AGR_AGR_003(1.0),7688,6,2006,25252,
STATSNZ:AGR_AGR_003(1.0),7077,11,2007,51428,
STATSNZ:AGR_AGR_003(1.0),7064,3,2007,83564,
STATSNZ:AGR_AGR_003(1.0),7066,18,2007,794,
STATSNZ:AGR_AGR_003(1.0),7074,13,2007,21025,
STATSNZ:AGR_AGR_003(1.0),7193,17,2007,432642,
STATSNZ:AGR_AGR_003(1.0),7184,7,2007,70769,
STATSNZ:AGR_AGR_003(1.0),7190,12,2007,1084,
STATSNZ:AGR_AGR_003(1.0),6720,20,2007,389810,
STATSNZ:AGR_AGR_003(1.0),6722,13,2007,10288,
STATSNZ:AGR_AGR_003(1.0),6702,13,2007,399092,
STATSNZ:AGR_AGR_003(1.0),7688,5,2007,5776,
STATSNZ:AGR_AGR_003(1.0),7696,8,2007,38163,
STATSNZ:AGR_AGR_003(1.0),6955,10,2007,296367,
STATSNZ:AGR_AGR_003(1.0),7065,5,2008,17644,
STATSNZ:AGR_AGR_003(1.0),7073,10,2008,209798,
STATSNZ:AGR_AGR_003(1.0),7074,4,2008,18385,
STATSNZ:AGR_AGR_003(1.0),7188,20,2008,335565,
STATSNZ:AGR_AGR_003(1.0),6731,14,2008,43156,
STATSNZ:AGR_AGR_003(1.0),6723,15,2008,254040,
STATSNZ:AGR_AGR_003(1.0),7699,14,2008,34955,
STATSNZ:AGR_AGR_003(1.0),6953,15,2008,153403,
STATSNZ:AGR_AGR_003(1.0),7810,15,2008,11755,
STATSNZ:AGR_AGR_003(1.0),7066,17,2009,32915,
STATSNZ:AGR_AGR_003(1.0),7184,20,2009,834850,
STATSNZ:AGR_AGR_003(1.0),7185,3,2009,15104,
STATSNZ:AGR_AGR_003(1.0),7190,4,2009,192010,
STATSNZ:AGR_AGR_003(1.0),6724,20,2009,4667610,
STATSNZ:AGR_AGR_003(1.0),7687,10,2009,170293,
STATSNZ:AGR_AGR_003(1.0),7696,15,2009,123264,
STATSNZ:AGR_AGR_003(1.0),7057,6,2010,13832,
STATSNZ:AGR_AGR_003(1.0),7059,10,2010,247517,
STATSNZ:AGR_AGR_003(1.0),7066,11,2010,6563,
STATSNZ:AGR_AGR_003(1.0),7067,1,2010,46116,
STATSNZ:AGR_AGR_003(1.0),7068,5,2010,3619,
STATSNZ:AGR_AGR_003(1.0),7184,10,2010,505961,
STATSNZ:AGR_AGR_003(1.0),6720,7,2010,6429,
STATSNZ:AGR_AGR_003(1.0),6721,19,2010,11415851,
STATSNZ:AGR_AGR_003(1.0),6949,3,2010,4677,
STATSNZ:AGR_AGR_003(1.0),6951,7,2010,158,
STATSNZ:AGR_AGR_003(1.0),7057,18,2011,992,
STATSNZ:AGR_AGR_003(1.0),7065,20,2011,248427,
STATSNZ:AGR_AGR_003(1.0),7071,7,2011,2847,
STATSNZ:AGR_AGR_003(1.0),6702,4,2011,238282,
STATSNZ:AGR_AGR_003(1.0),7699,8,2011,87969,
STATSNZ:AGR_AGR_003(1.0),6953,15,2011,156303,
STATSNZ:AGR_AGR_003(1.0),7056,12,2012,324,
STATSNZ:AGR_AGR_003(1.0),7064,13,2012,7194,
STATSNZ:AGR_AGR_003(1.0),7065,17,2012,4064,
STATSNZ:AGR_AGR_003(1.0),7067,4,2012,11891,
STATSNZ:AGR_AGR_003(1.0),7073,12,2012,,c
STATSNZ:AGR_AGR_003(1.0),7193,20,2012,6445681,
STATSNZ:AGR_AGR_003(1.0),7184,3,2012,223763,
STATSNZ:AGR_AGR_003(1.0),6721,10,2012,9779623,
STATSNZ:AGR_AGR_003(1.0),6727,14,2012,,s
STATSNZ:AGR_AGR_003(1.0),6738,18,2012,5611,
STATSNZ:AGR_AGR_003(1.0),6701,20,2012,1067346,
STATSNZ:AGR_AGR_003(1.0),7686,10,2012,72082,
STATSNZ:AGR_AGR_003(1.0),7688,15,2012,60521,
STATSNZ:AGR_AGR_003(1.0),7810,14,2012,215,
STATSNZ:AGR_AGR_003(1.0),7064,10,2013,324735,
STATSNZ:AGR_AGR_003(1.0),7065,12,2013,56,
STATSNZ:AGR_AGR_003(1.0),7066,16,2013,30786,
STATSNZ:AGR_AGR_003(1.0),7072,17,2013,4057,
STATSNZ:AGR_AGR_003(1.0),7073,7,2013,,s
STATSNZ:AGR_AGR_003(1.0),7074,11,2013,8843,
STATSNZ:AGR_AGR_003(1.0),7193,1,2013,383057,
STATSNZ:AGR_AGR_003(1.0),7186,12,2013,,c
STATSNZ:AGR_AGR_003(1.0),7188,6,2013,14783,
STATSNZ:AGR_AGR_003(1.0),6721,7,2013,352944,
STATSNZ:AGR_AGR_003(1.0),6738,13,2013,55734,
STATSNZ:AGR_AGR_003(1.0),6701,7,2013,19524,
STATSNZ:AGR_AGR_003(1.0),7685,18,2013,0,
STATSNZ:AGR_AGR_003(1.0),7687,20,2013,497954,
STATSNZ:AGR_AGR_003(1.0),7688,2,2013,,s
STATSNZ:AGR_AGR_003(1.0),7056,10,2014,548005,
STATSNZ:AGR_AGR_003(1.0),7058,15,2014,12662,
STATSNZ:AGR_AGR_003(1.0),7071,1,2014,9737,
STATSNZ:AGR_AGR_003(1.0),7071,7,2014,1644,
STATSNZ:AGR_AGR_003(1.0),7073,1,2014,27706,
STATSNZ:AGR_AGR_003(1.0),7188,8,2014,46657,
STATSNZ:AGR_AGR_003(1.0),6723,3,2014,128907,
STATSNZ:AGR_AGR_003(1.0),6724,7,2014,74410,
STATSNZ:AGR_AGR_003(1.0),6701,8,2014,164496,
STATSNZ:AGR_AGR_003(1.0),7699,2,2014,5595,
STATSNZ:AGR_AGR_003(1.0),7688,3,2014,15350,
STATSNZ:AGR_AGR_003(1.0),6954,18,2014,0,
STATSNZ:AGR_AGR_003(1.0),6953,9,2014,10146,
STATSNZ:AGR_AGR_003(1.0),7810,3,2014,14738,
STATSNZ:AGR_AGR_003(1.0),7059,17,2015,9764,
STATSNZ:AGR_AGR_003(1.0),7064,7,2015,14209,
STATSNZ:AGR_AGR_003(1.0),7065,11,2015,2980,
STATSNZ:AGR_AGR_003(1.0),7073,6,2015,43106,
STATSNZ:AGR_AGR_003(1.0),7184,18,2015,0,
STATSNZ:AGR_AGR_003(1.0),6731,13,2015,453191,
STATSNZ:AGR_AGR_003(1.0),6720,17,2015,39974,
STATSNZ:AGR_AGR_003(1.0),6727,8,2015,5213,
STATSNZ:AGR_AGR_003(1.0),6738,12,2015,,s
STATSNZ:AGR_AGR_003(1.0),6703,2,2015,167106,
STATSNZ:AGR_AGR_003(1.0),7810,8,2015,3982,
STATSNZ:AGR_AGR_003(1.0),7059,15,2016,41819,
STATSNZ:AGR_AGR_003(1.0),7064,5,2016,34228,
STATSNZ:AGR_AGR_003(1.0),7065,9,2016,4173,
STATSNZ:AGR_AGR_003(1.0),7073,4,2016,6778,
STATSNZ:AGR_AGR_003(1.0),7184,16,2016,48786,
STATSNZ:AGR_AGR_003(1.0),6731,11,2016,253149,
STATSNZ:AGR_AGR_003(1.0),6720,15,2016,40810,
STATSNZ:AGR_AGR_003(1.0),6727,6,2016,4521,
STATSNZ:AGR_AGR_003(1.0),6738,19,2016,1160250,
STATSNZ:AGR_AGR_003(1.0),6703,10,2016,12079706,
STATSNZ:AGR_AGR_003(1.0),7810,6,2016,1893,
STATSNZ:AGR_AGR_003(1.0),7057,1,2017,13908,
STATSNZ:AGR_AGR_003(1.0),7059,16,2017,16544,
STATSNZ:AGR_AGR_003(1.0),7071,11,2017,615,
STATSNZ:AGR_AGR_003(1.0),7072,15,2017,24278,
STATSNZ:AGR_AGR_003(1.0),6720,16,2017,43346,
STATSNZ:AGR_AGR_003(1.0),6738,11,2017,35269,
STATSNZ:AGR_AGR_003(1.0),7685,3,2017,8130,
STATSNZ:AGR_AGR_003(1.0),7686,6,2017,12590,
STATSNZ:AGR_AGR_003(1.0),7687,18,2017,0,
STATSNZ:AGR_AGR_003(1.0),6953,13,2017,1221,
STATSNZ:AGR_AGR_003(1.0),6955,17,2017,967,
STATSNZ:AGR_AGR_003(1.0),7810,7,2017,1319,
STATSNZ:AGR_AGR_003(1.0),7064,8,2018,73026,
STATSNZ:AGR_AGR_003(1.0),7065,12,2018,,s
STATSNZ:AGR_AGR_003(1.0),7071,13,2018,,s
STATSNZ:AGR_AGR_003(1.0),7072,3,2018,42407,
STATSNZ:AGR_AGR_003(1.0),7073,7,2018,7431,
STATSNZ:AGR_AGR_003(1.0),7185,8,2018,,s
STATSNZ:AGR_AGR_003(1.0),7187,2,2018,90444,
STATSNZ:AGR_AGR_003(1.0),6731,14,2018,,s
STATSNZ:AGR_AGR_003(1.0),6720,3,2018,18926,
STATSNZ:AGR_AGR_003(1.0),6727,9,2018,1762,
STATSNZ:AGR_AGR_003(1.0),6738,13,2018,,s
STATSNZ:AGR_AGR_003(1.0),6703,3,2018,1450950,
STATSNZ:AGR_AGR_003(1.0),7699,14,2018,23648,
STATSNZ:AGR_AGR_003(1.0),6954,9,2018,7905,
STATSNZ:AGR_AGR_003(1.0),6955,18,2018,0,
STATSNZ:AGR_AGR_003(1.0),7058,18,2019,,s
STATSNZ:AGR_AGR_003(1.0),7064,20,2019,504842,
STATSNZ:AGR_AGR_003(1.0),7071,17,2019,,s
STATSNZ:AGR_AGR_003(1.0),7185,20,2019,68619,
STATSNZ:AGR_AGR_003(1.0),7188,18,2019,0,
STATSNZ:AGR_AGR_003(1.0),6731,5,2019,1380146,
STATSNZ:AGR_AGR_003(1.0),6720,9,2019,12138,
STATSNZ:AGR_AGR_003(1.0),6724,19,2019,2160155,
STATSNZ:AGR_AGR_003(1.0),6727,10,2019,32364,
STATSNZ:AGR_AGR_003(1.0),6738,4,2019,,s
STATSNZ:AGR_AGR_003(1.0),7699,5,2019,,s
STATSNZ:AGR_AGR_003(1.0),7686,20,2019,170243,
STATSNZ:AGR_AGR_003(1.0),6954,10,2019,84097,
STATSNZ:AGR_AGR_003(1.0),6951,15,2019,3393,
STATSNZ:AGR_AGR_003(1.0),6955,9,2019,26944,
STATSNZ:AGR_AGR_003(1.0),7810,6,2019,1754,
STATSNZ:AGR_AGR_003(1.0),7057,12,2020,41,
STATSNZ:AGR_AGR_003(1.0),7064,3,2020,61843,
STATSNZ:AGR_AGR_003(1.0),7066,18,2020,,s
STATSNZ:AGR_AGR_003(1.0),7068,12,2020,,s
STATSNZ:AGR_AGR_003(1.0),7193,4,2020,294791,
STATSNZ:AGR_AGR_003(1.0),7184,7,2020,74855,
STATSNZ:AGR_AGR_003(1.0),7187,18,2020,0,
STATSNZ:AGR_AGR_003(1.0),7190,20,2020,4512742,
STATSNZ:AGR_AGR_003(1.0),6731,2,2020,180218,
STATSNZ:AGR_AGR_003(1.0),6702,13,2020,389998,
STATSNZ:AGR_AGR_003(1.0),7685,14,2020,1380,
STATSNZ:AGR_AGR_003(1.0),7688,5,2020,,s
STATSNZ:AGR_AGR_003(1.0),6954,20,2020,234533,
STATSNZ:AGR_AGR_003(1.0),6955,10,2020,192094,
STATSNZ:AGR_AGR_003(1.0),7077,13,2021,62509,
STATSNZ:AGR_AGR_003(1.0),7056,17,2021,48820,
STATSNZ:AGR_AGR_003(1.0),7057,7,2021,,s
STATSNZ:AGR_AGR_003(1.0),7065,8,2021,48155,
STATSNZ:AGR_AGR_003(1.0),7066,12,2021,302,
STATSNZ:AGR_AGR_003(1.0),7068,20,2021,71360,
STATSNZ:AGR_AGR_003(1.0),7073,18,2021,,s
STATSNZ:AGR_AGR_003(1.0),7074,7,2021,33235,
STATSNZ:AGR_AGR_003(1.0),7187,13,2021,,s
STATSNZ:AGR_AGR_003(1.0),6720,14,2021,,s
STATSNZ:AGR_AGR_003(1.0),6721,18,2021,,s
STATSNZ:AGR_AGR_003(1.0),6723,20,2021,1863573,
STATSNZ:AGR_AGR_003(1.0),6703,10,2021,11317236,
STATSNZ:AGR_AGR_003(1.0),6702,15,2021,2985287,
STATSNZ:AGR_AGR_003(1.0),7696,19,2021,224451,
STATSNZ:AGR_AGR_003(1.0),6954,14,2021,140,
STATSNZ:AGR_AGR_003(1.0),6951,1,2021,30,
STATSNZ:AGR_AGR_003(1.0),7058,12,2022,,s
STATSNZ:AGR_AGR_003(1.0),7059,16,2022,22285,
STATSNZ:AGR_AGR_003(1.0),7064,6,2022,48398,
STATSNZ:AGR_AGR_003(1.0),7068,7,2022,5911,
STATSNZ:AGR_AGR_003(1.0),7071,11,2022,447,
STATSNZ:AGR_AGR_003(1.0),7188,18,2022,0,
STATSNZ:AGR_AGR_003(1.0),6731,12,2022,,s
STATSNZ:AGR_AGR_003(1.0),6724,17,2022,460497,
STATSNZ:AGR_AGR_003(1.0),6727,7,2022,294,
STATSNZ:AGR_AGR_003(1.0),7699,20,2022,794109,
STATSNZ:AGR_AGR_003(1.0),7686,14,2022,5481,
STATSNZ:AGR_AGR_003(1.0),7687,18,2022,0,
STATSNZ:AGR_AGR_003(1.0),6951,9,2022,97,
STATSNZ:AGR_AGR_003(1.0),6953,13,2022,58,
STATSNZ:AGR_AGR_003(1.0),6955,3,2022,91199,
STATSNZ:AGR_AGR_003(1.0),7077,5,2023,227786,
STATSNZ:AGR_AGR_003(1.0),7057,6,2023,14397,
STATSNZ:AGR_AGR_003(1.0),7068,6,2023,,s
STATSNZ:AGR_AGR_003(1.0),7073,17,2023,,s
STATSNZ:AGR_AGR_003(1.0),7074,7,2023,,s
STATSNZ:AGR_AGR_003(1.0),7184,1,2023,39384,
STATSNZ:AGR_AGR_003(1.0),7187,12,2023,,s
STATSNZ:AGR_AGR_003(1.0),7188,2,2023,,s
STATSNZ:AGR_AGR_003(1.0),7190,6,2023,,s
STATSNZ:AGR_AGR_003(1.0),6724,1,2023,36394,
STATSNZ:AGR_AGR_003(1.0),6738,16,2023,339498,
STATSNZ:AGR_AGR_003(1.0),6702,7,2023,335985,
STATSNZ:AGR_AGR_003(1.0),7685,8,2023,,s
STATSNZ:AGR_AGR_003(1.0),7687,8,2023,16615,
STATSNZ:AGR_AGR_003(1.0),6953,3,2023,35714,
STATSNZ:AGR_AGR_003(1.0),6955,7,2023,20210,
STATSNZ:AGR_AGR_003(1.0),7059,20,2024,322038,
STATSNZ:AGR_AGR_003(1.0),7064,2,2024,15238,
STATSNZ:AGR_AGR_003(1.0),7065,14,2024,948,
STATSNZ:AGR_AGR_003(1.0),7066,18,2024,185,
STATSNZ:AGR_AGR_003(1.0),7074,13,2024,,s
STATSNZ:AGR_AGR_003(1.0),7184,13,2024,1445,
STATSNZ:AGR_AGR_003(1.0),7186,14,2024,,s
STATSNZ:AGR_AGR_003(1.0),7190,5,2024,,s
STATSNZ:AGR_AGR_003(1.0),6724,10,2024,1891387,
STATSNZ:AGR_AGR_003(1.0),6738,15,2024,757111,
STATSNZ:AGR_AGR_003(1.0),6701,9,2024,72385,
STATSNZ:AGR_AGR_003(1.0),7688,4,2024,3146,
STATSNZ:AGR_AGR_003(1.0),6949,15,2024,,s
STATSNZ:AGR_AGR_003(1.0),6724,3,1994,628854,
STATSNZ:AGR_AGR_003(1.0),7688,20,1994,208280,
STATSNZ:AGR_AGR_003(1.0),6721,12,1994,10734,
STATSNZ:AGR_AGR_003(1.0),7688,7,1994,3475,
STATSNZ:AGR_AGR_003(1.0),6954,14,1994,2396,
STATSNZ:AGR_AGR_003(1.0),7186,17,1994,661,
STATSNZ:AGR_AGR_003(1.0),7077,15,2002,505461,
STATSNZ:AGR_AGR_003(1.0),6738,5,2002,160834,
STATSNZ:AGR_AGR_003(1.0),7190,16,2002,113032,
STATSNZ:AGR_AGR_003(1.0),7065,19,2002,55650,
STATSNZ:AGR_AGR_003(1.0),6722,17,2002,49291,
STATSNZ:AGR_AGR_003(1.0),6724,11,2002,43691,
STATSNZ:AGR_AGR_003(1.0),7059,16,2002,21226,
STATSNZ:AGR_AGR_003(1.0),7067,4,2002,16025,
STATSNZ:AGR_AGR_003(1.0),7685,3,2002,13405,
STATSNZ:AGR_AGR_003(1.0),7057,9,2002,5419,
STATSNZ:AGR_AGR_003(1.0),7810,7,2002,2390,
STATSNZ:AGR_AGR_003(1.0),6722,4,2002,2319,
STATSNZ:AGR_AGR_003(1.0),7696,12,2002,751,
STATSNZ:AGR_AGR_003(1.0),6703,14,2003,74070,
STATSNZ:AGR_AGR_003(1.0),6720,14,2003,1129,
STATSNZ:AGR_AGR_003(1.0),6723,5,2003,125791,
STATSNZ:AGR_AGR_003(1.0),6727,20,2003,741947,
STATSNZ:AGR_AGR_003(1.0),6953,4,2003,9607,
STATSNZ:AGR_AGR_003(1.0),7057,10,2003,105244,
STATSNZ:AGR_AGR_003(1.0),7059,7,2003,6755,
STATSNZ:AGR_AGR_003(1.0),7077,6,2003,574403,
STATSNZ:AGR_AGR_003(1.0),7190,7,2003,402546,
STATSNZ:AGR_AGR_003(1.0),7687,9,2003,13276,
STATSNZ:AGR_AGR_003(1.0),7696,16,2003,86416,
STATSNZ:AGR_AGR_003(1.0),7058,1,2004,15797,
STATSNZ:AGR_AGR_003(1.0),7059,6,2004,48839,
STATSNZ:AGR_AGR_003(1.0),7065,13,2004,3384,
STATSNZ:AGR_AGR_003(1.0),7071,1,2004,17767,
STATSNZ:AGR_AGR_003(1.0),7073,8,2004,53603,
STATSNZ:AGR_AGR_003(1.0),6738,8,2004,502786,
STATSNZ:AGR_AGR_003(1.0),6701,15,2004,175834,
STATSNZ:AGR_AGR_003(1.0),7686,3,2004,31327,
STATSNZ:AGR_AGR_003(1.0),7688,19,2004,236459,
STATSNZ:AGR_AGR_003(1.0),7696,15,2004,174679,
STATSNZ:AGR_AGR_003(1.0),6953,16,2004,18480,
STATSNZ:AGR_AGR_003(1.0),7810,19,2004,23261,
STATSNZ:AGR_AGR_003(1.0),7056,2,2005,25473,
STATSNZ:AGR_AGR_003(1.0),7184,8,2005,65050,
STATSNZ:AGR_AGR_003(1.0),6720,10,2005,188529,
STATSNZ:AGR_AGR_003(1.0),6724,1,2005,88892,
STATSNZ:AGR_AGR_003(1.0),6738,16,2005,354727,
STATSNZ:AGR_AGR_003(1.0),7699,4,2005,58785,
STATSNZ:AGR_AGR_003(1.0),7686,11,2005,6923,
STATSNZ:AGR_AGR_003(1.0),6954,20,2005,341465,
STATSNZ:AGR_AGR_003(1.0),6951,6,2005,37,
STATSNZ:AGR_AGR_003(1.0),7077,13,2006,67830,
STATSNZ:AGR_AGR_003(1.0),7059,1,2006,44271,
STATSNZ:AGR_AGR_003(1.0),7185,13,2006,298,
STATSNZ:AGR_AGR_003(1.0),7190,14,2006,95120,
STATSNZ:AGR_AGR_003(1.0),6720,8,2006,64618,
STATSNZ:AGR_AGR_003(1.0),6723,20,2006,3022987,
STATSNZ:AGR_AGR_003(1.0),6703,10,2006,15849845,
STATSNZ:AGR_AGR_003(1.0),6702,15,2006,5704776,
STATSNZ:AGR_AGR_003(1.0),7687,3,2006,58860,
STATSNZ:AGR_AGR_003(1.0),7696,19,2006,421207,
STATSNZ:AGR_AGR_003(1.0),7058,16,2007,5995,
STATSNZ:AGR_AGR_003(1.0),7059,13,2007,5916,
STATSNZ:AGR_AGR_003(1.0),7065,7,2007,10490,
STATSNZ:AGR_AGR_003(1.0),7067,14,2007,3723,
STATSNZ:AGR_AGR_003(1.0),7073,2,2007,6645,
STATSNZ:AGR_AGR_003(1.0),6722,14,2007,1518,
STATSNZ:AGR_AGR_003(1.0),6738,2,2007,48106,
STATSNZ:AGR_AGR_003(1.0),6701,9,2007,77740,
STATSNZ:AGR_AGR_003(1.0),7699,16,2007,188103,
STATSNZ:AGR_AGR_003(1.0),7688,4,2007,11629,
STATSNZ:AGR_AGR_003(1.0),6949,16,2007,1679,
STATSNZ:AGR_AGR_003(1.0),7810,4,2007,2198,
STATSNZ:AGR_AGR_003(1.0),7056,13,2008,22030,
STATSNZ:AGR_AGR_003(1.0),7058,7,2008,6978,
STATSNZ:AGR_AGR_003(1.0),7064,1,2008,62612,
STATSNZ:AGR_AGR_003(1.0),7066,8,2008,62720,
STATSNZ:AGR_AGR_003(1.0),7066,16,2008,30530,
STATSNZ:AGR_AGR_003(1.0),7074,11,2008,12272,
STATSNZ:AGR_AGR_003(1.0),7184,5,2008,4245,
STATSNZ:AGR_AGR_003(1.0),7190,3,2008,1159356,
STATSNZ:AGR_AGR_003(1.0),7699,15,2008,340882,
STATSNZ:AGR_AGR_003(1.0),7688,16,2008,35723,
STATSNZ:AGR_AGR_003(1.0),6954,19,2008,199795,
STATSNZ:AGR_AGR_003(1.0),7057,5,2009,9668,
STATSNZ:AGR_AGR_003(1.0),7065,6,2009,25613,
STATSNZ:AGR_AGR_003(1.0),7067,10,2009,272708,
STATSNZ:AGR_AGR_003(1.0),7073,1,2009,39050,
STATSNZ:AGR_AGR_003(1.0),7193,16,2009,257049,
STATSNZ:AGR_AGR_003(1.0),7187,4,2009,225465,
STATSNZ:AGR_AGR_003(1.0),7190,11,2009,49162,
STATSNZ:AGR_AGR_003(1.0),6720,5,2009,22245,
STATSNZ:AGR_AGR_003(1.0),6721,2,2009,182084,
STATSNZ:AGR_AGR_003(1.0),7687,14,2009,19216,
STATSNZ:AGR_AGR_003(1.0),6949,15,2009,18043,
STATSNZ:AGR_AGR_003(1.0),6953,9,2009,16507,
STATSNZ:AGR_AGR_003(1.0),7810,3,2009,14687,
STATSNZ:AGR_AGR_003(1.0),7071,16,2010,1759,
STATSNZ:AGR_AGR_003(1.0),7193,4,2010,306884,
STATSNZ:AGR_AGR_003(1.0),7187,5,2010,4941,
STATSNZ:AGR_AGR_003(1.0),6721,3,2010,1367673,
STATSNZ:AGR_AGR_003(1.0),6723,18,2010,6658,
STATSNZ:AGR_AGR_003(1.0),6703,6,2010,2636466,
STATSNZ:AGR_AGR_003(1.0),6702,10,2010,12703154,
STATSNZ:AGR_AGR_003(1.0),7685,7,2010,462,
STATSNZ:AGR_AGR_003(1.0),7687,1,2010,3045,
STATSNZ:AGR_AGR_003(1.0),7056,7,2011,23619,
STATSNZ:AGR_AGR_003(1.0),7066,2,2011,18788,
STATSNZ:AGR_AGR_003(1.0),7068,17,2011,5398,
STATSNZ:AGR_AGR_003(1.0),7072,11,2011,2147,
STATSNZ:AGR_AGR_003(1.0),7074,18,2011,5305,
STATSNZ:AGR_AGR_003(1.0),7186,6,2011,700,
STATSNZ:AGR_AGR_003(1.0),7188,13,2011,2184,
STATSNZ:AGR_AGR_003(1.0),7699,9,2011,17367,
STATSNZ:AGR_AGR_003(1.0),7686,16,2011,32058,
STATSNZ:AGR_AGR_003(1.0),6954,4,2011,6748,
STATSNZ:AGR_AGR_003(1.0),7077,1,2012,380719,
STATSNZ:AGR_AGR_003(1.0),7057,8,2012,22937,
STATSNZ:AGR_AGR_003(1.0),7185,14,2012,2695,
STATSNZ:AGR_AGR_003(1.0),7187,8,2012,357475,
STATSNZ:AGR_AGR_003(1.0),7190,15,2012,636413,
STATSNZ:AGR_AGR_003(1.0),6722,3,2012,11888,
STATSNZ:AGR_AGR_003(1.0),6727,15,2012,134900,
STATSNZ:AGR_AGR_003(1.0),6702,3,2012,1448288,
STATSNZ:AGR_AGR_003(1.0),6702,16,2012,4530196,
STATSNZ:AGR_AGR_003(1.0),7685,19,2012,55479,
STATSNZ:AGR_AGR_003(1.0),7687,4,2012,18622,
STATSNZ:AGR_AGR_003(1.0),6949,5,2012,211,
STATSNZ:AGR_AGR_003(1.0),6953,20,2012,276200,
STATSNZ:AGR_AGR_003(1.0),7064,8,2013,66997,
STATSNZ:AGR_AGR_003(1.0),7066,15,2013,71829,
STATSNZ:AGR_AGR_003(1.0),7068,9,2013,2528,
STATSNZ:AGR_AGR_003(1.0),7073,10,2013,205436,
STATSNZ:AGR_AGR_003(1.0),7193,7,2013,595014,
STATSNZ:AGR_AGR_003(1.0),7193,15,2013,1304618,
STATSNZ:AGR_AGR_003(1.0),7187,16,2013,272077,
STATSNZ:AGR_AGR_003(1.0),7190,19,2013,1340810,
STATSNZ:AGR_AGR_003(1.0),6720,4,2013,3660,
STATSNZ:AGR_AGR_003(1.0),6722,11,2013,737,
STATSNZ:AGR_AGR_003(1.0),6738,20,2013,3080079,
STATSNZ:AGR_AGR_003(1.0),6954,17,2013,1091,
STATSNZ:AGR_AGR_003(1.0),6951,11,2013,0,
STATSNZ:AGR_AGR_003(1.0),6955,18,2013,,c
STATSNZ:AGR_AGR_003(1.0),7056,1,2014,68486,
STATSNZ:AGR_AGR_003(1.0),7058,8,2014,21247,
STATSNZ:AGR_AGR_003(1.0),7064,2,2014,16154,
STATSNZ:AGR_AGR_003(1.0),7066,17,2014,15860,
STATSNZ:AGR_AGR_003(1.0),7072,18,2014,,c
STATSNZ:AGR_AGR_003(1.0),7074,12,2014,403,
STATSNZ:AGR_AGR_003(1.0),7186,10,2014,28895,
STATSNZ:AGR_AGR_003(1.0),7188,7,2014,28903,
STATSNZ:AGR_AGR_003(1.0),6724,20,2014,4189670,
STATSNZ:AGR_AGR_003(1.0),7686,19,2014,144712,
STATSNZ:AGR_AGR_003(1.0),7688,17,2014,42844,
STATSNZ:AGR_AGR_003(1.0),6954,11,2014,307,
STATSNZ:AGR_AGR_003(1.0),6951,5,2014,,c
STATSNZ:AGR_AGR_003(1.0),6955,20,2014,636922,
STATSNZ:AGR_AGR_003(1.0),7057,2,2015,5067,
STATSNZ:AGR_AGR_003(1.0),7193,14,2015,182298,
STATSNZ:AGR_AGR_003(1.0),7187,2,2015,91258,
STATSNZ:AGR_AGR_003(1.0),7190,9,2015,64100,
STATSNZ:AGR_AGR_003(1.0),6720,3,2015,18973,
STATSNZ:AGR_AGR_003(1.0),6724,4,2015,38065,
STATSNZ:AGR_AGR_003(1.0),6727,9,2015,2176,
STATSNZ:AGR_AGR_003(1.0),6703,16,2015,4545324,
STATSNZ:AGR_AGR_003(1.0),6702,19,2015,12833299,
STATSNZ:AGR_AGR_003(1.0),7685,4,2015,2870,
STATSNZ:AGR_AGR_003(1.0),7687,11,2015,5993,
STATSNZ:AGR_AGR_003(1.0),7696,5,2015,6569,
STATSNZ:AGR_AGR_003(1.0),6949,20,2015,26562,
STATSNZ:AGR_AGR_003(1.0),7810,10,2015,27403,
STATSNZ:AGR_AGR_003(1.0),7057,10,2016,83300,
STATSNZ:AGR_AGR_003(1.0),7073,18,2016,0,
STATSNZ:AGR_AGR_003(1.0),7193,12,2016,2330,
STATSNZ:AGR_AGR_003(1.0),7187,10,2016,3161477,
STATSNZ:AGR_AGR_003(1.0),7190,7,2016,388563,
STATSNZ:AGR_AGR_003(1.0),6724,2,2016,27240,
STATSNZ:AGR_AGR_003(1.0),6703,14,2016,23504,
STATSNZ:AGR_AGR_003(1.0),7685,2,2016,2551,
STATSNZ:AGR_AGR_003(1.0),7687,9,2016,8220,
STATSNZ:AGR_AGR_003(1.0),7696,3,2016,22117,
STATSNZ:AGR_AGR_003(1.0),7056,5,2017,72468,
STATSNZ:AGR_AGR_003(1.0),7058,12,2017,,s
STATSNZ:AGR_AGR_003(1.0),7065,3,2017,42039,
STATSNZ:AGR_AGR_003(1.0),7071,4,2017,2942,
STATSNZ:AGR_AGR_003(1.0),7071,12,2017,0,
STATSNZ:AGR_AGR_003(1.0),7193,13,2017,25315,
STATSNZ:AGR_AGR_003(1.0),7185,7,2017,3882,
STATSNZ:AGR_AGR_003(1.0),7190,8,2017,300688,
STATSNZ:AGR_AGR_003(1.0),6720,2,2017,3422,
STATSNZ:AGR_AGR_003(1.0),7686,14,2017,5656,
STATSNZ:AGR_AGR_003(1.0),6954,15,2017,173039,
STATSNZ:AGR_AGR_003(1.0),6949,12,2017,6,
STATSNZ:AGR_AGR_003(1.0),6953,6,2017,1567,
STATSNZ:AGR_AGR_003(1.0),7810,13,2017,257,
STATSNZ:AGR_AGR_003(1.0),7056,6,2018,101677,
STATSNZ:AGR_AGR_003(1.0),7057,3,2018,17962,
STATSNZ:AGR_AGR_003(1.0),7065,4,2018,5795,
STATSNZ:AGR_AGR_003(1.0),7193,15,2018,1326513,
STATSNZ:AGR_AGR_003(1.0),7187,16,2018,258609,
STATSNZ:AGR_AGR_003(1.0),7190,19,2018,1749975,
STATSNZ:AGR_AGR_003(1.0),6720,4,2018,3536,
STATSNZ:AGR_AGR_003(1.0),6722,11,2018,,s
STATSNZ:AGR_AGR_003(1.0),6724,5,2018,218166,
STATSNZ:AGR_AGR_003(1.0),6738,20,2018,2952060,
STATSNZ:AGR_AGR_003(1.0),6701,6,2018,113575,
STATSNZ:AGR_AGR_003(1.0),6701,14,2018,,s
STATSNZ:AGR_AGR_003(1.0),7686,15,2018,58017,
STATSNZ:AGR_AGR_003(1.0),7687,12,2018,0,
STATSNZ:AGR_AGR_003(1.0),7696,6,2018,15812,
STATSNZ:AGR_AGR_003(1.0),6949,13,2018,158,
STATSNZ:AGR_AGR_003(1.0),7810,1,2018,1643,
STATSNZ:AGR_AGR_003(1.0),7077,10,2019,2707287,
STATSNZ:AGR_AGR_003(1.0),7071,18,2019,0,
STATSNZ:AGR_AGR_003(1.0),7193,6,2019,78002,
STATSNZ:AGR_AGR_003(1.0),7185,13,2019,,s
STATSNZ:AGR_AGR_003(1.0),7190,1,2019,227798,
STATSNZ:AGR_AGR_003(1.0),6720,8,2019,53266,
STATSNZ:AGR_AGR_003(1.0),6722,2,2019,,s
STATSNZ:AGR_AGR_003(1.0),6724,17,2019,444556,
STATSNZ:AGR_AGR_003(1.0),6703,8,2019,4524811,
STATSNZ:AGR_AGR_003(1.0),6702,15,2019,3293141,
STATSNZ:AGR_AGR_003(1.0),7685,9,2019,,s
STATSNZ:AGR_AGR_003(1.0),7687,3,2019,30912,
STATSNZ:AGR_AGR_003(1.0),6949,4,2019,185,
STATSNZ:AGR_AGR_003(1.0),7057,13,2020,,s
STATSNZ:AGR_AGR_003(1.0),7065,14,2020,438,
STATSNZ:AGR_AGR_003(1.0),7067,8,2020,65955,
STATSNZ:AGR_AGR_003(1.0),7071,15,2020,,s
STATSNZ:AGR_AGR_003(1.0),7193,3,2020,1766690,
STATSNZ:AGR_AGR_003(1.0),7186,15,2020,,s
STATSNZ:AGR_AGR_003(1.0),6731,3,2020,1406552,
STATSNZ:AGR_AGR_003(1.0),6721,19,2020,8861142,
STATSNZ:AGR_AGR_003(1.0),6723,4,2020,,s
STATSNZ:AGR_AGR_003(1.0),6702,20,2020,21774804,
STATSNZ:AGR_AGR_003(1.0),6949,19,2020,15539,
STATSNZ:AGR_AGR_003(1.0),6953,17,2020,,s
STATSNZ:AGR_AGR_003(1.0),7072,14,2021,,s
STATSNZ:AGR_AGR_003(1.0),7074,8,2021,151323,
STATSNZ:AGR_AGR_003(1.0),7184,15,2021,204712,
STATSNZ:AGR_AGR_003(1.0),7188,3,2021,90174,
STATSNZ:AGR_AGR_003(1.0),6731,18,2021,,s
STATSNZ:AGR_AGR_003(1.0),6731,19,2021,13046547,
STATSNZ:AGR_AGR_003(1.0),6724,3,2021,211517,
STATSNZ:AGR_AGR_003(1.0),6738,19,2021,1201253,
STATSNZ:AGR_AGR_003(1.0),6701,17,2021,156509,
STATSNZ:AGR_AGR_003(1.0),7686,5,2021,,s
STATSNZ:AGR_AGR_003(1.0),7688,20,2021,151697,
STATSNZ:AGR_AGR_003(1.0),7057,1,2022,11181,
STATSNZ:AGR_AGR_003(1.0),7071,12,2022,,s
STATSNZ:AGR_AGR_003(1.0),7185,7,2022,6749,
STATSNZ:AGR_AGR_003(1.0),7187,14,2022,118873,
STATSNZ:AGR_AGR_003(1.0),7190,8,2022,281328,
STATSNZ:AGR_AGR_003(1.0),6720,2,2022,3106,
STATSNZ:AGR_AGR_003(1.0),6724,11,2022,35125,
STATSNZ:AGR_AGR_003(1.0),6738,18,2022,6617,
STATSNZ:AGR_AGR_003(1.0),6702,9,2022,1019665,
STATSNZ:AGR_AGR_003(1.0),7685,3,2022,7291,
STATSNZ:AGR_AGR_003(1.0),7687,19,2022,253484,
STATSNZ:AGR_AGR_003(1.0),6953,5,2022,52,
STATSNZ:AGR_AGR_003(1.0),7059,14,2023,1449,
STATSNZ:AGR_AGR_003(1.0),7067,2,2023,11076,
STATSNZ:AGR_AGR_003(1.0),7071,9,2023,,s
STATSNZ:AGR_AGR_003(1.0),7073,3,2023,,s
STATSNZ:AGR_AGR_003(1.0),7193,18,2023,0,
STATSNZ:AGR_AGR_003(1.0),7186,9,2023,,s
STATSNZ:AGR_AGR_003(1.0),7188,16,2023,,s
STATSNZ:AGR_AGR_003(1.0),6731,19,2023,12357269,
STATSNZ:AGR_AGR_003(1.0),6721,4,2023,146601,
STATSNZ:AGR_AGR_003(1.0),6727,5,2023,,s
STATSNZ:AGR_AGR_003(1.0),6703,20,2023,21040389,
STATSNZ:AGR_AGR_003(1.0),7685,10,2023,47113,
STATSNZ:AGR_AGR_003(1.0),7687,16,2023,50128,
STATSNZ:AGR_AGR_003(1.0),6953,11,2023,,s
STATSNZ:AGR_AGR_003(1.0),7810,18,2023,0,
STATSNZ:AGR_AGR_003(1.0),7059,13,2024,2914,
STATSNZ:AGR_AGR_003(1.0),7065,7,2024,,s
STATSNZ:AGR_AGR_003(1.0),7067,14,2024,3773,
STATSNZ:AGR_AGR_003(1.0),7071,8,2024,8637,
STATSNZ:AGR_AGR_003(1.0),7073,2,2024,2132,
STATSNZ:AGR_AGR_003(1.0),7193,9,2024,83339,
STATSNZ:AGR_AGR_003(1.0),7193,17,2024,717930,
STATSNZ:AGR_AGR_003(1.0),7187,18,2024,0,
STATSNZ:AGR_AGR_003(1.0),7190,12,2024,813,
STATSNZ:AGR_AGR_003(1.0),6720,6,2024,21759,
STATSNZ:AGR_AGR_003(1.0),6722,13,2024,7755,
STATSNZ:AGR_AGR_003(1.0),6727,4,2024,435,
STATSNZ:AGR_AGR_003(1.0),6949,16,2024,667,
STATSNZ:AGR_AGR_003(1.0),7810,4,2024,704,
STATSNZ:AGR_AGR_003(1.0),7696,20,1994,370496,
STATSNZ:AGR_AGR_003(1.0),7686,19,1994,121751,
STATSNZ:AGR_AGR_003(1.0),7685,15,1994,53986,
STATSNZ:AGR_AGR_003(1.0),7696,16,1994,27579,
STATSNZ:AGR_AGR_003(1.0),7688,6,1994,20031,
STATSNZ:AGR_AGR_003(1.0),7688,4,1994,14635,
STATSNZ:AGR_AGR_003(1.0),7688,2,1994,6269,
STATSNZ:AGR_AGR_003(1.0),7064,20,2002,574996,
STATSNZ:AGR_AGR_003(1.0),7073,10,2002,372649,
STATSNZ:AGR_AGR_003(1.0),7074,19,2002,325409,
STATSNZ:AGR_AGR_003(1.0),7184,4,2002,68118,
STATSNZ:AGR_AGR_003(1.0),7067,3,2002,63092,
STATSNZ:AGR_AGR_003(1.0),7067,1,2002,41169,
STATSNZ:AGR_AGR_003(1.0),7073,15,2002,37911,
STATSNZ:AGR_AGR_003(1.0),7059,2,2002,23294,
STATSNZ:AGR_AGR_003(1.0),7072,5,2002,20226,
STATSNZ:AGR_AGR_003(1.0),7073,17,2002,16439,
STATSNZ:AGR_AGR_003(1.0),7810,2,2002,8470,
STATSNZ:AGR_AGR_003(1.0),6949,3,2002,6895,
STATSNZ:AGR_AGR_003(1.0),7810,17,2002,5097,
STATSNZ:AGR_AGR_003(1.0),6951,15,2002,2638,
STATSNZ:AGR_AGR_003(1.0),6949,1,2002,761,
STATSNZ:AGR_AGR_003(1.0),6949,5,2002,424,
STATSNZ:AGR_AGR_003(1.0),6702,3,2003,1936488,
STATSNZ:AGR_AGR_003(1.0),6702,5,2003,1409792,
STATSNZ:AGR_AGR_003(1.0),6951,17,2003,101,
STATSNZ:AGR_AGR_003(1.0),6954,8,2003,33200,
STATSNZ:AGR_AGR_003(1.0),7058,7,2003,2394,
STATSNZ:AGR_AGR_003(1.0),7059,17,2003,16800,
STATSNZ:AGR_AGR_003(1.0),7065,9,2003,7588,
STATSNZ:AGR_AGR_003(1.0),7065,11,2003,3736,
STATSNZ:AGR_AGR_003(1.0),7066,6,2003,45548,
STATSNZ:AGR_AGR_003(1.0),7077,3,2003,696233,
STATSNZ:AGR_AGR_003(1.0),7685,14,2003,1795,
STATSNZ:AGR_AGR_003(1.0),7685,20,2003,147841,
STATSNZ:AGR_AGR_003(1.0),7686,9,2003,5182,
STATSNZ:AGR_AGR_003(1.0),7688,3,2003,28025,
STATSNZ:AGR_AGR_003(1.0),7696,11,2003,13780,
STATSNZ:AGR_AGR_003(1.0),7193,1,2004,399064,
STATSNZ:AGR_AGR_003(1.0),7187,10,2004,3026811,
STATSNZ:AGR_AGR_003(1.0),7187,15,2004,467578,
STATSNZ:AGR_AGR_003(1.0),7187,17,2004,275572,
STATSNZ:AGR_AGR_003(1.0),7190,9,2004,65915,
STATSNZ:AGR_AGR_003(1.0),6731,2,2004,325188,
STATSNZ:AGR_AGR_003(1.0),6731,4,2004,409095,
STATSNZ:AGR_AGR_003(1.0),6731,6,2004,4305819,
STATSNZ:AGR_AGR_003(1.0),7077,2,2005,167868,
STATSNZ:AGR_AGR_003(1.0),7077,17,2005,202326,
STATSNZ:AGR_AGR_003(1.0),7056,12,2005,1299,
STATSNZ:AGR_AGR_003(1.0),7056,19,2005,344510,
STATSNZ:AGR_AGR_003(1.0),7058,4,2005,6626,
STATSNZ:AGR_AGR_003(1.0),7059,1,2005,52210,
STATSNZ:AGR_AGR_003(1.0),7059,16,2005,25335,
STATSNZ:AGR_AGR_003(1.0),7065,19,2005,59759,
STATSNZ:AGR_AGR_003(1.0),6738,10,2005,1810561,
STATSNZ:AGR_AGR_003(1.0),6738,15,2005,852566,
STATSNZ:AGR_AGR_003(1.0),6701,9,2005,98618,
STATSNZ:AGR_AGR_003(1.0),6702,4,2005,290397,
STATSNZ:AGR_AGR_003(1.0),6702,6,2005,3029963,
STATSNZ:AGR_AGR_003(1.0),7687,16,2005,99880,
STATSNZ:AGR_AGR_003(1.0),7058,1,2006,16835,
STATSNZ:AGR_AGR_003(1.0),7058,3,2006,16830,
STATSNZ:AGR_AGR_003(1.0),7065,3,2006,55828,
STATSNZ:AGR_AGR_003(1.0),7065,5,2006,16243,
STATSNZ:AGR_AGR_003(1.0),7066,10,2006,355648,
STATSNZ:AGR_AGR_003(1.0),7066,15,2006,45825,
STATSNZ:AGR_AGR_003(1.0),7066,17,2006,19270,
STATSNZ:AGR_AGR_003(1.0),7068,9,2006,2014,
STATSNZ:AGR_AGR_003(1.0),7685,8,2006,10412,
STATSNZ:AGR_AGR_003(1.0),7686,3,2006,30410,
STATSNZ:AGR_AGR_003(1.0),7686,5,2006,6525,
STATSNZ:AGR_AGR_003(1.0),7696,7,2006,1686,
STATSNZ:AGR_AGR_003(1.0),7696,9,2006,8937,
STATSNZ:AGR_AGR_003(1.0),6953,6,2006,7063,
STATSNZ:AGR_AGR_003(1.0),6955,16,2006,15608,
STATSNZ:AGR_AGR_003(1.0),7186,20,2007,17579,
STATSNZ:AGR_AGR_003(1.0),7187,11,2007,48498,
STATSNZ:AGR_AGR_003(1.0),7190,3,2007,1110475,
STATSNZ:AGR_AGR_003(1.0),6731,13,2007,578805,
STATSNZ:AGR_AGR_003(1.0),6731,15,2007,7166822,
STATSNZ:AGR_AGR_003(1.0),6722,2,2007,3697,
STATSNZ:AGR_AGR_003(1.0),6722,10,2007,129225,
STATSNZ:AGR_AGR_003(1.0),6738,16,2007,315759,
STATSNZ:AGR_AGR_003(1.0),7066,15,2008,77435,
STATSNZ:AGR_AGR_003(1.0),7067,6,2008,42300,
STATSNZ:AGR_AGR_003(1.0),7067,8,2008,63699,
STATSNZ:AGR_AGR_003(1.0),7067,19,2008,152570,
STATSNZ:AGR_AGR_003(1.0),7068,3,2008,11824,
STATSNZ:AGR_AGR_003(1.0),7685,2,2008,1885,
STATSNZ:AGR_AGR_003(1.0),7687,11,2008,10113,
STATSNZ:AGR_AGR_003(1.0),7688,8,2008,18140,
STATSNZ:AGR_AGR_003(1.0),6954,10,2008,124799,
STATSNZ:AGR_AGR_003(1.0),6949,8,2008,2471,
STATSNZ:AGR_AGR_003(1.0),6949,19,2008,23388,
STATSNZ:AGR_AGR_003(1.0),6955,16,2008,27181,
STATSNZ:AGR_AGR_003(1.0),7810,9,2008,1717,
STATSNZ:AGR_AGR_003(1.0),7810,11,2008,661,
STATSNZ:AGR_AGR_003(1.0),7193,11,2009,86531,
STATSNZ:AGR_AGR_003(1.0),7184,6,2009,16911,
STATSNZ:AGR_AGR_003(1.0),6949,7,2009,1633,
STATSNZ:AGR_AGR_003(1.0),6953,1,2009,5615,
STATSNZ:AGR_AGR_003(1.0),6953,20,2009,283317,
STATSNZ:AGR_AGR_003(1.0),7077,19,2010,1111269,
STATSNZ:AGR_AGR_003(1.0),7056,3,2010,92791,
STATSNZ:AGR_AGR_003(1.0),7056,5,2010,82492,
STATSNZ:AGR_AGR_003(1.0),7057,15,2010,22916,
STATSNZ:AGR_AGR_003(1.0),7059,7,2010,9518,
STATSNZ:AGR_AGR_003(1.0),7059,9,2010,11357,
STATSNZ:AGR_AGR_003(1.0),7064,4,2010,10450,
STATSNZ:AGR_AGR_003(1.0),6738,8,2010,509154,
STATSNZ:AGR_AGR_003(1.0),6703,3,2010,1786873,
STATSNZ:AGR_AGR_003(1.0),7699,7,2010,4468,
STATSNZ:AGR_AGR_003(1.0),7685,17,2010,13537,
STATSNZ:AGR_AGR_003(1.0),7687,11,2010,9439,
STATSNZ:AGR_AGR_003(1.0),7688,6,2010,16246,
STATSNZ:AGR_AGR_003(1.0),6954,15,2010,177524,
STATSNZ:AGR_AGR_003(1.0),7056,20,2011,904520,
STATSNZ:AGR_AGR_003(1.0),7064,10,2011,322070,
STATSNZ:AGR_AGR_003(1.0),7067,10,2011,283568,
STATSNZ:AGR_AGR_003(1.0),7072,6,2011,65860,
STATSNZ:AGR_AGR_003(1.0),7072,8,2011,26760,
STATSNZ:AGR_AGR_003(1.0),7073,1,2011,33354,
STATSNZ:AGR_AGR_003(1.0),7073,3,2011,40973,
STATSNZ:AGR_AGR_003(1.0),7687,5,2011,9061,
STATSNZ:AGR_AGR_003(1.0),7688,10,2011,68894,
STATSNZ:AGR_AGR_003(1.0),6951,16,2011,126,
STATSNZ:AGR_AGR_003(1.0),6955,8,2011,68524,
STATSNZ:AGR_AGR_003(1.0),7810,3,2011,12562,
STATSNZ:AGR_AGR_003(1.0),7066,3,2012,73471,
STATSNZ:AGR_AGR_003(1.0),7066,5,2012,24650,
STATSNZ:AGR_AGR_003(1.0),7068,14,2012,634,
STATSNZ:AGR_AGR_003(1.0),7071,7,2012,3486,
STATSNZ:AGR_AGR_003(1.0),7071,9,2012,3682,
STATSNZ:AGR_AGR_003(1.0),7071,11,2012,595,
STATSNZ:AGR_AGR_003(1.0),7072,2,2012,3529,
STATSNZ:AGR_AGR_003(1.0),6954,7,2012,19931,
STATSNZ:AGR_AGR_003(1.0),6951,16,2012,314,
STATSNZ:AGR_AGR_003(1.0),6951,20,2012,5229,
STATSNZ:AGR_AGR_003(1.0),6953,7,2012,17988,
STATSNZ:AGR_AGR_003(1.0),6953,9,2012,12244,
STATSNZ:AGR_AGR_003(1.0),6953,11,2012,400,
STATSNZ:AGR_AGR_003(1.0),6955,4,2012,9617,
STATSNZ:AGR_AGR_003(1.0),7186,5,2013,374,
STATSNZ:AGR_AGR_003(1.0),7190,7,2013,386209,
STATSNZ:AGR_AGR_003(1.0),7190,9,2013,74863,
STATSNZ:AGR_AGR_003(1.0),6731,2,2013,212437,
STATSNZ:AGR_AGR_003(1.0),6722,6,2013,12318,
STATSNZ:AGR_AGR_003(1.0),6723,16,2013,267325,
STATSNZ:AGR_AGR_003(1.0),6727,19,2013,259683,
STATSNZ:AGR_AGR_003(1.0),7067,11,2014,3982,
STATSNZ:AGR_AGR_003(1.0),7067,13,2014,3508,
STATSNZ:AGR_AGR_003(1.0),7068,6,2014,3339,
STATSNZ:AGR_AGR_003(1.0),7068,8,2014,11070,
STATSNZ:AGR_AGR_003(1.0),7072,2,2014,5467,
STATSNZ:AGR_AGR_003(1.0),7072,10,2014,218540,
STATSNZ:AGR_AGR_003(1.0),7072,17,2014,5225,
STATSNZ:AGR_AGR_003(1.0),7073,12,2014,0,
STATSNZ:AGR_AGR_003(1.0),7073,14,2014,2157,
STATSNZ:AGR_AGR_003(1.0),7184,14,2014,19335,
STATSNZ:AGR_AGR_003(1.0),7185,11,2014,828,
STATSNZ:AGR_AGR_003(1.0),7188,15,2014,95503,
STATSNZ:AGR_AGR_003(1.0),7687,20,2014,467972,
STATSNZ:AGR_AGR_003(1.0),6949,10,2014,10267,
STATSNZ:AGR_AGR_003(1.0),6955,2,2014,,c
STATSNZ:AGR_AGR_003(1.0),7810,12,2014,,s
STATSNZ:AGR_AGR_003(1.0),7810,14,2014,303,
STATSNZ:AGR_AGR_003(1.0),7810,16,2014,2234,
STATSNZ:AGR_AGR_003(1.0),7068,8,2015,8233,
STATSNZ:AGR_AGR_003(1.0),7071,1,2015,15533,
STATSNZ:AGR_AGR_003(1.0),7071,3,2015,27013,
STATSNZ:AGR_AGR_003(1.0),7071,18,2015,,s
STATSNZ:AGR_AGR_003(1.0),7074,5,2015,73419,
STATSNZ:AGR_AGR_003(1.0),7074,7,2015,20426,
STATSNZ:AGR_AGR_003(1.0),7074,9,2015,32025,
STATSNZ:AGR_AGR_003(1.0),7193,10,2015,3819694,
STATSNZ:AGR_AGR_003(1.0),7193,15,2015,1253993,
STATSNZ:AGR_AGR_003(1.0),7193,17,2015,731209,
STATSNZ:AGR_AGR_003(1.0),7187,16,2015,280918,
STATSNZ:AGR_AGR_003(1.0),6954,1,2015,2635,
STATSNZ:AGR_AGR_003(1.0),6953,5,2015,310,
STATSNZ:AGR_AGR_003(1.0),6955,15,2015,350890,
STATSNZ:AGR_AGR_003(1.0),7068,6,2016,4775,
STATSNZ:AGR_AGR_003(1.0),7071,1,2016,12420,
STATSNZ:AGR_AGR_003(1.0),7071,16,2016,3290,
STATSNZ:AGR_AGR_003(1.0),7071,20,2016,105120,
STATSNZ:AGR_AGR_003(1.0),7072,11,2016,1157,
STATSNZ:AGR_AGR_003(1.0),7074,3,2016,76424,
STATSNZ:AGR_AGR_003(1.0),7074,5,2016,62231,
STATSNZ:AGR_AGR_003(1.0),7074,7,2016,23293,
STATSNZ:AGR_AGR_003(1.0),7193,10,2016,4057348,
STATSNZ:AGR_AGR_003(1.0),7193,15,2016,1271057,
STATSNZ:AGR_AGR_003(1.0),7186,17,2016,8220,
STATSNZ:AGR_AGR_003(1.0),7187,14,2016,142877,
STATSNZ:AGR_AGR_003(1.0),6954,20,2016,254607,
STATSNZ:AGR_AGR_003(1.0),6953,3,2016,27046,
STATSNZ:AGR_AGR_003(1.0),6955,13,2016,,c
STATSNZ:AGR_AGR_003(1.0),7193,12,2017,2925,
STATSNZ:AGR_AGR_003(1.0),7184,7,2017,70630,
STATSNZ:AGR_AGR_003(1.0),7184,9,2017,15442,
STATSNZ:AGR_AGR_003(1.0),7186,1,2017,4127,
STATSNZ:AGR_AGR_003(1.0),7187,11,2017,50137,
STATSNZ:AGR_AGR_003(1.0),7188,6,2017,5877,
STATSNZ:AGR_AGR_003(1.0),6731,15,2017,4473916,
STATSNZ:AGR_AGR_003(1.0),6720,19,2017,129328,
STATSNZ:AGR_AGR_003(1.0),7185,1,2018,,s
STATSNZ:AGR_AGR_003(1.0),7188,3,2018,99519,
STATSNZ:AGR_AGR_003(1.0),7188,5,2018,,s
STATSNZ:AGR_AGR_003(1.0),6721,2,2018,,s
STATSNZ:AGR_AGR_003(1.0),6721,17,2018,2523608,
STATSNZ:AGR_AGR_003(1.0),6722,12,2018,,s
STATSNZ:AGR_AGR_003(1.0),6724,6,2018,591895,
STATSNZ:AGR_AGR_003(1.0),6727,18,2018,,s
STATSNZ:AGR_AGR_003(1.0),7071,19,2019,19898,
STATSNZ:AGR_AGR_003(1.0),7072,5,2019,9768,
STATSNZ:AGR_AGR_003(1.0),7074,14,2019,8647,
STATSNZ:AGR_AGR_003(1.0),7074,20,2019,898237,
STATSNZ:AGR_AGR_003(1.0),7193,11,2019,64690,
STATSNZ:AGR_AGR_003(1.0),7186,11,2019,,s
STATSNZ:AGR_AGR_003(1.0),7186,13,2019,33,
STATSNZ:AGR_AGR_003(1.0),7187,8,2019,349985,
STATSNZ:AGR_AGR_003(1.0),7190,17,2019,469178,
STATSNZ:AGR_AGR_003(1.0),6731,12,2019,10222,
STATSNZ:AGR_AGR_003(1.0),7077,7,2020,122399,
STATSNZ:AGR_AGR_003(1.0),7057,1,2020,12251,
STATSNZ:AGR_AGR_003(1.0),7057,20,2020,172838,
STATSNZ:AGR_AGR_003(1.0),7058,11,2020,,s
STATSNZ:AGR_AGR_003(1.0),7065,15,2020,,s
STATSNZ:AGR_AGR_003(1.0),6724,10,2020,2032406,
STATSNZ:AGR_AGR_003(1.0),6703,4,2020,225552,
STATSNZ:AGR_AGR_003(1.0),6701,12,2020,101,
STATSNZ:AGR_AGR_003(1.0),6701,14,2020,,s
STATSNZ:AGR_AGR_003(1.0),6701,16,2020,150590,
STATSNZ:AGR_AGR_003(1.0),6702,7,2020,328138,
STATSNZ:AGR_AGR_003(1.0),6702,9,2020,1183818,
STATSNZ:AGR_AGR_003(1.0),7685,1,2020,,s
STATSNZ:AGR_AGR_003(1.0),7685,3,2020,7834,
STATSNZ:AGR_AGR_003(1.0),7685,18,2020,0,
STATSNZ:AGR_AGR_003(1.0),7686,13,2020,1193,
STATSNZ:AGR_AGR_003(1.0),7686,15,2020,58500,
STATSNZ:AGR_AGR_003(1.0),7066,3,2021,88765,
STATSNZ:AGR_AGR_003(1.0),7066,5,2021,19282,
STATSNZ:AGR_AGR_003(1.0),7067,10,2021,293655,
STATSNZ:AGR_AGR_003(1.0),7071,9,2021,2870,
STATSNZ:AGR_AGR_003(1.0),7072,4,2021,10508,
STATSNZ:AGR_AGR_003(1.0),7072,6,2021,39510,
STATSNZ:AGR_AGR_003(1.0),7193,6,2021,72208,
STATSNZ:AGR_AGR_003(1.0),7184,16,2021,55807,
STATSNZ:AGR_AGR_003(1.0),7184,18,2021,0,
STATSNZ:AGR_AGR_003(1.0),7186,12,2021,,s
STATSNZ:AGR_AGR_003(1.0),7187,7,2021,436467,
STATSNZ:AGR_AGR_003(1.0),6953,11,2021,,s
STATSNZ:AGR_AGR_003(1.0),6955,4,2021,,s
STATSNZ:AGR_AGR_003(1.0),6955,6,2021,7606,
STATSNZ:AGR_AGR_003(1.0),7810,20,2021,40276,
STATSNZ:AGR_AGR_003(1.0),7072,20,2022,267436,
STATSNZ:AGR_AGR_003(1.0),7074,8,2022,143168,
STATSNZ:AGR_AGR_003(1.0),7193,3,2022,1671833,
STATSNZ:AGR_AGR_003(1.0),7193,5,2022,8710,
STATSNZ:AGR_AGR_003(1.0),7186,5,2022,384,
STATSNZ:AGR_AGR_003(1.0),7186,7,2022,6218,
STATSNZ:AGR_AGR_003(1.0),7187,2,2022,73138,
STATSNZ:AGR_AGR_003(1.0),7187,17,2022,525445,
STATSNZ:AGR_AGR_003(1.0),7190,11,2022,44022,
STATSNZ:AGR_AGR_003(1.0),6731,6,2022,2788789,
STATSNZ:AGR_AGR_003(1.0),7077,1,2023,353872,
STATSNZ:AGR_AGR_003(1.0),7057,12,2023,87,
STATSNZ:AGR_AGR_003(1.0),7057,19,2023,66300,
STATSNZ:AGR_AGR_003(1.0),7058,5,2023,8165,
STATSNZ:AGR_AGR_003(1.0),7059,15,2023,47867,
STATSNZ:AGR_AGR_003(1.0),7065,9,2023,,s
STATSNZ:AGR_AGR_003(1.0),7068,13,2023,998,
STATSNZ:AGR_AGR_003(1.0),6702,3,2023,1118355,
STATSNZ:AGR_AGR_003(1.0),7685,12,2023,,s
STATSNZ:AGR_AGR_003(1.0),7685,14,2023,1045,
STATSNZ:AGR_AGR_003(1.0),7686,7,2023,,s
STATSNZ:AGR_AGR_003(1.0),7686,9,2023,,s
STATSNZ:AGR_AGR_003(1.0),7688,1,2023,,s
STATSNZ:AGR_AGR_003(1.0),6951,15,2023,3442,
STATSNZ:AGR_AGR_003(1.0),7071,10,2024,68148,
STATSNZ:AGR_AGR_003(1.0),7193,12,2024,1510,
STATSNZ:AGR_AGR_003(1.0),7193,14,2024,161500,
STATSNZ:AGR_AGR_003(1.0),7193,16,2024,308344,
STATSNZ:AGR_AGR_003(1.0),7184,7,2024,60441,
STATSNZ:AGR_AGR_003(1.0),7184,9,2024,11444,
STATSNZ:AGR_AGR_003(1.0),7186,1,2024,,s
STATSNZ:AGR_AGR_003(1.0),7186,18,2024,0,
STATSNZ:AGR_AGR_003(1.0),6949,8,2024,1481,
STATSNZ:AGR_AGR_003(1.0),6953,2,2024,9865,
STATSNZ:AGR_AGR_003(1.0),6953,10,2024,59200,
STATSNZ:AGR_AGR_003(1.0),6955,12,2024,0,
STATSNZ:AGR_AGR_003(1.0),6731,7,1994,966752,
STATSNZ:AGR_AGR_003(1.0),6721,1,1994,541963,
STATSNZ:AGR_AGR_003(1.0),7190,19,1994,337346,
STATSNZ:AGR_AGR_003(1.0),6723,8,1994,231846,
STATSNZ:AGR_AGR_003(1.0),6722,15,1994,161965,
STATSNZ:AGR_AGR_003(1.0),7190,14,1994,49865,
STATSNZ:AGR_AGR_003(1.0),6721,18,1994,48166,
STATSNZ:AGR_AGR_003(1.0),6724,18,1994,12621,
STATSNZ:AGR_AGR_003(1.0),6720,4,1994,7381,
STATSNZ:AGR_AGR_003(1.0),6722,11,1994,7336,
STATSNZ:AGR_AGR_003(1.0),7188,17,1994,3880,
STATSNZ:AGR_AGR_003(1.0),6724,10,2002,2807374,
STATSNZ:AGR_AGR_003(1.0),6724,17,2002,819659,
STATSNZ:AGR_AGR_003(1.0),6721,13,2002,507673,
STATSNZ:AGR_AGR_003(1.0),6703,4,2002,367584,
STATSNZ:AGR_AGR_003(1.0),6722,19,2002,259026,
STATSNZ:AGR_AGR_003(1.0),6723,3,2002,218248,
STATSNZ:AGR_AGR_003(1.0),7077,9,2002,181320,
STATSNZ:AGR_AGR_003(1.0),7686,15,2002,85298,
STATSNZ:AGR_AGR_003(1.0),6738,7,2002,52904,
STATSNZ:AGR_AGR_003(1.0),6722,6,2002,36459,
STATSNZ:AGR_AGR_003(1.0),6701,14,2002,4355,
STATSNZ:AGR_AGR_003(1.0),6727,14,2002,903,
STATSNZ:AGR_AGR_003(1.0),6720,3,2003,30784,
STATSNZ:AGR_AGR_003(1.0),6724,17,2003,792102,
STATSNZ:AGR_AGR_003(1.0),6731,6,2003,3922729,
STATSNZ:AGR_AGR_003(1.0),7187,2,2003,126452,
STATSNZ:AGR_AGR_003(1.0),7190,9,2003,72334,
STATSNZ:AGR_AGR_003(1.0),7077,3,2004,653108,
STATSNZ:AGR_AGR_003(1.0),7056,10,2004,773484,
STATSNZ:AGR_AGR_003(1.0),7057,19,2004,48010,
STATSNZ:AGR_AGR_003(1.0),7059,10,2004,267040,
STATSNZ:AGR_AGR_003(1.0),7059,17,2004,13406,
STATSNZ:AGR_AGR_003(1.0),7064,14,2004,3763,
STATSNZ:AGR_AGR_003(1.0),7064,19,2004,169069,
STATSNZ:AGR_AGR_003(1.0),7066,4,2004,16718,
STATSNZ:AGR_AGR_003(1.0),7067,1,2004,41358,
STATSNZ:AGR_AGR_003(1.0),7068,11,2004,851,
STATSNZ:AGR_AGR_003(1.0),6702,5,2004,1345412,
STATSNZ:AGR_AGR_003(1.0),7699,15,2004,453336,
STATSNZ:AGR_AGR_003(1.0),7686,9,2004,5102,
STATSNZ:AGR_AGR_003(1.0),7687,2,2004,9652,
STATSNZ:AGR_AGR_003(1.0),7687,6,2004,60527,
STATSNZ:AGR_AGR_003(1.0),7688,16,2004,44113,
STATSNZ:AGR_AGR_003(1.0),7688,20,2004,366782,
STATSNZ:AGR_AGR_003(1.0),6954,6,2004,6134,
STATSNZ:AGR_AGR_003(1.0),6949,16,2004,1195,
STATSNZ:AGR_AGR_003(1.0),6953,19,2004,191542,
STATSNZ:AGR_AGR_003(1.0),7193,17,2005,348075,
STATSNZ:AGR_AGR_003(1.0),7184,14,2005,19297,
STATSNZ:AGR_AGR_003(1.0),7184,19,2005,205931,
STATSNZ:AGR_AGR_003(1.0),7187,1,2005,277071,
STATSNZ:AGR_AGR_003(1.0),7188,11,2005,2703,
STATSNZ:AGR_AGR_003(1.0),7190,8,2005,252620,
STATSNZ:AGR_AGR_003(1.0),6720,15,2005,67135,
STATSNZ:AGR_AGR_003(1.0),7187,13,2006,19264,
STATSNZ:AGR_AGR_003(1.0),7188,6,2006,2530,
STATSNZ:AGR_AGR_003(1.0),7188,19,2006,74845,
STATSNZ:AGR_AGR_003(1.0),7190,3,2006,1157902,
STATSNZ:AGR_AGR_003(1.0),6731,10,2006,19540453,
STATSNZ:AGR_AGR_003(1.0),6731,17,2006,5928761,
STATSNZ:AGR_AGR_003(1.0),6720,14,2006,902,
STATSNZ:AGR_AGR_003(1.0),6721,7,2006,477615,
STATSNZ:AGR_AGR_003(1.0),6721,11,2006,215641,
STATSNZ:AGR_AGR_003(1.0),6723,14,2006,7368,
STATSNZ:AGR_AGR_003(1.0),6703,15,2006,5982712,
STATSNZ:AGR_AGR_003(1.0),7057,4,2007,5829,
STATSNZ:AGR_AGR_003(1.0),7058,1,2007,20189,
STATSNZ:AGR_AGR_003(1.0),7065,1,2007,38783,
STATSNZ:AGR_AGR_003(1.0),7065,18,2007,171,
STATSNZ:AGR_AGR_003(1.0),7066,15,2007,67745,
STATSNZ:AGR_AGR_003(1.0),7067,8,2007,71177,
STATSNZ:AGR_AGR_003(1.0),7067,12,2007,74,
STATSNZ:AGR_AGR_003(1.0),7068,5,2007,4149,
STATSNZ:AGR_AGR_003(1.0),7071,2,2007,1357,
STATSNZ:AGR_AGR_003(1.0),7699,9,2007,15985,
STATSNZ:AGR_AGR_003(1.0),7685,6,2007,9844,
STATSNZ:AGR_AGR_003(1.0),7686,3,2007,27181,
STATSNZ:AGR_AGR_003(1.0),7686,20,2007,308495,
STATSNZ:AGR_AGR_003(1.0),7688,19,2007,205850,
STATSNZ:AGR_AGR_003(1.0),7696,7,2007,1505,
STATSNZ:AGR_AGR_003(1.0),6954,10,2007,135793,
STATSNZ:AGR_AGR_003(1.0),6954,17,2007,4303,
STATSNZ:AGR_AGR_003(1.0),6949,19,2007,24834,
STATSNZ:AGR_AGR_003(1.0),6951,7,2007,184,
STATSNZ:AGR_AGR_003(1.0),6953,4,2007,5845,
STATSNZ:AGR_AGR_003(1.0),6955,14,2007,221,
STATSNZ:AGR_AGR_003(1.0),7810,11,2007,656,
STATSNZ:AGR_AGR_003(1.0),7188,4,2008,18438,
STATSNZ:AGR_AGR_003(1.0),7190,1,2008,248868,
STATSNZ:AGR_AGR_003(1.0),6720,8,2008,58216,
STATSNZ:AGR_AGR_003(1.0),6721,5,2008,1081959,
STATSNZ:AGR_AGR_003(1.0),6721,10,2009,10729256,
STATSNZ:AGR_AGR_003(1.0),6738,11,2009,38227,
STATSNZ:AGR_AGR_003(1.0),6702,15,2009,4459385,
STATSNZ:AGR_AGR_003(1.0),7074,13,2010,21937,
STATSNZ:AGR_AGR_003(1.0),7193,6,2010,113465,
STATSNZ:AGR_AGR_003(1.0),7193,19,2010,2058433,
STATSNZ:AGR_AGR_003(1.0),7184,3,2010,212008,
STATSNZ:AGR_AGR_003(1.0),7185,10,2010,36435,
STATSNZ:AGR_AGR_003(1.0),7186,14,2010,832,
STATSNZ:AGR_AGR_003(1.0),7187,7,2010,523332,
STATSNZ:AGR_AGR_003(1.0),7190,14,2010,107183,
STATSNZ:AGR_AGR_003(1.0),6731,11,2010,317299,
STATSNZ:AGR_AGR_003(1.0),6721,18,2010,35898,
STATSNZ:AGR_AGR_003(1.0),6731,5,2011,1517015,
STATSNZ:AGR_AGR_003(1.0),6721,20,2011,20484792,
STATSNZ:AGR_AGR_003(1.0),6723,6,2011,184386,
STATSNZ:AGR_AGR_003(1.0),6724,16,2011,703274,
STATSNZ:AGR_AGR_003(1.0),6727,13,2011,32213,
STATSNZ:AGR_AGR_003(1.0),6701,17,2011,151303,
STATSNZ:AGR_AGR_003(1.0),6731,5,2012,1547294,
STATSNZ:AGR_AGR_003(1.0),6720,2,2012,2994,
STATSNZ:AGR_AGR_003(1.0),6721,12,2012,5003,
STATSNZ:AGR_AGR_003(1.0),6722,9,2012,13334,
STATSNZ:AGR_AGR_003(1.0),6723,2,2012,14496,
STATSNZ:AGR_AGR_003(1.0),6723,6,2012,232651,
STATSNZ:AGR_AGR_003(1.0),6724,20,2012,4619158,
STATSNZ:AGR_AGR_003(1.0),6727,9,2012,6076,
STATSNZ:AGR_AGR_003(1.0),6738,6,2012,448093,
STATSNZ:AGR_AGR_003(1.0),6703,16,2012,4661926,
STATSNZ:AGR_AGR_003(1.0),6701,13,2012,8679,
STATSNZ:AGR_AGR_003(1.0),6702,19,2012,13223150,
STATSNZ:AGR_AGR_003(1.0),7699,7,2012,3756,
STATSNZ:AGR_AGR_003(1.0),7059,10,2013,225451,
STATSNZ:AGR_AGR_003(1.0),7059,17,2013,10819,
STATSNZ:AGR_AGR_003(1.0),7064,14,2013,3592,
STATSNZ:AGR_AGR_003(1.0),7065,7,2013,10224,
STATSNZ:AGR_AGR_003(1.0),7065,11,2013,3173,
STATSNZ:AGR_AGR_003(1.0),7066,4,2013,13179,
STATSNZ:AGR_AGR_003(1.0),7067,1,2013,36463,
STATSNZ:AGR_AGR_003(1.0),7067,18,2013,1083,
STATSNZ:AGR_AGR_003(1.0),7068,11,2013,659,
STATSNZ:AGR_AGR_003(1.0),7072,18,2013,,c
STATSNZ:AGR_AGR_003(1.0),7073,15,2013,32989,
STATSNZ:AGR_AGR_003(1.0),7688,20,2013,208827,
STATSNZ:AGR_AGR_003(1.0),6954,6,2013,8566,
STATSNZ:AGR_AGR_003(1.0),6949,16,2013,696,
STATSNZ:AGR_AGR_003(1.0),6951,13,2013,60,
STATSNZ:AGR_AGR_003(1.0),6953,19,2013,171762,
STATSNZ:AGR_AGR_003(1.0),6955,7,2013,39118,
STATSNZ:AGR_AGR_003(1.0),6722,3,2014,5489,
STATSNZ:AGR_AGR_003(1.0),6723,10,2014,1055248,
STATSNZ:AGR_AGR_003(1.0),6727,7,2014,322,
STATSNZ:AGR_AGR_003(1.0),6738,17,2014,86534,
STATSNZ:AGR_AGR_003(1.0),6703,14,2014,57147,
STATSNZ:AGR_AGR_003(1.0),6701,11,2014,8376,
STATSNZ:AGR_AGR_003(1.0),7699,18,2014,0,
STATSNZ:AGR_AGR_003(1.0),7077,2,2015,111292,
STATSNZ:AGR_AGR_003(1.0),6720,9,2015,14044,
STATSNZ:AGR_AGR_003(1.0),6721,6,2015,1776913,
STATSNZ:AGR_AGR_003(1.0),6722,3,2015,17386,
STATSNZ:AGR_AGR_003(1.0),6723,10,2015,957670,
STATSNZ:AGR_AGR_003(1.0),6724,19,2015,2259760,
STATSNZ:AGR_AGR_003(1.0),6727,7,2015,284,
STATSNZ:AGR_AGR_003(1.0),6738,17,2015,124429,
STATSNZ:AGR_AGR_003(1.0),6703,19,2015,13270936,
STATSNZ:AGR_AGR_003(1.0),6701,7,2015,14280,
STATSNZ:AGR_AGR_003(1.0),6702,4,2015,263734,
STATSNZ:AGR_AGR_003(1.0),7699,14,2015,29273,
STATSNZ:AGR_AGR_003(1.0),7699,18,2015,0,
STATSNZ:AGR_AGR_003(1.0),7685,11,2015,1220,
STATSNZ:AGR_AGR_003(1.0),7077,10,2016,2508814,
STATSNZ:AGR_AGR_003(1.0),6720,7,2016,4487,
STATSNZ:AGR_AGR_003(1.0),6721,4,2016,173439,
STATSNZ:AGR_AGR_003(1.0),6722,1,2016,3951,
STATSNZ:AGR_AGR_003(1.0),6724,8,2016,747606,
STATSNZ:AGR_AGR_003(1.0),6727,5,2016,1932,
STATSNZ:AGR_AGR_003(1.0),6738,15,2016,630329,
STATSNZ:AGR_AGR_003(1.0),6703,8,2016,4584415,
STATSNZ:AGR_AGR_003(1.0),6701,5,2016,72521,
STATSNZ:AGR_AGR_003(1.0),6702,2,2016,152894,
STATSNZ:AGR_AGR_003(1.0),7699,12,2016,0,
STATSNZ:AGR_AGR_003(1.0),7699,16,2016,112240,
STATSNZ:AGR_AGR_003(1.0),7685,9,2016,3248,
STATSNZ:AGR_AGR_003(1.0),7686,6,2016,,c
STATSNZ:AGR_AGR_003(1.0),7077,14,2017,27422,
STATSNZ:AGR_AGR_003(1.0),7056,7,2017,22513,
STATSNZ:AGR_AGR_003(1.0),7056,11,2017,8705,
STATSNZ:AGR_AGR_003(1.0),7057,4,2017,3380,
STATSNZ:AGR_AGR_003(1.0),7058,1,2017,16513,
STATSNZ:AGR_AGR_003(1.0),7058,18,2017,282,
STATSNZ:AGR_AGR_003(1.0),7065,18,2017,506,
STATSNZ:AGR_AGR_003(1.0),7066,15,2017,56628,
STATSNZ:AGR_AGR_003(1.0),6702,20,2017,22957601,
STATSNZ:AGR_AGR_003(1.0),7699,9,2017,10637,
STATSNZ:AGR_AGR_003(1.0),7685,6,2017,8959,
STATSNZ:AGR_AGR_003(1.0),7686,16,2017,22064,
STATSNZ:AGR_AGR_003(1.0),7687,13,2017,2675,
STATSNZ:AGR_AGR_003(1.0),7688,19,2017,114345,
STATSNZ:AGR_AGR_003(1.0),7696,7,2017,1022,
STATSNZ:AGR_AGR_003(1.0),7058,11,2018,956,
STATSNZ:AGR_AGR_003(1.0),7059,8,2018,42912,
STATSNZ:AGR_AGR_003(1.0),7064,5,2018,35129,
STATSNZ:AGR_AGR_003(1.0),7065,2,2018,12029,
STATSNZ:AGR_AGR_003(1.0),7066,12,2018,224,
STATSNZ:AGR_AGR_003(1.0),7071,16,2018,,s
STATSNZ:AGR_AGR_003(1.0),6701,20,2018,1319938,
STATSNZ:AGR_AGR_003(1.0),7685,3,2018,9475,
STATSNZ:AGR_AGR_003(1.0),7686,10,2018,56033,
STATSNZ:AGR_AGR_003(1.0),7688,7,2018,730,
STATSNZ:AGR_AGR_003(1.0),7696,10,2018,87841,
STATSNZ:AGR_AGR_003(1.0),7696,17,2018,77198,
STATSNZ:AGR_AGR_003(1.0),6954,14,2018,,s
STATSNZ:AGR_AGR_003(1.0),6949,11,2018,,s
STATSNZ:AGR_AGR_003(1.0),6951,4,2018,29,
STATSNZ:AGR_AGR_003(1.0),6953,1,2018,2800,
STATSNZ:AGR_AGR_003(1.0),6953,18,2018,0,
STATSNZ:AGR_AGR_003(1.0),7077,11,2019,36912,
STATSNZ:AGR_AGR_003(1.0),7056,8,2019,150846,
STATSNZ:AGR_AGR_003(1.0),7057,1,2019,14101,
STATSNZ:AGR_AGR_003(1.0),7057,18,2019,,s
STATSNZ:AGR_AGR_003(1.0),6723,5,2019,117992,
STATSNZ:AGR_AGR_003(1.0),6724,2,2019,28896,
STATSNZ:AGR_AGR_003(1.0),6727,20,2019,228574,
STATSNZ:AGR_AGR_003(1.0),6701,16,2019,145941,
STATSNZ:AGR_AGR_003(1.0),6701,20,2019,1167582,
STATSNZ:AGR_AGR_003(1.0),6702,13,2019,340507,
STATSNZ:AGR_AGR_003(1.0),7699,6,2019,61248,
STATSNZ:AGR_AGR_003(1.0),7685,3,2019,9873,
STATSNZ:AGR_AGR_003(1.0),7686,10,2019,52787,
STATSNZ:AGR_AGR_003(1.0),7686,17,2019,32967,
STATSNZ:AGR_AGR_003(1.0),7687,19,2019,272554,
STATSNZ:AGR_AGR_003(1.0),7071,8,2020,,s
STATSNZ:AGR_AGR_003(1.0),7072,5,2020,8162,
STATSNZ:AGR_AGR_003(1.0),7073,2,2020,,s
STATSNZ:AGR_AGR_003(1.0),7074,12,2020,,s
STATSNZ:AGR_AGR_003(1.0),7193,9,2020,100234,
STATSNZ:AGR_AGR_003(1.0),7184,6,2020,,s
STATSNZ:AGR_AGR_003(1.0),7185,16,2020,,s
STATSNZ:AGR_AGR_003(1.0),7185,20,2020,76958,
STATSNZ:AGR_AGR_003(1.0),7186,9,2020,828,
STATSNZ:AGR_AGR_003(1.0),7187,6,2020,,s
STATSNZ:AGR_AGR_003(1.0),7188,16,2020,,s
STATSNZ:AGR_AGR_003(1.0),7190,13,2020,,s
STATSNZ:AGR_AGR_003(1.0),6731,19,2020,13578862,
STATSNZ:AGR_AGR_003(1.0),7810,17,2020,2041,
STATSNZ:AGR_AGR_003(1.0),6731,3,2021,1540300,
STATSNZ:AGR_AGR_003(1.0),6720,10,2021,125690,
STATSNZ:AGR_AGR_003(1.0),6723,4,2021,23369,
STATSNZ:AGR_AGR_003(1.0),6724,1,2021,36470,
STATSNZ:AGR_AGR_003(1.0),6727,11,2021,,s
STATSNZ:AGR_AGR_003(1.0),6738,4,2021,,s
STATSNZ:AGR_AGR_003(1.0),6703,1,2021,211354,
STATSNZ:AGR_AGR_003(1.0),6703,18,2021,,s
STATSNZ:AGR_AGR_003(1.0),6701,15,2021,216113,
STATSNZ:AGR_AGR_003(1.0),6702,8,2021,4048694,
STATSNZ:AGR_AGR_003(1.0),6702,12,2021,732,
STATSNZ:AGR_AGR_003(1.0),7699,5,2021,,s
STATSNZ:AGR_AGR_003(1.0),7077,5,2022,234366,
STATSNZ:AGR_AGR_003(1.0),7056,2,2022,14957,
STATSNZ:AGR_AGR_003(1.0),7057,12,2022,,s
STATSNZ:AGR_AGR_003(1.0),7064,16,2022,45290,
STATSNZ:AGR_AGR_003(1.0),6723,20,2022,1815052,
STATSNZ:AGR_AGR_003(1.0),6738,3,2022,113827,
STATSNZ:AGR_AGR_003(1.0),6703,10,2022,10870688,
STATSNZ:AGR_AGR_003(1.0),6702,3,2022,1175446,
STATSNZ:AGR_AGR_003(1.0),6702,7,2022,396594,
STATSNZ:AGR_AGR_003(1.0),7699,10,2022,218979,
STATSNZ:AGR_AGR_003(1.0),7699,17,2022,168021,
STATSNZ:AGR_AGR_003(1.0),7685,14,2022,2142,
STATSNZ:AGR_AGR_003(1.0),7686,11,2022,1679,
STATSNZ:AGR_AGR_003(1.0),7687,4,2022,9880,
STATSNZ:AGR_AGR_003(1.0),7687,8,2022,21491,
STATSNZ:AGR_AGR_003(1.0),7688,1,2022,496,
STATSNZ:AGR_AGR_003(1.0),7072,20,2023,237322,
STATSNZ:AGR_AGR_003(1.0),7074,6,2023,101302,
STATSNZ:AGR_AGR_003(1.0),7193,3,2023,1652671,
STATSNZ:AGR_AGR_003(1.0),7184,10,2023,457037,
STATSNZ:AGR_AGR_003(1.0),7185,19,2023,27787,
STATSNZ:AGR_AGR_003(1.0),7187,10,2023,2623029,
STATSNZ:AGR_AGR_003(1.0),7187,17,2023,530912,
STATSNZ:AGR_AGR_003(1.0),7188,14,2023,,s
STATSNZ:AGR_AGR_003(1.0),7188,19,2023,118538,
STATSNZ:AGR_AGR_003(1.0),7190,7,2023,359473,
STATSNZ:AGR_AGR_003(1.0),6731,4,2023,236871,
STATSNZ:AGR_AGR_003(1.0),6720,1,2023,2365,
STATSNZ:AGR_AGR_003(1.0),6720,18,2023,,s
STATSNZ:AGR_AGR_003(1.0),6721,11,2023,122892,
STATSNZ:AGR_AGR_003(1.0),7077,14,2024,27802,
STATSNZ:AGR_AGR_003(1.0),7056,11,2024,5671,
STATSNZ:AGR_AGR_003(1.0),7058,18,2024,320,
STATSNZ:AGR_AGR_003(1.0),6724,5,2024,183371,
STATSNZ:AGR_AGR_003(1.0),6727,2,2024,773,
STATSNZ:AGR_AGR_003(1.0),6738,12,2024,82,
STATSNZ:AGR_AGR_003(1.0),6703,9,2024,988204,
STATSNZ:AGR_AGR_003(1.0),6701,6,2024,172993,
STATSNZ:AGR_AGR_003(1.0),6702,20,2024,19738968,
STATSNZ:AGR_AGR_003(1.0),7077,6,1994,522767,
STATSNZ:AGR_AGR_003(1.0),6954,13,1994,21099,
STATSNZ:AGR_AGR_003(1.0),7687,9,1994,12611,
STATSNZ:AGR_AGR_003(1.0),7687,7,1994,9022,
STATSNZ:AGR_AGR_003(1.0),7696,1,1994,5228,
STATSNZ:AGR_AGR_003(1.0),6954,11,1994,3797,
STATSNZ:AGR_AGR_003(1.0),7686,12,1994,73,
STATSNZ:AGR_AGR_003(1.0),7193,7,2002,651700,
STATSNZ:AGR_AGR_003(1.0),7193,9,2002,111180,
STATSNZ:AGR_AGR_003(1.0),7072,3,2002,72184,
STATSNZ:AGR_AGR_003(1.0),7068,10,2002,56969,
STATSNZ:AGR_AGR_003(1.0),7066,6,2002,39106,
STATSNZ:AGR_AGR_003(1.0),7071,6,2002,26286,
STATSNZ:AGR_AGR_003(1.0),6954,8,2002,25587,
STATSNZ:AGR_AGR_003(1.0),7071,8,2002,19813,
STATSNZ:AGR_AGR_003(1.0),7074,14,2002,12404,
STATSNZ:AGR_AGR_003(1.0),7696,11,2002,12159,
STATSNZ:AGR_AGR_003(1.0),6954,6,2002,7996,
STATSNZ:AGR_AGR_003(1.0),6951,10,2002,2721,
STATSNZ:AGR_AGR_003(1.0),7074,12,2002,667,
STATSNZ:AGR_AGR_003(1.0),6953,12,2002,13,
STATSNZ:AGR_AGR_003(1.0),6702,7,2003,500645,
STATSNZ:AGR_AGR_003(1.0),6951,15,2003,3272,
STATSNZ:AGR_AGR_003(1.0),7056,2,2003,32911,
STATSNZ:AGR_AGR_003(1.0),7056,10,2003,777966,
STATSNZ:AGR_AGR_003(1.0),7059,2,2003,23034,
STATSNZ:AGR_AGR_003(1.0),7064,14,2003,4999,
STATSNZ:AGR_AGR_003(1.0),7064,16,2003,40314,
STATSNZ:AGR_AGR_003(1.0),7067,3,2003,67815,
STATSNZ:AGR_AGR_003(1.0),7068,13,2003,1239,
STATSNZ:AGR_AGR_003(1.0),7077,5,2003,349913,
STATSNZ:AGR_AGR_003(1.0),7687,4,2003,35739,
STATSNZ:AGR_AGR_003(1.0),7687,6,2003,62722,
STATSNZ:AGR_AGR_003(1.0),7687,8,2003,75785,
STATSNZ:AGR_AGR_003(1.0),7688,1,2003,3628,
STATSNZ:AGR_AGR_003(1.0),7688,20,2003,306984,
STATSNZ:AGR_AGR_003(1.0),7699,2,2003,23241,
STATSNZ:AGR_AGR_003(1.0),7699,10,2003,605249,
STATSNZ:AGR_AGR_003(1.0),7699,17,2003,356948,
STATSNZ:AGR_AGR_003(1.0),7190,7,2004,437165,
STATSNZ:AGR_AGR_003(1.0),6720,1,2004,6457,
STATSNZ:AGR_AGR_003(1.0),6720,16,2004,58420,
STATSNZ:AGR_AGR_003(1.0),6720,20,2004,398788,
STATSNZ:AGR_AGR_003(1.0),6721,11,2004,231146,
STATSNZ:AGR_AGR_003(1.0),6724,15,2004,950743,
STATSNZ:AGR_AGR_003(1.0),7056,14,2005,10629,
STATSNZ:AGR_AGR_003(1.0),7057,7,2005,4113,
STATSNZ:AGR_AGR_003(1.0),7057,9,2005,6955,
STATSNZ:AGR_AGR_003(1.0),7064,11,2005,6158,
STATSNZ:AGR_AGR_003(1.0),7064,13,2005,8395,
STATSNZ:AGR_AGR_003(1.0),7064,15,2005,69111,
STATSNZ:AGR_AGR_003(1.0),7065,8,2005,48274,
STATSNZ:AGR_AGR_003(1.0),6703,12,2005,14846,
STATSNZ:AGR_AGR_003(1.0),6701,7,2005,22876,
STATSNZ:AGR_AGR_003(1.0),7699,16,2005,198704,
STATSNZ:AGR_AGR_003(1.0),7699,20,2005,1705084,
STATSNZ:AGR_AGR_003(1.0),7685,11,2005,2556,
STATSNZ:AGR_AGR_003(1.0),7688,15,2005,105409,
STATSNZ:AGR_AGR_003(1.0),7696,19,2005,443166,
STATSNZ:AGR_AGR_003(1.0),7077,20,2006,4439136,
STATSNZ:AGR_AGR_003(1.0),7059,13,2006,6139,
STATSNZ:AGR_AGR_003(1.0),7064,6,2006,54484,
STATSNZ:AGR_AGR_003(1.0),7064,8,2006,88347,
STATSNZ:AGR_AGR_003(1.0),7064,19,2006,182887,
STATSNZ:AGR_AGR_003(1.0),7067,14,2006,5230,
STATSNZ:AGR_AGR_003(1.0),7067,19,2006,146498,
STATSNZ:AGR_AGR_003(1.0),7068,7,2006,4689,
STATSNZ:AGR_AGR_003(1.0),7699,11,2006,25280,
STATSNZ:AGR_AGR_003(1.0),7685,6,2006,11478,
STATSNZ:AGR_AGR_003(1.0),7687,10,2006,220617,
STATSNZ:AGR_AGR_003(1.0),7188,4,2007,17754,
STATSNZ:AGR_AGR_003(1.0),7188,6,2007,5728,
STATSNZ:AGR_AGR_003(1.0),7188,8,2007,24863,
STATSNZ:AGR_AGR_003(1.0),7190,1,2007,234636,
STATSNZ:AGR_AGR_003(1.0),7190,20,2007,3392602,
STATSNZ:AGR_AGR_003(1.0),6720,12,2007,125,
STATSNZ:AGR_AGR_003(1.0),6720,19,2007,186604,
STATSNZ:AGR_AGR_003(1.0),6721,5,2007,1164104,
STATSNZ:AGR_AGR_003(1.0),6721,7,2007,439735,
STATSNZ:AGR_AGR_003(1.0),6703,13,2007,410617,
STATSNZ:AGR_AGR_003(1.0),7057,2,2008,4741,
STATSNZ:AGR_AGR_003(1.0),7058,20,2008,147588,
STATSNZ:AGR_AGR_003(1.0),7065,1,2008,35539,
STATSNZ:AGR_AGR_003(1.0),7065,16,2008,9676,
STATSNZ:AGR_AGR_003(1.0),7065,20,2008,270289,
STATSNZ:AGR_AGR_003(1.0),7066,11,2008,6584,
STATSNZ:AGR_AGR_003(1.0),7066,13,2008,5410,
STATSNZ:AGR_AGR_003(1.0),7068,5,2008,4213,
STATSNZ:AGR_AGR_003(1.0),7071,10,2008,110409,
STATSNZ:AGR_AGR_003(1.0),7071,15,2008,14063,
STATSNZ:AGR_AGR_003(1.0),7071,17,2008,1782,
STATSNZ:AGR_AGR_003(1.0),7686,20,2008,270673,
STATSNZ:AGR_AGR_003(1.0),7696,3,2008,36948,
STATSNZ:AGR_AGR_003(1.0),7696,5,2008,8588,
STATSNZ:AGR_AGR_003(1.0),6953,17,2008,3609,
STATSNZ:AGR_AGR_003(1.0),7064,1,2009,51170,
STATSNZ:AGR_AGR_003(1.0),7068,15,2009,8579,
STATSNZ:AGR_AGR_003(1.0),7073,6,2009,35648,
STATSNZ:AGR_AGR_003(1.0),7074,1,2009,92234,
STATSNZ:AGR_AGR_003(1.0),7074,16,2009,90369,
STATSNZ:AGR_AGR_003(1.0),7074,18,2009,4568,
STATSNZ:AGR_AGR_003(1.0),7074,20,2009,918451,
STATSNZ:AGR_AGR_003(1.0),7696,10,2009,124530,
STATSNZ:AGR_AGR_003(1.0),7077,6,2010,454204,
STATSNZ:AGR_AGR_003(1.0),7077,8,2010,626533,
STATSNZ:AGR_AGR_003(1.0),7057,10,2010,101518,
STATSNZ:AGR_AGR_003(1.0),7057,17,2010,9265,
STATSNZ:AGR_AGR_003(1.0),7058,12,2010,47,
STATSNZ:AGR_AGR_003(1.0),7058,14,2010,943,
STATSNZ:AGR_AGR_003(1.0),6727,11,2010,2684,
STATSNZ:AGR_AGR_003(1.0),6703,5,2010,1290277,
STATSNZ:AGR_AGR_003(1.0),6701,2,2010,9738,
STATSNZ:AGR_AGR_003(1.0),6701,10,2010,493679,
STATSNZ:AGR_AGR_003(1.0),7686,14,2010,6805,
STATSNZ:AGR_AGR_003(1.0),7696,16,2010,69557,
STATSNZ:AGR_AGR_003(1.0),7065,12,2011,35,
STATSNZ:AGR_AGR_003(1.0),7066,5,2011,25611,
STATSNZ:AGR_AGR_003(1.0),7066,7,2011,17717,
STATSNZ:AGR_AGR_003(1.0),7068,16,2011,3968,
STATSNZ:AGR_AGR_003(1.0),7068,20,2011,72379,
STATSNZ:AGR_AGR_003(1.0),7071,13,2011,198,
STATSNZ:AGR_AGR_003(1.0),7072,4,2011,2369,
STATSNZ:AGR_AGR_003(1.0),7696,20,2011,426660,
STATSNZ:AGR_AGR_003(1.0),6954,9,2011,14191,
STATSNZ:AGR_AGR_003(1.0),6953,9,2011,12169,
STATSNZ:AGR_AGR_003(1.0),7067,10,2012,270023,
STATSNZ:AGR_AGR_003(1.0),7067,15,2012,53898,
STATSNZ:AGR_AGR_003(1.0),7067,17,2012,27629,
STATSNZ:AGR_AGR_003(1.0),7068,12,2012,22,
STATSNZ:AGR_AGR_003(1.0),7072,4,2012,4385,
STATSNZ:AGR_AGR_003(1.0),7072,6,2012,55959,
STATSNZ:AGR_AGR_003(1.0),7073,1,2012,31961,
STATSNZ:AGR_AGR_003(1.0),7073,16,2012,12320,
STATSNZ:AGR_AGR_003(1.0),7073,20,2012,244098,
STATSNZ:AGR_AGR_003(1.0),7184,18,2012,,c
STATSNZ:AGR_AGR_003(1.0),7185,15,2012,11364,
STATSNZ:AGR_AGR_003(1.0),7687,3,2012,37352,
STATSNZ:AGR_AGR_003(1.0),7688,10,2012,70650,
STATSNZ:AGR_AGR_003(1.0),6949,4,2012,596,
STATSNZ:AGR_AGR_003(1.0),6951,14,2012,8,
STATSNZ:AGR_AGR_003(1.0),6955,6,2012,14683,
STATSNZ:AGR_AGR_003(1.0),7810,1,2012,3026,
STATSNZ:AGR_AGR_003(1.0),7810,16,2012,2662,
STATSNZ:AGR_AGR_003(1.0),7810,18,2012,17,
STATSNZ:AGR_AGR_003(1.0),7187,10,2013,3044703,
STATSNZ:AGR_AGR_003(1.0),7188,12,2013,,c
STATSNZ:AGR_AGR_003(1.0),6731,4,2013,312593,
STATSNZ:AGR_AGR_003(1.0),6731,6,2013,2996560,
STATSNZ:AGR_AGR_003(1.0),6720,1,2013,5135,
STATSNZ:AGR_AGR_003(1.0),6720,16,2013,48759,
STATSNZ:AGR_AGR_003(1.0),6720,20,2013,302274,
STATSNZ:AGR_AGR_003(1.0),6723,18,2013,4815,
STATSNZ:AGR_AGR_003(1.0),6724,13,2013,82704,
STATSNZ:AGR_AGR_003(1.0),6724,15,2013,818680,
STATSNZ:AGR_AGR_003(1.0),6738,7,2013,64194,
STATSNZ:AGR_AGR_003(1.0),6703,17,2013,4443795,
STATSNZ:AGR_AGR_003(1.0),7066,16,2014,28190,
STATSNZ:AGR_AGR_003(1.0),7068,19,2014,33789,
STATSNZ:AGR_AGR_003(1.0),7071,3,2014,24848,
STATSNZ:AGR_AGR_003(1.0),7071,5,2014,5574,
STATSNZ:AGR_AGR_003(1.0),7074,7,2014,23977,
STATSNZ:AGR_AGR_003(1.0),7074,9,2014,34268,
STATSNZ:AGR_AGR_003(1.0),7193,17,2014,700039,
STATSNZ:AGR_AGR_003(1.0),7187,18,2014,0,
STATSNZ:AGR_AGR_003(1.0),6954,3,2014,29620,
STATSNZ:AGR_AGR_003(1.0),6953,7,2014,14852,
STATSNZ:AGR_AGR_003(1.0),6955,10,2014,223720,
STATSNZ:AGR_AGR_003(1.0),6955,17,2014,,c
STATSNZ:AGR_AGR_003(1.0),7067,9,2015,9703,
STATSNZ:AGR_AGR_003(1.0),7067,11,2015,5659,
STATSNZ:AGR_AGR_003(1.0),7068,4,2015,3128,
STATSNZ:AGR_AGR_003(1.0),7068,6,2015,5672,
STATSNZ:AGR_AGR_003(1.0),7072,15,2015,14461,
STATSNZ:AGR_AGR_003(1.0),7073,12,2015,,c
STATSNZ:AGR_AGR_003(1.0),7073,19,2015,37405,
STATSNZ:AGR_AGR_003(1.0),7184,12,2015,,c
STATSNZ:AGR_AGR_003(1.0),7185,9,2015,,c
STATSNZ:AGR_AGR_003(1.0),7187,18,2015,0,
STATSNZ:AGR_AGR_003(1.0),7188,13,2015,1009,
STATSNZ:AGR_AGR_003(1.0),6955,10,2015,201404,
STATSNZ:AGR_AGR_003(1.0),6955,17,2015,1002,
STATSNZ:AGR_AGR_003(1.0),7810,12,2015,,s
STATSNZ:AGR_AGR_003(1.0),7810,14,2015,69,
STATSNZ:AGR_AGR_003(1.0),7810,19,2015,13532,
STATSNZ:AGR_AGR_003(1.0),7067,9,2016,10216,
STATSNZ:AGR_AGR_003(1.0),7068,2,2016,1587,
STATSNZ:AGR_AGR_003(1.0),7068,4,2016,2805,
STATSNZ:AGR_AGR_003(1.0),7072,13,2016,716,
STATSNZ:AGR_AGR_003(1.0),7073,8,2016,33719,
STATSNZ:AGR_AGR_003(1.0),7073,19,2016,73285,
STATSNZ:AGR_AGR_003(1.0),7184,19,2016,369246,
STATSNZ:AGR_AGR_003(1.0),7187,16,2016,241712,
STATSNZ:AGR_AGR_003(1.0),7188,11,2016,5738,
STATSNZ:AGR_AGR_003(1.0),6955,15,2016,321802,
STATSNZ:AGR_AGR_003(1.0),7810,8,2016,3984,
STATSNZ:AGR_AGR_003(1.0),7810,12,2016,61,
STATSNZ:AGR_AGR_003(1.0),7810,19,2016,15807,
STATSNZ:AGR_AGR_003(1.0),7073,5,2017,13873,
STATSNZ:AGR_AGR_003(1.0),7074,2,2017,17965,
STATSNZ:AGR_AGR_003(1.0),7074,10,2017,535956,
STATSNZ:AGR_AGR_003(1.0),7185,2,2017,1578,
STATSNZ:AGR_AGR_003(1.0),7185,4,2017,3526,
STATSNZ:AGR_AGR_003(1.0),7185,6,2017,2034,
STATSNZ:AGR_AGR_003(1.0),7186,16,2017,4386,
STATSNZ:AGR_AGR_003(1.0),7186,20,2017,53884,
STATSNZ:AGR_AGR_003(1.0),7190,16,2017,223745,
STATSNZ:AGR_AGR_003(1.0),7190,18,2017,0,
STATSNZ:AGR_AGR_003(1.0),6731,13,2017,468697,
STATSNZ:AGR_AGR_003(1.0),6721,7,2017,327651,
STATSNZ:AGR_AGR_003(1.0),6722,17,2017,102004,
STATSNZ:AGR_AGR_003(1.0),7186,11,2018,,s
STATSNZ:AGR_AGR_003(1.0),7187,8,2018,364147,
STATSNZ:AGR_AGR_003(1.0),7190,2,2018,76826,
STATSNZ:AGR_AGR_003(1.0),7190,10,2018,2705977,
STATSNZ:AGR_AGR_003(1.0),6731,12,2018,27286,
STATSNZ:AGR_AGR_003(1.0),6722,14,2018,,s
STATSNZ:AGR_AGR_003(1.0),6722,16,2018,72159,
STATSNZ:AGR_AGR_003(1.0),6723,9,2018,139261,
STATSNZ:AGR_AGR_003(1.0),6723,11,2018,14183,
STATSNZ:AGR_AGR_003(1.0),7072,7,2019,4891,
STATSNZ:AGR_AGR_003(1.0),7073,2,2019,,s
STATSNZ:AGR_AGR_003(1.0),7073,4,2019,9484,
STATSNZ:AGR_AGR_003(1.0),7073,10,2019,217456,
STATSNZ:AGR_AGR_003(1.0),7184,6,2019,,s
STATSNZ:AGR_AGR_003(1.0),7185,14,2019,2261,
STATSNZ:AGR_AGR_003(1.0),7185,16,2019,4044,
STATSNZ:AGR_AGR_003(1.0),7185,18,2019,0,
STATSNZ:AGR_AGR_003(1.0),7188,5,2019,,s
STATSNZ:AGR_AGR_003(1.0),7190,15,2019,867022,
STATSNZ:AGR_AGR_003(1.0),7810,4,2019,1086,
STATSNZ:AGR_AGR_003(1.0),7077,9,2020,151838,
STATSNZ:AGR_AGR_003(1.0),7077,11,2020,34959,
STATSNZ:AGR_AGR_003(1.0),7056,2,2020,14389,
STATSNZ:AGR_AGR_003(1.0),7056,4,2020,22521,
STATSNZ:AGR_AGR_003(1.0),7056,6,2020,96367,
STATSNZ:AGR_AGR_003(1.0),7064,18,2020,,s
STATSNZ:AGR_AGR_003(1.0),6723,3,2020,129616,
STATSNZ:AGR_AGR_003(1.0),6702,11,2020,139569,
STATSNZ:AGR_AGR_003(1.0),7699,4,2020,37430,
STATSNZ:AGR_AGR_003(1.0),7699,6,2020,67285,
STATSNZ:AGR_AGR_003(1.0),7686,17,2020,34488,
STATSNZ:AGR_AGR_003(1.0),7687,8,2020,22118,
STATSNZ:AGR_AGR_003(1.0),7687,19,2020,274609,
STATSNZ:AGR_AGR_003(1.0),7067,2,2021,,s
STATSNZ:AGR_AGR_003(1.0),7068,12,2021,14,
STATSNZ:AGR_AGR_003(1.0),7071,7,2021,2416,
STATSNZ:AGR_AGR_003(1.0),7073,1,2021,35588,
STATSNZ:AGR_AGR_003(1.0),7073,20,2021,261143,
STATSNZ:AGR_AGR_003(1.0),7074,11,2021,10611,
STATSNZ:AGR_AGR_003(1.0),7185,13,2021,,s
STATSNZ:AGR_AGR_003(1.0),7185,15,2021,23461,
STATSNZ:AGR_AGR_003(1.0),7186,19,2021,,s
STATSNZ:AGR_AGR_003(1.0),6951,14,2021,6,
STATSNZ:AGR_AGR_003(1.0),6951,20,2021,5884,
STATSNZ:AGR_AGR_003(1.0),6953,9,2021,8219,
STATSNZ:AGR_AGR_003(1.0),7810,1,2021,1669,
STATSNZ:AGR_AGR_003(1.0),7810,3,2021,12509,
STATSNZ:AGR_AGR_003(1.0),7810,18,2021,,s
STATSNZ:AGR_AGR_003(1.0),7072,1,2022,40838,
STATSNZ:AGR_AGR_003(1.0),7184,2,2022,11344,
STATSNZ:AGR_AGR_003(1.0),7184,10,2022,468742,
STATSNZ:AGR_AGR_003(1.0),7185,12,2022,0,
STATSNZ:AGR_AGR_003(1.0),7188,12,2022,153,
STATSNZ:AGR_AGR_003(1.0),7188,14,2022,5387,
STATSNZ:AGR_AGR_003(1.0),7188,16,2022,14785,
STATSNZ:AGR_AGR_003(1.0),7190,9,2022,58008,
STATSNZ:AGR_AGR_003(1.0),6720,3,2022,15302,
STATSNZ:AGR_AGR_003(1.0),6720,18,2022,339,
STATSNZ:AGR_AGR_003(1.0),7077,3,2023,513735,
STATSNZ:AGR_AGR_003(1.0),7056,10,2023,528409,
STATSNZ:AGR_AGR_003(1.0),7056,15,2023,131307,
STATSNZ:AGR_AGR_003(1.0),7059,17,2023,11606,
STATSNZ:AGR_AGR_003(1.0),7064,12,2023,,s
STATSNZ:AGR_AGR_003(1.0),7064,14,2023,3121,
STATSNZ:AGR_AGR_003(1.0),7067,16,2023,37942,
STATSNZ:AGR_AGR_003(1.0),7067,18,2023,,s
STATSNZ:AGR_AGR_003(1.0),6738,1,2023,28563,
STATSNZ:AGR_AGR_003(1.0),6702,5,2023,1066655,
STATSNZ:AGR_AGR_003(1.0),7699,10,2023,191574,
STATSNZ:AGR_AGR_003(1.0),7699,15,2023,250555,
STATSNZ:AGR_AGR_003(1.0),7699,17,2023,164026,
STATSNZ:AGR_AGR_003(1.0),7685,19,2023,85858,
STATSNZ:AGR_AGR_003(1.0),7687,2,2023,1519,
STATSNZ:AGR_AGR_003(1.0),7687,4,2023,8003,
STATSNZ:AGR_AGR_003(1.0),7688,16,2023,17746,
STATSNZ:AGR_AGR_003(1.0),7688,20,2023,142161,
STATSNZ:AGR_AGR_003(1.0),6949,18,2023,0,
STATSNZ:AGR_AGR_003(1.0),7065,20,2024,255891,
STATSNZ:AGR_AGR_003(1.0),7068,3,2024,10160,
STATSNZ:AGR_AGR_003(1.0),7073,5,2024,7990,
STATSNZ:AGR_AGR_003(1.0),7074,2,2024,15929,
STATSNZ:AGR_AGR_003(1.0),7074,10,2024,560804,
STATSNZ:AGR_AGR_003(1.0),7074,17,2024,49981,
STATSNZ:AGR_AGR_003(1.0),7184,11,2024,7776,
STATSNZ:AGR_AGR_003(1.0),7185,4,2024,4171,
STATSNZ:AGR_AGR_003(1.0),7185,6,2024,545,
STATSNZ:AGR_AGR_003(1.0),7186,16,2024,3235,
STATSNZ:AGR_AGR_003(1.0),6951,3,2024,639,
STATSNZ:AGR_AGR_003(1.0),6951,5,2024,5,
STATSNZ:AGR_AGR_003(1.0),7810,9,2024,,s
STATSNZ:AGR_AGR_003(1.0),6721,20,1994,34437986,
STATSNZ:AGR_AGR_003(1.0),6721,16,1994,5375834,
STATSNZ:AGR_AGR_003(1.0),6731,9,1994,2199545,
STATSNZ:AGR_AGR_003(1.0),6731,5,1994,2088870,
STATSNZ:AGR_AGR_003(1.0),6723,6,1994,140023,
STATSNZ:AGR_AGR_003(1.0),7184,1,1994,60221,
STATSNZ:AGR_AGR_003(1.0),6722,13,1994,25357,
STATSNZ:AGR_AGR_003(1.0),7188,2,1994,6590,
STATSNZ:AGR_AGR_003(1.0),6720,2,1994,6491,
STATSNZ:AGR_AGR_003(1.0),7190,12,1994,866,
STATSNZ:AGR_AGR_003(1.0),6724,15,2002,1004287,
STATSNZ:AGR_AGR_003(1.0),6703,2,2002,247354,
STATSNZ:AGR_AGR_003(1.0),6738,9,2002,135317,
STATSNZ:AGR_AGR_003(1.0),6723,5,2002,118137,
STATSNZ:AGR_AGR_003(1.0),6722,8,2002,33866,
STATSNZ:AGR_AGR_003(1.0),6723,1,2002,32718,
STATSNZ:AGR_AGR_003(1.0),6720,1,2002,8004,
STATSNZ:AGR_AGR_003(1.0),6720,1,2003,7224,
STATSNZ:AGR_AGR_003(1.0),6731,4,2003,355785,
STATSNZ:AGR_AGR_003(1.0),6731,8,2003,6516684,
STATSNZ:AGR_AGR_003(1.0),7072,20,2003,384315,
STATSNZ:AGR_AGR_003(1.0),7184,10,2003,714896,
STATSNZ:AGR_AGR_003(1.0),7187,10,2003,2928279,
STATSNZ:AGR_AGR_003(1.0),7187,17,2003,268709,
STATSNZ:AGR_AGR_003(1.0),7188,14,2003,2572,
STATSNZ:AGR_AGR_003(1.0),7190,11,2003,38283,
STATSNZ:AGR_AGR_003(1.0),7193,3,2003,1679882,
STATSNZ:AGR_AGR_003(1.0),7077,1,2004,451849,
STATSNZ:AGR_AGR_003(1.0),7059,15,2004,38675,
STATSNZ:AGR_AGR_003(1.0),7064,12,2004,514,
STATSNZ:AGR_AGR_003(1.0),7065,9,2004,5590,
STATSNZ:AGR_AGR_003(1.0),7067,16,2004,34995,
STATSNZ:AGR_AGR_003(1.0),7068,13,2004,1263,
STATSNZ:AGR_AGR_003(1.0),6702,3,2004,1927769,
STATSNZ:AGR_AGR_003(1.0),7699,10,2004,609728,
STATSNZ:AGR_AGR_003(1.0),7686,7,2004,1306,
STATSNZ:AGR_AGR_003(1.0),7687,4,2004,32369,
STATSNZ:AGR_AGR_003(1.0),7688,1,2004,4290,
STATSNZ:AGR_AGR_003(1.0),6951,15,2004,4165,
STATSNZ:AGR_AGR_003(1.0),7071,1,2005,16816,
STATSNZ:AGR_AGR_003(1.0),7193,15,2005,604756,
STATSNZ:AGR_AGR_003(1.0),7185,9,2005,922,
STATSNZ:AGR_AGR_003(1.0),7186,6,2005,1101,
STATSNZ:AGR_AGR_003(1.0),7187,16,2005,129516,
STATSNZ:AGR_AGR_003(1.0),7187,20,2005,4120176,
STATSNZ:AGR_AGR_003(1.0),7188,13,2005,4321,
STATSNZ:AGR_AGR_003(1.0),7190,6,2005,37444,
STATSNZ:AGR_AGR_003(1.0),6955,10,2005,268795,
STATSNZ:AGR_AGR_003(1.0),7187,11,2006,49174,
STATSNZ:AGR_AGR_003(1.0),7188,8,2006,22911,
STATSNZ:AGR_AGR_003(1.0),7190,1,2006,244812,
STATSNZ:AGR_AGR_003(1.0),6731,15,2006,7463075,
STATSNZ:AGR_AGR_003(1.0),6721,9,2006,1328511,
STATSNZ:AGR_AGR_003(1.0),7058,20,2007,144122,
STATSNZ:AGR_AGR_003(1.0),7064,6,2007,52561,
STATSNZ:AGR_AGR_003(1.0),7065,3,2007,56986,
STATSNZ:AGR_AGR_003(1.0),7066,13,2007,5838,
STATSNZ:AGR_AGR_003(1.0),7066,17,2007,24033,
STATSNZ:AGR_AGR_003(1.0),7067,19,2007,159401,
STATSNZ:AGR_AGR_003(1.0),7068,7,2007,6860,
STATSNZ:AGR_AGR_003(1.0),7685,4,2007,4205,
STATSNZ:AGR_AGR_003(1.0),7686,1,2007,1777,
STATSNZ:AGR_AGR_003(1.0),7696,5,2007,9938,
STATSNZ:AGR_AGR_003(1.0),6955,16,2007,28429,
STATSNZ:AGR_AGR_003(1.0),7810,13,2007,2501,
STATSNZ:AGR_AGR_003(1.0),7188,6,2008,12388,
STATSNZ:AGR_AGR_003(1.0),7190,16,2008,148054,
STATSNZ:AGR_AGR_003(1.0),7190,20,2008,3500226,
STATSNZ:AGR_AGR_003(1.0),6731,13,2008,517526,
STATSNZ:AGR_AGR_003(1.0),6720,6,2008,36715,
STATSNZ:AGR_AGR_003(1.0),6720,19,2008,166683,
STATSNZ:AGR_AGR_003(1.0),6721,3,2008,1487695,
STATSNZ:AGR_AGR_003(1.0),6722,10,2008,154409,
STATSNZ:AGR_AGR_003(1.0),6723,19,2008,675787,
STATSNZ:AGR_AGR_003(1.0),7077,11,2009,59543,
STATSNZ:AGR_AGR_003(1.0),7077,15,2009,529467,
STATSNZ:AGR_AGR_003(1.0),7056,8,2009,141450,
STATSNZ:AGR_AGR_003(1.0),6721,15,2009,3574721,
STATSNZ:AGR_AGR_003(1.0),6723,9,2009,137752,
STATSNZ:AGR_AGR_003(1.0),6724,2,2009,27015,
STATSNZ:AGR_AGR_003(1.0),6724,6,2009,585965,
STATSNZ:AGR_AGR_003(1.0),6727,16,2009,188793,
STATSNZ:AGR_AGR_003(1.0),6727,20,2009,452950,
STATSNZ:AGR_AGR_003(1.0),6703,6,2009,2880075,
STATSNZ:AGR_AGR_003(1.0),6702,13,2009,360938,
STATSNZ:AGR_AGR_003(1.0),7699,19,2009,793269,
STATSNZ:AGR_AGR_003(1.0),7686,17,2009,59469,
STATSNZ:AGR_AGR_003(1.0),7074,11,2010,11895,
STATSNZ:AGR_AGR_003(1.0),7193,8,2010,478514,
STATSNZ:AGR_AGR_003(1.0),7186,12,2010,34,
STATSNZ:AGR_AGR_003(1.0),7187,9,2010,70984,
STATSNZ:AGR_AGR_003(1.0),7188,2,2010,8161,
STATSNZ:AGR_AGR_003(1.0),7810,3,2010,15825,
STATSNZ:AGR_AGR_003(1.0),7190,19,2011,1321159,
STATSNZ:AGR_AGR_003(1.0),6731,7,2011,556982,
STATSNZ:AGR_AGR_003(1.0),6720,4,2011,3444,
STATSNZ:AGR_AGR_003(1.0),6720,10,2011,151105,
STATSNZ:AGR_AGR_003(1.0),6721,14,2011,22356,
STATSNZ:AGR_AGR_003(1.0),6723,8,2011,355239,
STATSNZ:AGR_AGR_003(1.0),6724,1,2011,65356,
STATSNZ:AGR_AGR_003(1.0),6738,8,2011,481686,
STATSNZ:AGR_AGR_003(1.0),6703,18,2011,38178,
STATSNZ:AGR_AGR_003(1.0),6701,15,2011,112148,
STATSNZ:AGR_AGR_003(1.0),6702,12,2011,11526,
STATSNZ:AGR_AGR_003(1.0),6731,3,2012,1776544,
STATSNZ:AGR_AGR_003(1.0),6720,10,2012,150668,
STATSNZ:AGR_AGR_003(1.0),6722,7,2012,2695,
STATSNZ:AGR_AGR_003(1.0),6723,4,2012,41828,
STATSNZ:AGR_AGR_003(1.0),6724,1,2012,68678,
STATSNZ:AGR_AGR_003(1.0),6727,11,2012,1080,
STATSNZ:AGR_AGR_003(1.0),6703,18,2012,40255,
STATSNZ:AGR_AGR_003(1.0),6701,15,2012,176297,
STATSNZ:AGR_AGR_003(1.0),7059,15,2013,39293,
STATSNZ:AGR_AGR_003(1.0),7064,12,2013,145,
STATSNZ:AGR_AGR_003(1.0),7065,9,2013,4313,
STATSNZ:AGR_AGR_003(1.0),7066,2,2013,17184,
STATSNZ:AGR_AGR_003(1.0),7066,6,2013,34912,
STATSNZ:AGR_AGR_003(1.0),7067,16,2013,31239,
STATSNZ:AGR_AGR_003(1.0),7067,20,2013,395835,
STATSNZ:AGR_AGR_003(1.0),7068,13,2013,1254,
STATSNZ:AGR_AGR_003(1.0),6702,3,2013,1506177,
STATSNZ:AGR_AGR_003(1.0),7699,10,2013,321100,
STATSNZ:AGR_AGR_003(1.0),7686,7,2013,972,
STATSNZ:AGR_AGR_003(1.0),7687,4,2013,19877,
STATSNZ:AGR_AGR_003(1.0),7688,1,2013,1172,
STATSNZ:AGR_AGR_003(1.0),7696,11,2013,5453,
STATSNZ:AGR_AGR_003(1.0),6954,4,2013,3312,
STATSNZ:AGR_AGR_003(1.0),6949,1,2013,345,
STATSNZ:AGR_AGR_003(1.0),6949,18,2013,,c
STATSNZ:AGR_AGR_003(1.0),6951,15,2013,3356,
STATSNZ:AGR_AGR_003(1.0),6953,8,2013,23283,
STATSNZ:AGR_AGR_003(1.0),6955,5,2013,1531,
STATSNZ:AGR_AGR_003(1.0),7810,2,2013,5172,
STATSNZ:AGR_AGR_003(1.0),6731,1,2014,331251,
STATSNZ:AGR_AGR_003(1.0),6720,11,2014,2659,
STATSNZ:AGR_AGR_003(1.0),6721,8,2014,3460502,
STATSNZ:AGR_AGR_003(1.0),6722,5,2014,53134,
STATSNZ:AGR_AGR_003(1.0),6723,2,2014,13810,
STATSNZ:AGR_AGR_003(1.0),6724,12,2014,1539,
STATSNZ:AGR_AGR_003(1.0),6738,2,2014,22409,
STATSNZ:AGR_AGR_003(1.0),6703,12,2014,7807,
STATSNZ:AGR_AGR_003(1.0),6703,16,2014,4726498,
STATSNZ:AGR_AGR_003(1.0),6701,9,2014,38087,
STATSNZ:AGR_AGR_003(1.0),6702,6,2014,2028697,
STATSNZ:AGR_AGR_003(1.0),7699,16,2014,138933,
STATSNZ:AGR_AGR_003(1.0),7685,13,2014,1380,
STATSNZ:AGR_AGR_003(1.0),7077,17,2015,164718,
STATSNZ:AGR_AGR_003(1.0),7059,18,2015,,s
STATSNZ:AGR_AGR_003(1.0),6721,4,2015,201466,
STATSNZ:AGR_AGR_003(1.0),6722,1,2015,4332,
STATSNZ:AGR_AGR_003(1.0),6727,5,2015,1005,
STATSNZ:AGR_AGR_003(1.0),6738,15,2015,632907,
STATSNZ:AGR_AGR_003(1.0),6703,12,2015,8125,
STATSNZ:AGR_AGR_003(1.0),6701,9,2015,61297,
STATSNZ:AGR_AGR_003(1.0),7699,16,2015,126191,
STATSNZ:AGR_AGR_003(1.0),7685,13,2015,1316,
STATSNZ:AGR_AGR_003(1.0),7077,2,2016,121690,
STATSNZ:AGR_AGR_003(1.0),6721,2,2016,123797,
STATSNZ:AGR_AGR_003(1.0),6722,20,2016,322511,
STATSNZ:AGR_AGR_003(1.0),6727,3,2016,5811,
STATSNZ:AGR_AGR_003(1.0),6738,13,2016,51920,
STATSNZ:AGR_AGR_003(1.0),6703,19,2016,12490641,
STATSNZ:AGR_AGR_003(1.0),6701,7,2016,10426,
STATSNZ:AGR_AGR_003(1.0),6702,17,2016,3848879,
STATSNZ:AGR_AGR_003(1.0),7699,14,2016,28825,
STATSNZ:AGR_AGR_003(1.0),7685,11,2016,2044,
STATSNZ:AGR_AGR_003(1.0),7077,12,2017,,s
STATSNZ:AGR_AGR_003(1.0),7056,9,2017,32940,
STATSNZ:AGR_AGR_003(1.0),7057,2,2017,5440,
STATSNZ:AGR_AGR_003(1.0),7057,6,2017,14769,
STATSNZ:AGR_AGR_003(1.0),7058,16,2017,6789,
STATSNZ:AGR_AGR_003(1.0),7058,20,2017,129185,
STATSNZ:AGR_AGR_003(1.0),6724,3,2017,149126,
STATSNZ:AGR_AGR_003(1.0),6727,10,2017,23903,
STATSNZ:AGR_AGR_003(1.0),6703,7,2017,402167,
STATSNZ:AGR_AGR_003(1.0),6701,4,2017,38089,
STATSNZ:AGR_AGR_003(1.0),6702,1,2017,261367,
STATSNZ:AGR_AGR_003(1.0),7699,11,2017,10348,
STATSNZ:AGR_AGR_003(1.0),7685,4,2017,4019,
STATSNZ:AGR_AGR_003(1.0),7686,1,2017,1206,
STATSNZ:AGR_AGR_003(1.0),7686,18,2017,0,
STATSNZ:AGR_AGR_003(1.0),7687,15,2017,107205,
STATSNZ:AGR_AGR_003(1.0),7688,8,2017,9508,
STATSNZ:AGR_AGR_003(1.0),7688,12,2017,0,
STATSNZ:AGR_AGR_003(1.0),7696,5,2017,4060,
STATSNZ:AGR_AGR_003(1.0),7057,16,2018,18661,
STATSNZ:AGR_AGR_003(1.0),7058,13,2018,,s
STATSNZ:AGR_AGR_003(1.0),7059,19,2018,75858,
STATSNZ:AGR_AGR_003(1.0),7064,3,2018,66205,
STATSNZ:AGR_AGR_003(1.0),7065,10,2018,160736,
STATSNZ:AGR_AGR_003(1.0),7065,17,2018,,s
STATSNZ:AGR_AGR_003(1.0),7066,14,2018,2726,
STATSNZ:AGR_AGR_003(1.0),7067,7,2018,16712,
STATSNZ:AGR_AGR_003(1.0),7068,17,2018,,s
STATSNZ:AGR_AGR_003(1.0),7071,14,2018,,s
STATSNZ:AGR_AGR_003(1.0),7072,11,2018,1016,
STATSNZ:AGR_AGR_003(1.0),7074,18,2018,,s
STATSNZ:AGR_AGR_003(1.0),7688,5,2018,,s
STATSNZ:AGR_AGR_003(1.0),7696,2,2018,3439,
STATSNZ:AGR_AGR_003(1.0),6954,12,2018,,s
STATSNZ:AGR_AGR_003(1.0),6954,16,2018,14302,
STATSNZ:AGR_AGR_003(1.0),6949,9,2018,863,
STATSNZ:AGR_AGR_003(1.0),6951,6,2018,62,
STATSNZ:AGR_AGR_003(1.0),6953,3,2018,22369,
STATSNZ:AGR_AGR_003(1.0),7077,9,2019,149976,
STATSNZ:AGR_AGR_003(1.0),7077,13,2019,64217,
STATSNZ:AGR_AGR_003(1.0),7056,6,2019,103476,
STATSNZ:AGR_AGR_003(1.0),7057,16,2019,19410,
STATSNZ:AGR_AGR_003(1.0),7058,13,2019,,s
STATSNZ:AGR_AGR_003(1.0),7065,17,2019,,s
STATSNZ:AGR_AGR_003(1.0),7066,14,2019,2386,
STATSNZ:AGR_AGR_003(1.0),6724,10,2019,2064520,
STATSNZ:AGR_AGR_003(1.0),6701,14,2019,5174,
STATSNZ:AGR_AGR_003(1.0),6701,18,2019,,s
STATSNZ:AGR_AGR_003(1.0),6702,11,2019,194588,
STATSNZ:AGR_AGR_003(1.0),7699,8,2019,51268,
STATSNZ:AGR_AGR_003(1.0),7685,5,2019,,s
STATSNZ:AGR_AGR_003(1.0),7686,15,2019,54743,
STATSNZ:AGR_AGR_003(1.0),7072,3,2020,67758,
STATSNZ:AGR_AGR_003(1.0),7073,10,2020,197763,
STATSNZ:AGR_AGR_003(1.0),7193,7,2020,554560,
STATSNZ:AGR_AGR_003(1.0),7184,4,2020,37667,
STATSNZ:AGR_AGR_003(1.0),7185,14,2020,4233,
STATSNZ:AGR_AGR_003(1.0),7186,11,2020,,s
STATSNZ:AGR_AGR_003(1.0),7188,18,2020,0,
STATSNZ:AGR_AGR_003(1.0),7190,15,2020,918961,
STATSNZ:AGR_AGR_003(1.0),6731,12,2020,13062,
STATSNZ:AGR_AGR_003(1.0),7056,18,2021,,s
STATSNZ:AGR_AGR_003(1.0),7057,15,2021,30956,
STATSNZ:AGR_AGR_003(1.0),6724,16,2021,678260,
STATSNZ:AGR_AGR_003(1.0),6724,20,2021,4076348,
STATSNZ:AGR_AGR_003(1.0),6727,9,2021,2692,
STATSNZ:AGR_AGR_003(1.0),6738,6,2021,374401,
STATSNZ:AGR_AGR_003(1.0),6703,3,2021,1393980,
STATSNZ:AGR_AGR_003(1.0),6701,13,2021,,s
STATSNZ:AGR_AGR_003(1.0),6702,19,2021,11013347,
STATSNZ:AGR_AGR_003(1.0),7699,7,2021,2415,
STATSNZ:AGR_AGR_003(1.0),7077,3,2022,517314,
STATSNZ:AGR_AGR_003(1.0),7077,7,2022,133317,
STATSNZ:AGR_AGR_003(1.0),7056,10,2022,541643,
STATSNZ:AGR_AGR_003(1.0),7056,17,2022,47620,
STATSNZ:AGR_AGR_003(1.0),7057,14,2022,1607,
STATSNZ:AGR_AGR_003(1.0),7059,17,2022,11016,
STATSNZ:AGR_AGR_003(1.0),7064,14,2022,3712,
STATSNZ:AGR_AGR_003(1.0),7065,11,2022,2153,
STATSNZ:AGR_AGR_003(1.0),7067,18,2022,811,
STATSNZ:AGR_AGR_003(1.0),6701,12,2022,,s
STATSNZ:AGR_AGR_003(1.0),6702,5,2022,1147910,
STATSNZ:AGR_AGR_003(1.0),7699,2,2022,12804,
STATSNZ:AGR_AGR_003(1.0),7685,12,2022,0,
STATSNZ:AGR_AGR_003(1.0),7685,16,2022,15189,
STATSNZ:AGR_AGR_003(1.0),7686,9,2022,1505,
STATSNZ:AGR_AGR_003(1.0),7687,6,2022,17401,
STATSNZ:AGR_AGR_003(1.0),7688,3,2022,9009,
STATSNZ:AGR_AGR_003(1.0),6951,17,2022,1,
STATSNZ:AGR_AGR_003(1.0),7193,1,2023,280526,
STATSNZ:AGR_AGR_003(1.0),7186,5,2023,,s
STATSNZ:AGR_AGR_003(1.0),7187,15,2023,1063836,
STATSNZ:AGR_AGR_003(1.0),7188,12,2023,408,
STATSNZ:AGR_AGR_003(1.0),7190,9,2023,58620,
STATSNZ:AGR_AGR_003(1.0),6720,16,2023,39602,
STATSNZ:AGR_AGR_003(1.0),7077,12,2024,937,
STATSNZ:AGR_AGR_003(1.0),7056,9,2024,29600,
STATSNZ:AGR_AGR_003(1.0),7057,6,2024,,s
STATSNZ:AGR_AGR_003(1.0),7058,16,2024,,s
STATSNZ:AGR_AGR_003(1.0),6723,19,2024,675573,
STATSNZ:AGR_AGR_003(1.0),6724,3,2024,167552,
STATSNZ:AGR_AGR_003(1.0),6724,7,2024,,s
STATSNZ:AGR_AGR_003(1.0),6727,10,2024,30243,
STATSNZ:AGR_AGR_003(1.0),6727,17,2024,13448,
STATSNZ:AGR_AGR_003(1.0),6738,14,2024,6644,
STATSNZ:AGR_AGR_003(1.0),6703,7,2024,384207,
STATSNZ:AGR_AGR_003(1.0),6703,11,2024,164849,
STATSNZ:AGR_AGR_003(1.0),6701,4,2024,12268,
STATSNZ:AGR_AGR_003(1.0),6702,1,2024,132907,
STATSNZ:AGR_AGR_003(1.0),7699,11,2024,11814,
STATSNZ:AGR_AGR_003(1.0),7686,18,2024,0,
STATSNZ:AGR_AGR_003(1.0),7687,15,2024,,s
STATSNZ:AGR_AGR_003(1.0),7688,12,2024,49,
STATSNZ:AGR_AGR_003(1.0),6703,20,1994,36243948,
STATSNZ:AGR_AGR_003(1.0),7685,10,1994,105917,
STATSNZ:AGR_AGR_003(1.0),7074,17,1994,55911,
STATSNZ:AGR_AGR_003(1.0),7686,8,1994,26709,
STATSNZ:AGR_AGR_003(1.0),7810,7,1994,2272,
STATSNZ:AGR_AGR_003(1.0),7810,11,1994,806,
STATSNZ:AGR_AGR_003(1.0),7696,12,1994,92,
STATSNZ:AGR_AGR_003(1.0),7187,19,2002,976154,
STATSNZ:AGR_AGR_003(1.0),7067,20,2002,426834,
STATSNZ:AGR_AGR_003(1.0),7688,20,2002,273049,
STATSNZ:AGR_AGR_003(1.0),7193,11,2002,67473,
STATSNZ:AGR_AGR_003(1.0),7067,16,2002,28252,
STATSNZ:AGR_AGR_003(1.0),7065,5,2002,13463,
STATSNZ:AGR_AGR_003(1.0),7810,15,2002,13251,
STATSNZ:AGR_AGR_003(1.0),7072,7,2002,7683,
STATSNZ:AGR_AGR_003(1.0),7185,16,2002,2139,
STATSNZ:AGR_AGR_003(1.0),7068,13,2002,1157,
STATSNZ:AGR_AGR_003(1.0),7064,12,2002,371,
STATSNZ:AGR_AGR_003(1.0),6951,11,2002,8,
STATSNZ:AGR_AGR_003(1.0),6701,8,2003,232824,
STATSNZ:AGR_AGR_003(1.0),6949,9,2003,1686,
STATSNZ:AGR_AGR_003(1.0),7058,5,2003,12940,
STATSNZ:AGR_AGR_003(1.0),7058,9,2003,6099,
STATSNZ:AGR_AGR_003(1.0),7064,3,2003,84014,
STATSNZ:AGR_AGR_003(1.0),7067,7,2003,14971,
STATSNZ:AGR_AGR_003(1.0),7068,10,2003,58374,
STATSNZ:AGR_AGR_003(1.0),7068,15,2003,9099,
STATSNZ:AGR_AGR_003(1.0),7074,16,2003,86202,
STATSNZ:AGR_AGR_003(1.0),7077,1,2003,478201,
STATSNZ:AGR_AGR_003(1.0),7686,7,2003,1528,
STATSNZ:AGR_AGR_003(1.0),7687,17,2003,194542,
STATSNZ:AGR_AGR_003(1.0),7696,15,2003,165972,
STATSNZ:AGR_AGR_003(1.0),7193,14,2004,141401,
STATSNZ:AGR_AGR_003(1.0),7184,11,2004,10023,
STATSNZ:AGR_AGR_003(1.0),7187,13,2004,20610,
STATSNZ:AGR_AGR_003(1.0),6731,17,2004,5966919,
STATSNZ:AGR_AGR_003(1.0),6720,14,2004,1273,
STATSNZ:AGR_AGR_003(1.0),6721,15,2004,4925177,
STATSNZ:AGR_AGR_003(1.0),6727,16,2004,247629,
STATSNZ:AGR_AGR_003(1.0),6738,9,2004,154138,
STATSNZ:AGR_AGR_003(1.0),7077,4,2005,108344,
STATSNZ:AGR_AGR_003(1.0),7077,10,2005,3249727,
STATSNZ:AGR_AGR_003(1.0),7058,8,2005,21676,
STATSNZ:AGR_AGR_003(1.0),6722,20,2005,236632,
STATSNZ:AGR_AGR_003(1.0),6703,8,2005,5664524,
STATSNZ:AGR_AGR_003(1.0),7686,6,2005,29663,
STATSNZ:AGR_AGR_003(1.0),7686,19,2005,252981,
STATSNZ:AGR_AGR_003(1.0),7687,3,2005,68883,
STATSNZ:AGR_AGR_003(1.0),6954,7,2005,16057,
STATSNZ:AGR_AGR_003(1.0),7056,5,2006,100067,
STATSNZ:AGR_AGR_003(1.0),7058,16,2006,6784,
STATSNZ:AGR_AGR_003(1.0),7058,20,2006,128804,
STATSNZ:AGR_AGR_003(1.0),7067,1,2006,47197,
STATSNZ:AGR_AGR_003(1.0),7068,11,2006,786,
STATSNZ:AGR_AGR_003(1.0),7071,6,2006,23427,
STATSNZ:AGR_AGR_003(1.0),7074,19,2006,322121,
STATSNZ:AGR_AGR_003(1.0),6701,2,2006,13485,
STATSNZ:AGR_AGR_003(1.0),6702,20,2006,32251588,
STATSNZ:AGR_AGR_003(1.0),7686,1,2006,2121,
STATSNZ:AGR_AGR_003(1.0),7687,11,2006,12892,
STATSNZ:AGR_AGR_003(1.0),7696,5,2006,10085,
STATSNZ:AGR_AGR_003(1.0),6954,15,2006,187688,
STATSNZ:AGR_AGR_003(1.0),7193,8,2007,393453,
STATSNZ:AGR_AGR_003(1.0),7184,5,2007,574,
STATSNZ:AGR_AGR_003(1.0),7187,9,2007,72636,
STATSNZ:AGR_AGR_003(1.0),7188,17,2007,18704,
STATSNZ:AGR_AGR_003(1.0),6731,10,2007,18542263,
STATSNZ:AGR_AGR_003(1.0),6731,11,2007,348485,
STATSNZ:AGR_AGR_003(1.0),6720,8,2007,75627,
STATSNZ:AGR_AGR_003(1.0),6727,6,2007,14798,
STATSNZ:AGR_AGR_003(1.0),6738,3,2007,258278,
STATSNZ:AGR_AGR_003(1.0),7056,5,2008,87024,
STATSNZ:AGR_AGR_003(1.0),7057,15,2008,23128,
STATSNZ:AGR_AGR_003(1.0),7059,9,2008,11741,
STATSNZ:AGR_AGR_003(1.0),7064,2,2008,24464,
STATSNZ:AGR_AGR_003(1.0),7064,6,2008,54228,
STATSNZ:AGR_AGR_003(1.0),7066,10,2008,349113,
STATSNZ:AGR_AGR_003(1.0),7184,13,2008,4661,
STATSNZ:AGR_AGR_003(1.0),6703,1,2008,370664,
STATSNZ:AGR_AGR_003(1.0),7685,17,2008,13079,
STATSNZ:AGR_AGR_003(1.0),7686,19,2008,183702,
STATSNZ:AGR_AGR_003(1.0),7688,4,2008,10868,
STATSNZ:AGR_AGR_003(1.0),6953,6,2008,5721,
STATSNZ:AGR_AGR_003(1.0),6955,20,2008,763059,
STATSNZ:AGR_AGR_003(1.0),7066,8,2009,75189,
STATSNZ:AGR_AGR_003(1.0),7067,1,2009,42107,
STATSNZ:AGR_AGR_003(1.0),7067,5,2009,23432,
STATSNZ:AGR_AGR_003(1.0),7071,20,2009,165710,
STATSNZ:AGR_AGR_003(1.0),7074,3,2009,90565,
STATSNZ:AGR_AGR_003(1.0),7193,10,2009,3796485,
STATSNZ:AGR_AGR_003(1.0),7193,15,2009,918480,
STATSNZ:AGR_AGR_003(1.0),7184,8,2009,69019,
STATSNZ:AGR_AGR_003(1.0),7190,6,2009,51136,
STATSNZ:AGR_AGR_003(1.0),6954,19,2009,185307,
STATSNZ:AGR_AGR_003(1.0),6949,3,2009,3882,
STATSNZ:AGR_AGR_003(1.0),6955,7,2009,37303,
STATSNZ:AGR_AGR_003(1.0),7056,7,2010,29073,
STATSNZ:AGR_AGR_003(1.0),7056,18,2010,5838,
STATSNZ:AGR_AGR_003(1.0),7058,1,2010,27266,
STATSNZ:AGR_AGR_003(1.0),7059,11,2010,5037,
STATSNZ:AGR_AGR_003(1.0),7066,13,2010,5451,
STATSNZ:AGR_AGR_003(1.0),7067,19,2010,137810,
STATSNZ:AGR_AGR_003(1.0),6703,1,2010,337757,
STATSNZ:AGR_AGR_003(1.0),6703,18,2010,39492,
STATSNZ:AGR_AGR_003(1.0),6701,11,2010,10404,
STATSNZ:AGR_AGR_003(1.0),7699,5,2010,15093,
STATSNZ:AGR_AGR_003(1.0),7699,9,2010,18819,
STATSNZ:AGR_AGR_003(1.0),7687,13,2010,3701,
STATSNZ:AGR_AGR_003(1.0),7696,7,2010,1259,
STATSNZ:AGR_AGR_003(1.0),6954,10,2010,140304,
STATSNZ:AGR_AGR_003(1.0),6955,16,2010,21528,
STATSNZ:AGR_AGR_003(1.0),7057,9,2011,4218,
STATSNZ:AGR_AGR_003(1.0),7059,3,2011,41825,
STATSNZ:AGR_AGR_003(1.0),7067,4,2011,10554,
STATSNZ:AGR_AGR_003(1.0),7068,12,2011,20,
STATSNZ:AGR_AGR_003(1.0),7073,16,2011,11465,
STATSNZ:AGR_AGR_003(1.0),7184,7,2011,83057,
STATSNZ:AGR_AGR_003(1.0),7699,20,2011,1088533,
STATSNZ:AGR_AGR_003(1.0),6951,20,2011,4876,
STATSNZ:AGR_AGR_003(1.0),6953,10,2011,118645,
STATSNZ:AGR_AGR_003(1.0),6955,19,2011,456359,
STATSNZ:AGR_AGR_003(1.0),7810,18,2011,14,
STATSNZ:AGR_AGR_003(1.0),7056,19,2012,318146,
STATSNZ:AGR_AGR_003(1.0),7058,4,2012,3762,
STATSNZ:AGR_AGR_003(1.0),7065,8,2012,55391,
STATSNZ:AGR_AGR_003(1.0),7066,1,2012,42025,
STATSNZ:AGR_AGR_003(1.0),7066,16,2012,31400,
STATSNZ:AGR_AGR_003(1.0),7067,13,2012,5201,
STATSNZ:AGR_AGR_003(1.0),7068,20,2012,78334,
STATSNZ:AGR_AGR_003(1.0),7072,17,2012,4920,
STATSNZ:AGR_AGR_003(1.0),7073,3,2012,41288,
STATSNZ:AGR_AGR_003(1.0),7074,11,2012,8697,
STATSNZ:AGR_AGR_003(1.0),7074,15,2012,114708,
STATSNZ:AGR_AGR_003(1.0),7193,8,2012,475466,
STATSNZ:AGR_AGR_003(1.0),7185,2,2012,1115,
STATSNZ:AGR_AGR_003(1.0),7186,12,2012,,c
STATSNZ:AGR_AGR_003(1.0),7687,16,2012,81826,
STATSNZ:AGR_AGR_003(1.0),7687,20,2012,517654,
STATSNZ:AGR_AGR_003(1.0),7696,19,2012,299268,
STATSNZ:AGR_AGR_003(1.0),6954,3,2012,37290,
STATSNZ:AGR_AGR_003(1.0),6951,1,2012,58,
STATSNZ:AGR_AGR_003(1.0),7810,5,2012,1193,
STATSNZ:AGR_AGR_003(1.0),7074,2,2013,14735,
STATSNZ:AGR_AGR_003(1.0),7193,20,2013,6483600,
STATSNZ:AGR_AGR_003(1.0),7186,3,2013,7787,
STATSNZ:AGR_AGR_003(1.0),7187,11,2013,53905,
STATSNZ:AGR_AGR_003(1.0),7190,5,2013,5878,
STATSNZ:AGR_AGR_003(1.0),6731,15,2013,5222094,
STATSNZ:AGR_AGR_003(1.0),6721,13,2013,309209,
STATSNZ:AGR_AGR_003(1.0),6724,10,2013,2402259,
STATSNZ:AGR_AGR_003(1.0),6724,17,2013,587743,
STATSNZ:AGR_AGR_003(1.0),6727,14,2013,399,
STATSNZ:AGR_AGR_003(1.0),6701,16,2013,160756,
STATSNZ:AGR_AGR_003(1.0),7686,17,2013,50689,
STATSNZ:AGR_AGR_003(1.0),7057,3,2014,19104,
STATSNZ:AGR_AGR_003(1.0),7064,7,2014,13474,
STATSNZ:AGR_AGR_003(1.0),7071,16,2014,4394,
STATSNZ:AGR_AGR_003(1.0),7073,19,2014,44631,
STATSNZ:AGR_AGR_003(1.0),7184,1,2014,46573,
STATSNZ:AGR_AGR_003(1.0),7184,18,2014,0,
STATSNZ:AGR_AGR_003(1.0),7186,12,2014,,c
STATSNZ:AGR_AGR_003(1.0),7187,5,2014,7974,
STATSNZ:AGR_AGR_003(1.0),7688,9,2014,4624,
STATSNZ:AGR_AGR_003(1.0),7696,2,2014,1797,
STATSNZ:AGR_AGR_003(1.0),6949,13,2014,344,
STATSNZ:AGR_AGR_003(1.0),6951,19,2014,2538,
STATSNZ:AGR_AGR_003(1.0),6955,4,2014,3719,
STATSNZ:AGR_AGR_003(1.0),7059,8,2015,45521,
STATSNZ:AGR_AGR_003(1.0),7065,2,2015,12648,
STATSNZ:AGR_AGR_003(1.0),7066,20,2015,398201,
STATSNZ:AGR_AGR_003(1.0),7072,11,2015,2055,
STATSNZ:AGR_AGR_003(1.0),7193,2,2015,124668,
STATSNZ:AGR_AGR_003(1.0),7185,13,2015,430,
STATSNZ:AGR_AGR_003(1.0),7186,6,2015,2074,
STATSNZ:AGR_AGR_003(1.0),7188,10,2015,218054,
STATSNZ:AGR_AGR_003(1.0),7696,4,2015,12323,
STATSNZ:AGR_AGR_003(1.0),6954,14,2015,,s
STATSNZ:AGR_AGR_003(1.0),6953,1,2015,,c
STATSNZ:AGR_AGR_003(1.0),6953,18,2015,0,
STATSNZ:AGR_AGR_003(1.0),6955,13,2015,,c
STATSNZ:AGR_AGR_003(1.0),7810,20,2015,40935,
STATSNZ:AGR_AGR_003(1.0),7059,6,2016,41585,
STATSNZ:AGR_AGR_003(1.0),7065,10,2016,193258,
STATSNZ:AGR_AGR_003(1.0),7072,9,2016,6793,
STATSNZ:AGR_AGR_003(1.0),7193,13,2016,25148,
STATSNZ:AGR_AGR_003(1.0),7193,17,2016,708895,
STATSNZ:AGR_AGR_003(1.0),7185,11,2016,1757,
STATSNZ:AGR_AGR_003(1.0),7186,4,2016,3082,
STATSNZ:AGR_AGR_003(1.0),7188,15,2016,50028,
STATSNZ:AGR_AGR_003(1.0),7190,8,2016,297272,
STATSNZ:AGR_AGR_003(1.0),7696,2,2016,2963,
STATSNZ:AGR_AGR_003(1.0),6954,12,2016,,c
STATSNZ:AGR_AGR_003(1.0),6953,16,2016,10919,
STATSNZ:AGR_AGR_003(1.0),6953,20,2016,226065,
STATSNZ:AGR_AGR_003(1.0),6955,11,2016,359,
STATSNZ:AGR_AGR_003(1.0),7067,2,2017,13776,
STATSNZ:AGR_AGR_003(1.0),7072,6,2017,60127,
STATSNZ:AGR_AGR_003(1.0),7073,3,2017,40659,
STATSNZ:AGR_AGR_003(1.0),7073,18,2017,39,
STATSNZ:AGR_AGR_003(1.0),7074,11,2017,8104,
STATSNZ:AGR_AGR_003(1.0),7184,5,2017,2836,
STATSNZ:AGR_AGR_003(1.0),7187,9,2017,72144,
STATSNZ:AGR_AGR_003(1.0),7187,13,2017,20763,
STATSNZ:AGR_AGR_003(1.0),7190,7,2017,425571,
STATSNZ:AGR_AGR_003(1.0),6731,10,2017,13619105,
STATSNZ:AGR_AGR_003(1.0),6731,17,2017,3987294,
STATSNZ:AGR_AGR_003(1.0),6723,16,2017,253600,
STATSNZ:AGR_AGR_003(1.0),6955,8,2017,50799,
STATSNZ:AGR_AGR_003(1.0),7810,5,2017,885,
STATSNZ:AGR_AGR_003(1.0),7185,14,2018,2090,
STATSNZ:AGR_AGR_003(1.0),7185,20,2018,79983,
STATSNZ:AGR_AGR_003(1.0),7186,7,2018,2396,
STATSNZ:AGR_AGR_003(1.0),7188,1,2018,25601,
STATSNZ:AGR_AGR_003(1.0),7188,18,2018,0,
STATSNZ:AGR_AGR_003(1.0),7190,11,2018,46160,
STATSNZ:AGR_AGR_003(1.0),7190,15,2018,901194,
STATSNZ:AGR_AGR_003(1.0),6720,9,2018,12691,
STATSNZ:AGR_AGR_003(1.0),6723,13,2018,26190,
STATSNZ:AGR_AGR_003(1.0),6724,19,2018,2030799,
STATSNZ:AGR_AGR_003(1.0),6703,12,2018,20956,
STATSNZ:AGR_AGR_003(1.0),7699,16,2018,119040,
STATSNZ:AGR_AGR_003(1.0),7059,10,2019,232678,
STATSNZ:AGR_AGR_003(1.0),7066,4,2019,13751,
STATSNZ:AGR_AGR_003(1.0),7072,3,2019,43152,
STATSNZ:AGR_AGR_003(1.0),7073,13,2019,2304,
STATSNZ:AGR_AGR_003(1.0),7193,7,2019,587033,
STATSNZ:AGR_AGR_003(1.0),7185,5,2019,,s
STATSNZ:AGR_AGR_003(1.0),7186,15,2019,,s
STATSNZ:AGR_AGR_003(1.0),7188,9,2019,4331,
STATSNZ:AGR_AGR_003(1.0),7190,2,2019,87841,
STATSNZ:AGR_AGR_003(1.0),6731,14,2019,21197,
STATSNZ:AGR_AGR_003(1.0),6722,18,2019,,s
STATSNZ:AGR_AGR_003(1.0),6954,6,2019,4125,
STATSNZ:AGR_AGR_003(1.0),6953,19,2019,151205,
STATSNZ:AGR_AGR_003(1.0),6955,7,2019,32952,
STATSNZ:AGR_AGR_003(1.0),7057,18,2020,,s
STATSNZ:AGR_AGR_003(1.0),7064,5,2020,32832,
STATSNZ:AGR_AGR_003(1.0),7065,2,2020,,s
STATSNZ:AGR_AGR_003(1.0),6722,6,2020,33583,
STATSNZ:AGR_AGR_003(1.0),6727,19,2020,212305,
STATSNZ:AGR_AGR_003(1.0),6738,3,2020,127963,
STATSNZ:AGR_AGR_003(1.0),6701,1,2020,20116,
STATSNZ:AGR_AGR_003(1.0),7685,5,2020,,s
STATSNZ:AGR_AGR_003(1.0),7688,7,2020,,s
STATSNZ:AGR_AGR_003(1.0),7696,17,2020,64376,
STATSNZ:AGR_AGR_003(1.0),6951,8,2020,181,
STATSNZ:AGR_AGR_003(1.0),6953,18,2020,0,
STATSNZ:AGR_AGR_003(1.0),7059,20,2021,336318,
STATSNZ:AGR_AGR_003(1.0),7067,11,2021,6340,
STATSNZ:AGR_AGR_003(1.0),7067,15,2021,69035,
STATSNZ:AGR_AGR_003(1.0),7068,8,2021,8744,
STATSNZ:AGR_AGR_003(1.0),7072,2,2021,,s
STATSNZ:AGR_AGR_003(1.0),7073,12,2021,,s
STATSNZ:AGR_AGR_003(1.0),7193,19,2021,2509256,
STATSNZ:AGR_AGR_003(1.0),7184,3,2021,216008,
STATSNZ:AGR_AGR_003(1.0),7186,14,2021,695,
STATSNZ:AGR_AGR_003(1.0),6722,17,2021,,s
STATSNZ:AGR_AGR_003(1.0),7687,1,2021,,s
STATSNZ:AGR_AGR_003(1.0),6954,5,2021,,s
STATSNZ:AGR_AGR_003(1.0),6949,2,2021,1694,
STATSNZ:AGR_AGR_003(1.0),7810,14,2021,58,
STATSNZ:AGR_AGR_003(1.0),7071,2,2022,2866,
STATSNZ:AGR_AGR_003(1.0),7072,14,2022,1066,
STATSNZ:AGR_AGR_003(1.0),7073,7,2022,4597,
STATSNZ:AGR_AGR_003(1.0),7193,1,2022,293385,
STATSNZ:AGR_AGR_003(1.0),7193,18,2022,0,
STATSNZ:AGR_AGR_003(1.0),7184,11,2022,9989,
STATSNZ:AGR_AGR_003(1.0),7186,9,2022,1250,
STATSNZ:AGR_AGR_003(1.0),7188,3,2022,88942,
STATSNZ:AGR_AGR_003(1.0),7190,13,2022,11991,
STATSNZ:AGR_AGR_003(1.0),6722,12,2022,,s
STATSNZ:AGR_AGR_003(1.0),6727,16,2022,70007,
STATSNZ:AGR_AGR_003(1.0),6953,4,2022,144,
STATSNZ:AGR_AGR_003(1.0),6955,1,2022,6715,
STATSNZ:AGR_AGR_003(1.0),7077,14,2023,20487,
STATSNZ:AGR_AGR_003(1.0),7077,18,2023,,s
STATSNZ:AGR_AGR_003(1.0),7058,18,2023,,s
STATSNZ:AGR_AGR_003(1.0),7064,16,2023,44189,
STATSNZ:AGR_AGR_003(1.0),7064,20,2023,470629,
STATSNZ:AGR_AGR_003(1.0),7065,13,2023,1965,
STATSNZ:AGR_AGR_003(1.0),7068,10,2023,50290,
STATSNZ:AGR_AGR_003(1.0),6727,4,2023,3763,
STATSNZ:AGR_AGR_003(1.0),6727,10,2023,,s
STATSNZ:AGR_AGR_003(1.0),6738,14,2023,4113,
STATSNZ:AGR_AGR_003(1.0),6701,8,2023,244893,
STATSNZ:AGR_AGR_003(1.0),6702,1,2023,139917,
STATSNZ:AGR_AGR_003(1.0),7685,20,2023,132971,
STATSNZ:AGR_AGR_003(1.0),7687,17,2023,76224,
STATSNZ:AGR_AGR_003(1.0),7688,3,2023,7109,
STATSNZ:AGR_AGR_003(1.0),7688,18,2023,0,
STATSNZ:AGR_AGR_003(1.0),7696,11,2023,,s
STATSNZ:AGR_AGR_003(1.0),7696,15,2023,74792,
STATSNZ:AGR_AGR_003(1.0),6953,12,2023,0,
STATSNZ:AGR_AGR_003(1.0),7066,9,2024,,s
STATSNZ:AGR_AGR_003(1.0),7067,2,2024,13506,
STATSNZ:AGR_AGR_003(1.0),7067,6,2024,32393,
STATSNZ:AGR_AGR_003(1.0),7072,6,2024,,s
STATSNZ:AGR_AGR_003(1.0),7072,19,2024,,s
STATSNZ:AGR_AGR_003(1.0),7073,3,2024,,s
STATSNZ:AGR_AGR_003(1.0),7073,18,2024,533,
STATSNZ:AGR_AGR_003(1.0),7074,4,2024,25945,
STATSNZ:AGR_AGR_003(1.0),7193,1,2024,291541,
STATSNZ:AGR_AGR_003(1.0),7187,13,2024,14421,
STATSNZ:AGR_AGR_003(1.0),7190,7,2024,378469,
STATSNZ:AGR_AGR_003(1.0),6731,17,2024,3034116,
STATSNZ:AGR_AGR_003(1.0),7688,2,2024,1486,
STATSNZ:AGR_AGR_003(1.0),6955,8,2024,40694,
STATSNZ:AGR_AGR_003(1.0),7810,5,2024,,s
STATSNZ:AGR_AGR_003(1.0),6703,9,1994,1547683,
STATSNZ:AGR_AGR_003(1.0),6727,15,1994,453508,
STATSNZ:AGR_AGR_003(1.0),6724,5,1994,366428,
STATSNZ:AGR_AGR_003(1.0),6721,14,1994,156219,
STATSNZ:AGR_AGR_003(1.0),6720,17,1994,77506,
STATSNZ:AGR_AGR_003(1.0),6738,12,1994,507,
STATSNZ:AGR_AGR_003(1.0),6703,17,2002,6149496,
STATSNZ:AGR_AGR_003(1.0),6702,15,2002,5520771,
STATSNZ:AGR_AGR_003(1.0),6727,19,2002,733548,
STATSNZ:AGR_AGR_003(1.0),6723,16,2002,259514,
STATSNZ:AGR_AGR_003(1.0),6702,11,2002,241630,
STATSNZ:AGR_AGR_003(1.0),7699,8,2002,147128,
STATSNZ:AGR_AGR_003(1.0),7056,6,2002,131401,
STATSNZ:AGR_AGR_003(1.0),6724,13,2002,109845,
STATSNZ:AGR_AGR_003(1.0),7077,13,2002,72479,
STATSNZ:AGR_AGR_003(1.0),6701,1,2002,22621,
STATSNZ:AGR_AGR_003(1.0),7686,2,2002,4601,
STATSNZ:AGR_AGR_003(1.0),7685,5,2002,3104,
STATSNZ:AGR_AGR_003(1.0),6701,18,2002,1377,
STATSNZ:AGR_AGR_003(1.0),6720,16,2003,56711,
STATSNZ:AGR_AGR_003(1.0),6721,13,2003,479681,
STATSNZ:AGR_AGR_003(1.0),6721,17,2003,4476698,
STATSNZ:AGR_AGR_003(1.0),6722,19,2003,173525,
STATSNZ:AGR_AGR_003(1.0),6723,7,2003,53361,
STATSNZ:AGR_AGR_003(1.0),6738,11,2003,37960,
STATSNZ:AGR_AGR_003(1.0),6955,20,2003,778708,
STATSNZ:AGR_AGR_003(1.0),7187,15,2003,416335,
STATSNZ:AGR_AGR_003(1.0),7077,16,2004,259911,
STATSNZ:AGR_AGR_003(1.0),7077,20,2004,4447400,
STATSNZ:AGR_AGR_003(1.0),7056,9,2004,51221,
STATSNZ:AGR_AGR_003(1.0),7056,13,2004,22786,
STATSNZ:AGR_AGR_003(1.0),7057,6,2004,16517,
STATSNZ:AGR_AGR_003(1.0),7058,3,2004,22378,
STATSNZ:AGR_AGR_003(1.0),7059,4,2004,9237,
STATSNZ:AGR_AGR_003(1.0),7064,1,2004,57861,
STATSNZ:AGR_AGR_003(1.0),7065,11,2004,2380,
STATSNZ:AGR_AGR_003(1.0),7066,8,2004,64561,
STATSNZ:AGR_AGR_003(1.0),7067,5,2004,35055,
STATSNZ:AGR_AGR_003(1.0),7699,11,2004,31531,
STATSNZ:AGR_AGR_003(1.0),7685,8,2004,15038,
STATSNZ:AGR_AGR_003(1.0),7686,5,2004,7353,
STATSNZ:AGR_AGR_003(1.0),7687,15,2004,221051,
STATSNZ:AGR_AGR_003(1.0),7688,12,2004,201,
STATSNZ:AGR_AGR_003(1.0),7696,9,2004,9207,
STATSNZ:AGR_AGR_003(1.0),7696,13,2004,7465,
STATSNZ:AGR_AGR_003(1.0),6954,19,2004,219792,
STATSNZ:AGR_AGR_003(1.0),6949,3,2004,6680,
STATSNZ:AGR_AGR_003(1.0),6951,10,2004,2712,
STATSNZ:AGR_AGR_003(1.0),6951,17,2004,62,
STATSNZ:AGR_AGR_003(1.0),6953,14,2004,162,
STATSNZ:AGR_AGR_003(1.0),6955,7,2004,43220,
STATSNZ:AGR_AGR_003(1.0),7187,14,2005,117769,
STATSNZ:AGR_AGR_003(1.0),6731,5,2005,1717266,
STATSNZ:AGR_AGR_003(1.0),6721,12,2005,13060,
STATSNZ:AGR_AGR_003(1.0),6723,6,2005,298124,
STATSNZ:AGR_AGR_003(1.0),7190,16,2006,123289,
STATSNZ:AGR_AGR_003(1.0),6731,13,2006,648601,
STATSNZ:AGR_AGR_003(1.0),6720,19,2006,190582,
STATSNZ:AGR_AGR_003(1.0),6723,1,2006,33511,
STATSNZ:AGR_AGR_003(1.0),6724,11,2006,42645,
STATSNZ:AGR_AGR_003(1.0),6724,15,2006,1029044,
STATSNZ:AGR_AGR_003(1.0),6738,5,2006,174501,
STATSNZ:AGR_AGR_003(1.0),6703,2,2006,222046,
STATSNZ:AGR_AGR_003(1.0),7077,19,2007,1245423,
STATSNZ:AGR_AGR_003(1.0),7056,3,2007,106126,
STATSNZ:AGR_AGR_003(1.0),7056,7,2007,26291,
STATSNZ:AGR_AGR_003(1.0),7057,10,2007,111634,
STATSNZ:AGR_AGR_003(1.0),7057,17,2007,11729,
STATSNZ:AGR_AGR_003(1.0),7058,14,2007,811,
STATSNZ:AGR_AGR_003(1.0),7059,11,2007,5237,
STATSNZ:AGR_AGR_003(1.0),7064,4,2007,15719,
STATSNZ:AGR_AGR_003(1.0),7064,8,2007,85063,
STATSNZ:AGR_AGR_003(1.0),7065,5,2007,14672,
STATSNZ:AGR_AGR_003(1.0),7066,2,2007,23282,
STATSNZ:AGR_AGR_003(1.0),7067,20,2007,491284,
STATSNZ:AGR_AGR_003(1.0),7068,9,2007,2742,
STATSNZ:AGR_AGR_003(1.0),7685,2,2007,2488,
STATSNZ:AGR_AGR_003(1.0),7686,16,2007,40194,
STATSNZ:AGR_AGR_003(1.0),7687,9,2007,7395,
STATSNZ:AGR_AGR_003(1.0),7688,6,2007,19128,
STATSNZ:AGR_AGR_003(1.0),7696,3,2007,43442,
STATSNZ:AGR_AGR_003(1.0),6954,4,2007,6949,
STATSNZ:AGR_AGR_003(1.0),6951,11,2007,13,
STATSNZ:AGR_AGR_003(1.0),6953,8,2007,20390,
STATSNZ:AGR_AGR_003(1.0),6955,1,2007,8576,
STATSNZ:AGR_AGR_003(1.0),7810,15,2007,13333,
STATSNZ:AGR_AGR_003(1.0),7077,18,2008,12327,
STATSNZ:AGR_AGR_003(1.0),7056,15,2008,139334,
STATSNZ:AGR_AGR_003(1.0),7193,6,2008,99931,
STATSNZ:AGR_AGR_003(1.0),7184,3,2008,216898,
STATSNZ:AGR_AGR_003(1.0),7185,10,2008,35559,
STATSNZ:AGR_AGR_003(1.0),7186,19,2008,4706,
STATSNZ:AGR_AGR_003(1.0),7187,7,2008,468259,
STATSNZ:AGR_AGR_003(1.0),7056,19,2009,351278,
STATSNZ:AGR_AGR_003(1.0),7058,17,2009,4862,
STATSNZ:AGR_AGR_003(1.0),7064,11,2009,7569,
STATSNZ:AGR_AGR_003(1.0),7187,2,2009,68421,
STATSNZ:AGR_AGR_003(1.0),7188,20,2009,331428,
STATSNZ:AGR_AGR_003(1.0),6731,6,2009,3445616,
STATSNZ:AGR_AGR_003(1.0),6720,3,2009,24093,
STATSNZ:AGR_AGR_003(1.0),7687,16,2009,94797,
STATSNZ:AGR_AGR_003(1.0),7187,11,2010,49119,
STATSNZ:AGR_AGR_003(1.0),7190,1,2010,231512,
STATSNZ:AGR_AGR_003(1.0),6731,15,2010,5652101,
STATSNZ:AGR_AGR_003(1.0),6720,8,2010,51258,
STATSNZ:AGR_AGR_003(1.0),6721,5,2010,988587,
STATSNZ:AGR_AGR_003(1.0),7056,9,2011,39418,
STATSNZ:AGR_AGR_003(1.0),7058,16,2011,8468,
STATSNZ:AGR_AGR_003(1.0),7187,1,2011,296543,
STATSNZ:AGR_AGR_003(1.0),6731,1,2012,440955,
STATSNZ:AGR_AGR_003(1.0),6731,18,2012,59374,
STATSNZ:AGR_AGR_003(1.0),6720,11,2012,3022,
STATSNZ:AGR_AGR_003(1.0),6720,15,2012,45659,
STATSNZ:AGR_AGR_003(1.0),6721,8,2012,3714752,
STATSNZ:AGR_AGR_003(1.0),6722,5,2012,38724,
STATSNZ:AGR_AGR_003(1.0),6723,15,2012,382579,
STATSNZ:AGR_AGR_003(1.0),6724,12,2012,880,
STATSNZ:AGR_AGR_003(1.0),6724,16,2012,763590,
STATSNZ:AGR_AGR_003(1.0),6727,13,2012,42736,
STATSNZ:AGR_AGR_003(1.0),6738,19,2012,1358896,
STATSNZ:AGR_AGR_003(1.0),6703,3,2012,1534589,
STATSNZ:AGR_AGR_003(1.0),6703,7,2012,337216,
STATSNZ:AGR_AGR_003(1.0),6701,10,2012,555679,
STATSNZ:AGR_AGR_003(1.0),6701,17,2012,178489,
STATSNZ:AGR_AGR_003(1.0),6702,14,2012,44000,
STATSNZ:AGR_AGR_003(1.0),7059,13,2013,5576,
STATSNZ:AGR_AGR_003(1.0),7064,19,2013,158698,
STATSNZ:AGR_AGR_003(1.0),7066,17,2013,15930,
STATSNZ:AGR_AGR_003(1.0),7067,14,2013,2840,
STATSNZ:AGR_AGR_003(1.0),7068,15,2013,9138,
STATSNZ:AGR_AGR_003(1.0),7071,8,2013,12151,
STATSNZ:AGR_AGR_003(1.0),7072,5,2013,14284,
STATSNZ:AGR_AGR_003(1.0),7073,2,2013,3857,
STATSNZ:AGR_AGR_003(1.0),7074,12,2013,,s
STATSNZ:AGR_AGR_003(1.0),7074,16,2013,85238,
STATSNZ:AGR_AGR_003(1.0),7193,9,2013,108647,
STATSNZ:AGR_AGR_003(1.0),7184,6,2013,22148,
STATSNZ:AGR_AGR_003(1.0),7810,17,2013,3523,
STATSNZ:AGR_AGR_003(1.0),7077,6,2014,441575,
STATSNZ:AGR_AGR_003(1.0),7056,16,2014,93493,
STATSNZ:AGR_AGR_003(1.0),7057,13,2014,3795,
STATSNZ:AGR_AGR_003(1.0),7058,19,2014,27410,
STATSNZ:AGR_AGR_003(1.0),7059,7,2014,11057,
STATSNZ:AGR_AGR_003(1.0),7064,17,2014,28538,
STATSNZ:AGR_AGR_003(1.0),7185,1,2014,3185,
STATSNZ:AGR_AGR_003(1.0),7190,2,2014,48597,
STATSNZ:AGR_AGR_003(1.0),6731,20,2014,29803402,
STATSNZ:AGR_AGR_003(1.0),7685,15,2014,24844,
STATSNZ:AGR_AGR_003(1.0),7686,12,2014,0,
STATSNZ:AGR_AGR_003(1.0),7696,16,2014,65527,
STATSNZ:AGR_AGR_003(1.0),6721,2,2015,144856,
STATSNZ:AGR_AGR_003(1.0),6722,16,2015,41779,
STATSNZ:AGR_AGR_003(1.0),6722,20,2015,313941,
STATSNZ:AGR_AGR_003(1.0),6723,9,2015,90594,
STATSNZ:AGR_AGR_003(1.0),6723,13,2015,14283,
STATSNZ:AGR_AGR_003(1.0),6724,6,2015,576731,
STATSNZ:AGR_AGR_003(1.0),6727,3,2015,1783,
STATSNZ:AGR_AGR_003(1.0),6738,4,2015,27017,
STATSNZ:AGR_AGR_003(1.0),6738,10,2015,1631792,
STATSNZ:AGR_AGR_003(1.0),6703,14,2015,27337,
STATSNZ:AGR_AGR_003(1.0),6701,11,2015,10711,
STATSNZ:AGR_AGR_003(1.0),6702,8,2015,4736527,
STATSNZ:AGR_AGR_003(1.0),7699,1,2015,4748,
STATSNZ:AGR_AGR_003(1.0),7699,5,2015,12925,
STATSNZ:AGR_AGR_003(1.0),6721,10,2016,8922677,
STATSNZ:AGR_AGR_003(1.0),6721,17,2016,2745109,
STATSNZ:AGR_AGR_003(1.0),6722,14,2016,101,
STATSNZ:AGR_AGR_003(1.0),6723,7,2016,18875,
STATSNZ:AGR_AGR_003(1.0),6723,11,2016,13256,
STATSNZ:AGR_AGR_003(1.0),6724,4,2016,22047,
STATSNZ:AGR_AGR_003(1.0),6727,1,2016,1988,
STATSNZ:AGR_AGR_003(1.0),6727,18,2016,926,
STATSNZ:AGR_AGR_003(1.0),6738,2,2016,30459,
STATSNZ:AGR_AGR_003(1.0),6738,11,2016,36229,
STATSNZ:AGR_AGR_003(1.0),6703,12,2016,3887,
STATSNZ:AGR_AGR_003(1.0),6701,9,2016,54105,
STATSNZ:AGR_AGR_003(1.0),6702,6,2016,2243189,
STATSNZ:AGR_AGR_003(1.0),7699,3,2016,63811,
STATSNZ:AGR_AGR_003(1.0),7699,20,2016,834608,
STATSNZ:AGR_AGR_003(1.0),7685,13,2016,1506,
STATSNZ:AGR_AGR_003(1.0),7077,19,2017,1039267,
STATSNZ:AGR_AGR_003(1.0),7057,17,2017,12118,
STATSNZ:AGR_AGR_003(1.0),7058,14,2017,300,
STATSNZ:AGR_AGR_003(1.0),7059,11,2017,3603,
STATSNZ:AGR_AGR_003(1.0),7059,15,2017,44867,
STATSNZ:AGR_AGR_003(1.0),7064,8,2017,76621,
STATSNZ:AGR_AGR_003(1.0),7065,5,2017,9057,
STATSNZ:AGR_AGR_003(1.0),7066,2,2017,15643,
STATSNZ:AGR_AGR_003(1.0),7067,12,2017,123,
STATSNZ:AGR_AGR_003(1.0),7067,16,2017,31193,
STATSNZ:AGR_AGR_003(1.0),7068,9,2017,2424,
STATSNZ:AGR_AGR_003(1.0),6954,17,2017,408,
STATSNZ:AGR_AGR_003(1.0),6949,14,2017,13,
STATSNZ:AGR_AGR_003(1.0),6951,11,2017,5,
STATSNZ:AGR_AGR_003(1.0),6953,8,2017,14460,
STATSNZ:AGR_AGR_003(1.0),6955,18,2017,0,
STATSNZ:AGR_AGR_003(1.0),7810,15,2017,8055,
STATSNZ:AGR_AGR_003(1.0),7077,7,2018,116437,
STATSNZ:AGR_AGR_003(1.0),7056,4,2018,17113,
STATSNZ:AGR_AGR_003(1.0),7057,1,2018,11583,
STATSNZ:AGR_AGR_003(1.0),7066,20,2018,405034,
STATSNZ:AGR_AGR_003(1.0),6701,12,2018,27,
STATSNZ:AGR_AGR_003(1.0),6702,9,2018,1262389,
STATSNZ:AGR_AGR_003(1.0),7699,2,2018,11066,
STATSNZ:AGR_AGR_003(1.0),7699,6,2018,56466,
STATSNZ:AGR_AGR_003(1.0),7685,16,2018,11886,
STATSNZ:AGR_AGR_003(1.0),7685,20,2018,110140,
STATSNZ:AGR_AGR_003(1.0),7686,13,2018,747,
STATSNZ:AGR_AGR_003(1.0),7687,19,2018,284441,
STATSNZ:AGR_AGR_003(1.0),7688,3,2018,10964,
STATSNZ:AGR_AGR_003(1.0),7696,4,2018,14271,
STATSNZ:AGR_AGR_003(1.0),6954,1,2018,3174,
STATSNZ:AGR_AGR_003(1.0),6951,8,2018,250,
STATSNZ:AGR_AGR_003(1.0),6953,5,2018,,s
STATSNZ:AGR_AGR_003(1.0),6722,4,2019,,s
STATSNZ:AGR_AGR_003(1.0),6722,8,2019,,s
STATSNZ:AGR_AGR_003(1.0),6723,1,2019,28491,
STATSNZ:AGR_AGR_003(1.0),6723,18,2019,,s
STATSNZ:AGR_AGR_003(1.0),6724,15,2019,831955,
STATSNZ:AGR_AGR_003(1.0),6727,12,2019,,s
STATSNZ:AGR_AGR_003(1.0),6738,5,2019,190719,
STATSNZ:AGR_AGR_003(1.0),6738,9,2019,174408,
STATSNZ:AGR_AGR_003(1.0),6703,2,2019,,s
STATSNZ:AGR_AGR_003(1.0),6703,6,2019,2074740,
STATSNZ:AGR_AGR_003(1.0),6701,3,2019,89903,
STATSNZ:AGR_AGR_003(1.0),6702,10,2019,10854049,
STATSNZ:AGR_AGR_003(1.0),7699,19,2019,565763,
STATSNZ:AGR_AGR_003(1.0),7685,7,2019,,s
STATSNZ:AGR_AGR_003(1.0),7686,4,2019,,s
STATSNZ:AGR_AGR_003(1.0),7072,1,2020,34377,
STATSNZ:AGR_AGR_003(1.0),7072,18,2020,0,
STATSNZ:AGR_AGR_003(1.0),7073,11,2020,,s
STATSNZ:AGR_AGR_003(1.0),7073,15,2020,,s
STATSNZ:AGR_AGR_003(1.0),7074,8,2020,149042,
STATSNZ:AGR_AGR_003(1.0),7193,5,2020,,s
STATSNZ:AGR_AGR_003(1.0),7184,2,2020,,s
STATSNZ:AGR_AGR_003(1.0),7185,3,2020,25634,
STATSNZ:AGR_AGR_003(1.0),7185,12,2020,,s
STATSNZ:AGR_AGR_003(1.0),7186,13,2020,,s
STATSNZ:AGR_AGR_003(1.0),7187,19,2020,1969514,
STATSNZ:AGR_AGR_003(1.0),7188,3,2020,87631,
STATSNZ:AGR_AGR_003(1.0),7188,7,2020,,s
STATSNZ:AGR_AGR_003(1.0),7190,10,2020,2637514,
STATSNZ:AGR_AGR_003(1.0),7190,17,2020,519364,
STATSNZ:AGR_AGR_003(1.0),6731,16,2021,4520718,
STATSNZ:AGR_AGR_003(1.0),6720,13,2021,4668,
STATSNZ:AGR_AGR_003(1.0),6721,19,2021,8448218,
STATSNZ:AGR_AGR_003(1.0),6722,3,2021,,s
STATSNZ:AGR_AGR_003(1.0),6722,7,2021,,s
STATSNZ:AGR_AGR_003(1.0),6723,10,2021,1059383,
STATSNZ:AGR_AGR_003(1.0),6723,17,2021,221609,
STATSNZ:AGR_AGR_003(1.0),6724,14,2021,,s
STATSNZ:AGR_AGR_003(1.0),6727,7,2021,544,
STATSNZ:AGR_AGR_003(1.0),6738,8,2021,472506,
STATSNZ:AGR_AGR_003(1.0),6703,5,2021,1380448,
STATSNZ:AGR_AGR_003(1.0),6701,2,2021,,s
STATSNZ:AGR_AGR_003(1.0),6702,20,2021,21593562,
STATSNZ:AGR_AGR_003(1.0),7057,20,2022,168569,
STATSNZ:AGR_AGR_003(1.0),6723,12,2022,,s
STATSNZ:AGR_AGR_003(1.0),6724,9,2022,215638,
STATSNZ:AGR_AGR_003(1.0),6727,2,2022,591,
STATSNZ:AGR_AGR_003(1.0),6727,6,2022,2662,
STATSNZ:AGR_AGR_003(1.0),6738,16,2022,314564,
STATSNZ:AGR_AGR_003(1.0),6738,20,2022,2982832,
STATSNZ:AGR_AGR_003(1.0),6703,13,2022,289037,
STATSNZ:AGR_AGR_003(1.0),6701,19,2022,563964,
STATSNZ:AGR_AGR_003(1.0),7699,4,2022,22820,
STATSNZ:AGR_AGR_003(1.0),7685,1,2022,,s
STATSNZ:AGR_AGR_003(1.0),7072,12,2023,0,
STATSNZ:AGR_AGR_003(1.0),7073,5,2023,8973,
STATSNZ:AGR_AGR_003(1.0),7073,9,2023,,s
STATSNZ:AGR_AGR_003(1.0),7074,2,2023,,s
STATSNZ:AGR_AGR_003(1.0),7193,16,2023,300961,
STATSNZ:AGR_AGR_003(1.0),7193,20,2023,5884627,
STATSNZ:AGR_AGR_003(1.0),7184,9,2023,12078,
STATSNZ:AGR_AGR_003(1.0),7184,13,2023,,s
STATSNZ:AGR_AGR_003(1.0),7185,6,2023,,s
STATSNZ:AGR_AGR_003(1.0),7186,3,2023,,s
STATSNZ:AGR_AGR_003(1.0),7186,7,2023,,s
STATSNZ:AGR_AGR_003(1.0),7187,4,2023,175429,
STATSNZ:AGR_AGR_003(1.0),7188,1,2023,18819,
STATSNZ:AGR_AGR_003(1.0),7190,11,2023,36730,
STATSNZ:AGR_AGR_003(1.0),6731,8,2023,4411333,
STATSNZ:AGR_AGR_003(1.0),6720,5,2023,11983,
STATSNZ:AGR_AGR_003(1.0),7059,15,2024,,s
STATSNZ:AGR_AGR_003(1.0),7067,16,2024,43436,
STATSNZ:AGR_AGR_003(1.0),6731,7,2024,435204,
STATSNZ:AGR_AGR_003(1.0),6720,4,2024,,s
STATSNZ:AGR_AGR_003(1.0),6721,1,2024,94970,
STATSNZ:AGR_AGR_003(1.0),6722,11,2024,,s
STATSNZ:AGR_AGR_003(1.0),6723,8,2024,317823,
STATSNZ:AGR_AGR_003(1.0),6738,20,2024,2764549,
STATSNZ:AGR_AGR_003(1.0),7699,3,1994,161997,
STATSNZ:AGR_AGR_003(1.0),7193,14,1994,79251,
STATSNZ:AGR_AGR_003(1.0),6738,2,1994,54229,
STATSNZ:AGR_AGR_003(1.0),7688,15,1994,40562,
STATSNZ:AGR_AGR_003(1.0),6954,9,1994,20390,
STATSNZ:AGR_AGR_003(1.0),7687,5,1994,11116,
STATSNZ:AGR_AGR_003(1.0),7190,17,2002,196850,
STATSNZ:AGR_AGR_003(1.0),7074,1,2002,107864,
STATSNZ:AGR_AGR_003(1.0),7059,15,2002,39801,
STATSNZ:AGR_AGR_003(1.0),6953,8,2002,22391,
STATSNZ:AGR_AGR_003(1.0),7066,2,2002,22099,
STATSNZ:AGR_AGR_003(1.0),7071,19,2002,20848,
STATSNZ:AGR_AGR_003(1.0),7073,4,2002,18322,
STATSNZ:AGR_AGR_003(1.0),6954,4,2002,9497,
STATSNZ:AGR_AGR_003(1.0),7687,2,2002,8655,
STATSNZ:AGR_AGR_003(1.0),7686,5,2002,5760,
STATSNZ:AGR_AGR_003(1.0),7065,9,2002,5364,
STATSNZ:AGR_AGR_003(1.0),7810,6,2002,4598,
STATSNZ:AGR_AGR_003(1.0),7186,13,2002,94,
STATSNZ:AGR_AGR_003(1.0),6724,7,2003,91127,
STATSNZ:AGR_AGR_003(1.0),6738,1,2003,74918,
STATSNZ:AGR_AGR_003(1.0),6949,5,2003,213,
STATSNZ:AGR_AGR_003(1.0),6953,16,2003,15891,
STATSNZ:AGR_AGR_003(1.0),6953,20,2003,327868,
STATSNZ:AGR_AGR_003(1.0),6955,9,2003,30674,
STATSNZ:AGR_AGR_003(1.0),7056,15,2003,146758,
STATSNZ:AGR_AGR_003(1.0),7057,8,2003,25781,
STATSNZ:AGR_AGR_003(1.0),7059,6,2003,51953,
STATSNZ:AGR_AGR_003(1.0),7064,20,2003,581091,
STATSNZ:AGR_AGR_003(1.0),7066,19,2003,121316,
STATSNZ:AGR_AGR_003(1.0),7193,13,2003,28233,
STATSNZ:AGR_AGR_003(1.0),7685,19,2003,88893,
STATSNZ:AGR_AGR_003(1.0),7688,14,2003,5256,
STATSNZ:AGR_AGR_003(1.0),7074,4,2004,24910,
STATSNZ:AGR_AGR_003(1.0),7074,10,2004,700638,
STATSNZ:AGR_AGR_003(1.0),7185,8,2004,4578,
STATSNZ:AGR_AGR_003(1.0),7187,2,2004,112386,
STATSNZ:AGR_AGR_003(1.0),7188,20,2004,174124,
STATSNZ:AGR_AGR_003(1.0),6720,3,2004,29289,
STATSNZ:AGR_AGR_003(1.0),6723,5,2004,154277,
STATSNZ:AGR_AGR_003(1.0),6724,2,2004,43874,
STATSNZ:AGR_AGR_003(1.0),7056,1,2005,92596,
STATSNZ:AGR_AGR_003(1.0),7057,11,2005,1272,
STATSNZ:AGR_AGR_003(1.0),7059,5,2005,24670,
STATSNZ:AGR_AGR_003(1.0),7067,17,2005,29839,
STATSNZ:AGR_AGR_003(1.0),7068,14,2005,855,
STATSNZ:AGR_AGR_003(1.0),6724,6,2005,679540,
STATSNZ:AGR_AGR_003(1.0),6701,5,2005,77962,
STATSNZ:AGR_AGR_003(1.0),6702,15,2005,5594608,
STATSNZ:AGR_AGR_003(1.0),7688,10,2005,125986,
STATSNZ:AGR_AGR_003(1.0),6954,11,2005,494,
STATSNZ:AGR_AGR_003(1.0),6951,16,2005,190,
STATSNZ:AGR_AGR_003(1.0),7056,9,2006,49731,
STATSNZ:AGR_AGR_003(1.0),7057,2,2006,6248,
STATSNZ:AGR_AGR_003(1.0),7059,10,2006,273386,
STATSNZ:AGR_AGR_003(1.0),7066,4,2006,17306,
STATSNZ:AGR_AGR_003(1.0),7073,13,2006,2824,
STATSNZ:AGR_AGR_003(1.0),7184,17,2006,57299,
STATSNZ:AGR_AGR_003(1.0),7685,4,2006,5527,
STATSNZ:AGR_AGR_003(1.0),7687,15,2006,196629,
STATSNZ:AGR_AGR_003(1.0),7688,8,2006,23600,
STATSNZ:AGR_AGR_003(1.0),6954,6,2006,7931,
STATSNZ:AGR_AGR_003(1.0),6949,20,2006,36507,
STATSNZ:AGR_AGR_003(1.0),6953,19,2006,186664,
STATSNZ:AGR_AGR_003(1.0),6955,3,2006,108922,
STATSNZ:AGR_AGR_003(1.0),6955,7,2006,31202,
STATSNZ:AGR_AGR_003(1.0),7056,17,2007,55253,
STATSNZ:AGR_AGR_003(1.0),7185,2,2007,1116,
STATSNZ:AGR_AGR_003(1.0),7190,14,2007,108069,
STATSNZ:AGR_AGR_003(1.0),6721,18,2007,37389,
STATSNZ:AGR_AGR_003(1.0),6722,15,2007,77609,
STATSNZ:AGR_AGR_003(1.0),6723,16,2007,326717,
STATSNZ:AGR_AGR_003(1.0),6723,20,2007,2524730,
STATSNZ:AGR_AGR_003(1.0),6724,9,2007,279036,
STATSNZ:AGR_AGR_003(1.0),6724,13,2007,79293,
STATSNZ:AGR_AGR_003(1.0),6703,10,2007,15720815,
STATSNZ:AGR_AGR_003(1.0),6703,17,2007,5853449,
STATSNZ:AGR_AGR_003(1.0),6701,19,2007,692763,
STATSNZ:AGR_AGR_003(1.0),7077,8,2008,583129,
STATSNZ:AGR_AGR_003(1.0),7056,1,2008,89980,
STATSNZ:AGR_AGR_003(1.0),7059,5,2008,24499,
STATSNZ:AGR_AGR_003(1.0),7065,3,2008,59310,
STATSNZ:AGR_AGR_003(1.0),7068,7,2008,3659,
STATSNZ:AGR_AGR_003(1.0),7074,6,2008,107582,
STATSNZ:AGR_AGR_003(1.0),7193,16,2008,232905,
STATSNZ:AGR_AGR_003(1.0),7185,19,2008,20907,
STATSNZ:AGR_AGR_003(1.0),7686,14,2008,7027,
STATSNZ:AGR_AGR_003(1.0),7687,7,2008,1286,
STATSNZ:AGR_AGR_003(1.0),7696,1,2008,1863,
STATSNZ:AGR_AGR_003(1.0),6954,15,2008,177306,
STATSNZ:AGR_AGR_003(1.0),7810,13,2008,710,
STATSNZ:AGR_AGR_003(1.0),7058,7,2009,7866,
STATSNZ:AGR_AGR_003(1.0),7187,16,2009,209668,
STATSNZ:AGR_AGR_003(1.0),7188,9,2009,6502,
STATSNZ:AGR_AGR_003(1.0),7696,13,2009,2678,
STATSNZ:AGR_AGR_003(1.0),6954,6,2009,8731,
STATSNZ:AGR_AGR_003(1.0),6951,10,2009,2462,
STATSNZ:AGR_AGR_003(1.0),7064,6,2010,48860,
STATSNZ:AGR_AGR_003(1.0),6731,1,2010,430740,
STATSNZ:AGR_AGR_003(1.0),6724,20,2010,4834558,
STATSNZ:AGR_AGR_003(1.0),6701,15,2010,98780,
STATSNZ:AGR_AGR_003(1.0),6702,8,2010,4670650,
STATSNZ:AGR_AGR_003(1.0),7685,6,2010,6433,
STATSNZ:AGR_AGR_003(1.0),7686,16,2010,38375,
STATSNZ:AGR_AGR_003(1.0),7686,20,2010,249126,
STATSNZ:AGR_AGR_003(1.0),7688,19,2010,165549,
STATSNZ:AGR_AGR_003(1.0),7696,3,2010,29947,
STATSNZ:AGR_AGR_003(1.0),7056,12,2011,702,
STATSNZ:AGR_AGR_003(1.0),7058,6,2011,19512,
STATSNZ:AGR_AGR_003(1.0),7059,20,2011,317487,
STATSNZ:AGR_AGR_003(1.0),7065,19,2011,35815,
STATSNZ:AGR_AGR_003(1.0),7066,18,2011,541,
STATSNZ:AGR_AGR_003(1.0),7067,15,2011,68748,
STATSNZ:AGR_AGR_003(1.0),7068,1,2011,5626,
STATSNZ:AGR_AGR_003(1.0),7074,17,2011,49308,
STATSNZ:AGR_AGR_003(1.0),7193,19,2011,2211889,
STATSNZ:AGR_AGR_003(1.0),7686,8,2011,14800,
STATSNZ:AGR_AGR_003(1.0),7687,1,2011,1369,
STATSNZ:AGR_AGR_003(1.0),6951,3,2011,746,
STATSNZ:AGR_AGR_003(1.0),7810,7,2011,2178,
STATSNZ:AGR_AGR_003(1.0),7057,7,2012,4320,
STATSNZ:AGR_AGR_003(1.0),7059,1,2012,33612,
STATSNZ:AGR_AGR_003(1.0),7064,11,2012,5201,
STATSNZ:AGR_AGR_003(1.0),7067,2,2012,12712,
STATSNZ:AGR_AGR_003(1.0),7068,19,2012,23546,
STATSNZ:AGR_AGR_003(1.0),7073,14,2012,1390,
STATSNZ:AGR_AGR_003(1.0),7073,18,2012,,c
STATSNZ:AGR_AGR_003(1.0),7184,5,2012,4261,
STATSNZ:AGR_AGR_003(1.0),7186,16,2012,2016,
STATSNZ:AGR_AGR_003(1.0),7187,9,2012,80360,
STATSNZ:AGR_AGR_003(1.0),7688,13,2012,1424,
STATSNZ:AGR_AGR_003(1.0),7696,6,2012,22362,
STATSNZ:AGR_AGR_003(1.0),6949,10,2012,12789,
STATSNZ:AGR_AGR_003(1.0),6949,17,2012,298,
STATSNZ:AGR_AGR_003(1.0),6955,8,2012,55114,
STATSNZ:AGR_AGR_003(1.0),7077,11,2013,42268,
STATSNZ:AGR_AGR_003(1.0),7185,6,2013,1606,
STATSNZ:AGR_AGR_003(1.0),7187,15,2013,997876,
STATSNZ:AGR_AGR_003(1.0),7188,8,2013,32489,
STATSNZ:AGR_AGR_003(1.0),6720,12,2013,59,
STATSNZ:AGR_AGR_003(1.0),6721,9,2013,1005288,
STATSNZ:AGR_AGR_003(1.0),6722,19,2013,77153,
STATSNZ:AGR_AGR_003(1.0),6723,3,2013,151639,
STATSNZ:AGR_AGR_003(1.0),6723,7,2013,29995,
STATSNZ:AGR_AGR_003(1.0),6738,11,2013,37236,
STATSNZ:AGR_AGR_003(1.0),6703,4,2013,274857,
STATSNZ:AGR_AGR_003(1.0),7058,10,2014,108604,
STATSNZ:AGR_AGR_003(1.0),7059,19,2014,85364,
STATSNZ:AGR_AGR_003(1.0),7065,4,2014,5837,
STATSNZ:AGR_AGR_003(1.0),7066,1,2014,38141,
STATSNZ:AGR_AGR_003(1.0),7067,9,2014,13545,
STATSNZ:AGR_AGR_003(1.0),7072,13,2014,2132,
STATSNZ:AGR_AGR_003(1.0),7073,20,2014,246156,
STATSNZ:AGR_AGR_003(1.0),7074,11,2014,8931,
STATSNZ:AGR_AGR_003(1.0),7193,4,2014,333375,
STATSNZ:AGR_AGR_003(1.0),7185,15,2014,14383,
STATSNZ:AGR_AGR_003(1.0),7186,8,2014,4919,
STATSNZ:AGR_AGR_003(1.0),7188,2,2014,8568,
STATSNZ:AGR_AGR_003(1.0),7687,12,2014,0,
STATSNZ:AGR_AGR_003(1.0),7696,6,2014,19771,
STATSNZ:AGR_AGR_003(1.0),6954,16,2014,13309,
STATSNZ:AGR_AGR_003(1.0),6954,20,2014,286971,
STATSNZ:AGR_AGR_003(1.0),6953,3,2014,25917,
STATSNZ:AGR_AGR_003(1.0),6955,15,2014,377326,
STATSNZ:AGR_AGR_003(1.0),7810,1,2014,2363,
STATSNZ:AGR_AGR_003(1.0),7064,5,2015,31535,
STATSNZ:AGR_AGR_003(1.0),7068,17,2015,4558,
STATSNZ:AGR_AGR_003(1.0),7071,14,2015,,c
STATSNZ:AGR_AGR_003(1.0),7072,10,2015,219521,
STATSNZ:AGR_AGR_003(1.0),7073,8,2015,31857,
STATSNZ:AGR_AGR_003(1.0),7074,18,2015,5169,
STATSNZ:AGR_AGR_003(1.0),7184,16,2015,73721,
STATSNZ:AGR_AGR_003(1.0),7184,20,2015,980108,
STATSNZ:AGR_AGR_003(1.0),7187,3,2015,1417638,
STATSNZ:AGR_AGR_003(1.0),7688,7,2015,,s
STATSNZ:AGR_AGR_003(1.0),7696,10,2015,109993,
STATSNZ:AGR_AGR_003(1.0),6949,11,2015,74,
STATSNZ:AGR_AGR_003(1.0),6951,8,2015,253,
STATSNZ:AGR_AGR_003(1.0),6955,2,2015,,c
STATSNZ:AGR_AGR_003(1.0),7064,3,2016,63251,
STATSNZ:AGR_AGR_003(1.0),7067,7,2016,12368,
STATSNZ:AGR_AGR_003(1.0),7068,15,2016,10614,
STATSNZ:AGR_AGR_003(1.0),7071,12,2016,0,
STATSNZ:AGR_AGR_003(1.0),7073,6,2016,43583,
STATSNZ:AGR_AGR_003(1.0),7074,16,2016,81574,
STATSNZ:AGR_AGR_003(1.0),7184,14,2016,27113,
STATSNZ:AGR_AGR_003(1.0),7185,7,2016,2624,
STATSNZ:AGR_AGR_003(1.0),7187,1,2016,315557,
STATSNZ:AGR_AGR_003(1.0),7187,18,2016,0,
STATSNZ:AGR_AGR_003(1.0),7688,5,2016,1784,
STATSNZ:AGR_AGR_003(1.0),6949,9,2016,1122,
STATSNZ:AGR_AGR_003(1.0),6951,2,2016,,c
STATSNZ:AGR_AGR_003(1.0),6951,6,2016,,c
STATSNZ:AGR_AGR_003(1.0),6955,10,2016,216856,
STATSNZ:AGR_AGR_003(1.0),7068,20,2017,76302,
STATSNZ:AGR_AGR_003(1.0),7074,15,2017,117305,
STATSNZ:AGR_AGR_003(1.0),7193,8,2017,463057,
STATSNZ:AGR_AGR_003(1.0),7186,12,2017,107,
STATSNZ:AGR_AGR_003(1.0),7188,19,2017,174388,
STATSNZ:AGR_AGR_003(1.0),7190,3,2017,1393438,
STATSNZ:AGR_AGR_003(1.0),6720,14,2017,610,
STATSNZ:AGR_AGR_003(1.0),6721,11,2017,167758,
STATSNZ:AGR_AGR_003(1.0),6703,17,2017,4164046,
STATSNZ:AGR_AGR_003(1.0),6951,1,2017,25,
STATSNZ:AGR_AGR_003(1.0),6953,11,2017,156,
STATSNZ:AGR_AGR_003(1.0),7184,2,2018,16558,
STATSNZ:AGR_AGR_003(1.0),7187,4,2018,241822,
STATSNZ:AGR_AGR_003(1.0),6731,8,2018,5060276,
STATSNZ:AGR_AGR_003(1.0),6720,5,2018,15113,
STATSNZ:AGR_AGR_003(1.0),6721,6,2018,1578625,
STATSNZ:AGR_AGR_003(1.0),6722,3,2018,41215,
STATSNZ:AGR_AGR_003(1.0),6722,20,2018,379309,
STATSNZ:AGR_AGR_003(1.0),6727,3,2018,2111,
STATSNZ:AGR_AGR_003(1.0),6727,7,2018,237,
STATSNZ:AGR_AGR_003(1.0),6738,15,2018,797291,
STATSNZ:AGR_AGR_003(1.0),7067,1,2019,33871,
STATSNZ:AGR_AGR_003(1.0),7071,6,2019,13951,
STATSNZ:AGR_AGR_003(1.0),7073,17,2019,,s
STATSNZ:AGR_AGR_003(1.0),7074,19,2019,319292,
STATSNZ:AGR_AGR_003(1.0),7184,4,2019,41872,
STATSNZ:AGR_AGR_003(1.0),7184,8,2019,,s
STATSNZ:AGR_AGR_003(1.0),7185,1,2019,3257,
STATSNZ:AGR_AGR_003(1.0),7187,12,2019,,s
STATSNZ:AGR_AGR_003(1.0),6731,20,2019,26821846,
STATSNZ:AGR_AGR_003(1.0),6949,3,2019,2760,
STATSNZ:AGR_AGR_003(1.0),6951,10,2019,1409,
STATSNZ:AGR_AGR_003(1.0),7056,17,2020,64363,
STATSNZ:AGR_AGR_003(1.0),7057,14,2020,,s
STATSNZ:AGR_AGR_003(1.0),7058,15,2020,19552,
STATSNZ:AGR_AGR_003(1.0),7059,8,2020,49044,
STATSNZ:AGR_AGR_003(1.0),7059,12,2020,,s
STATSNZ:AGR_AGR_003(1.0),7066,12,2020,266,
STATSNZ:AGR_AGR_003(1.0),6723,16,2020,268916,
STATSNZ:AGR_AGR_003(1.0),6723,20,2020,1860128,
STATSNZ:AGR_AGR_003(1.0),6724,13,2020,87514,
STATSNZ:AGR_AGR_003(1.0),6738,7,2020,33003,
STATSNZ:AGR_AGR_003(1.0),6703,10,2020,11259964,
STATSNZ:AGR_AGR_003(1.0),6703,17,2020,3495686,
STATSNZ:AGR_AGR_003(1.0),7699,8,2020,49653,
STATSNZ:AGR_AGR_003(1.0),7685,16,2020,13938,
STATSNZ:AGR_AGR_003(1.0),7686,2,2020,,s
STATSNZ:AGR_AGR_003(1.0),6954,14,2020,83,
STATSNZ:AGR_AGR_003(1.0),6949,11,2020,,s
STATSNZ:AGR_AGR_003(1.0),7058,2,2021,,s
STATSNZ:AGR_AGR_003(1.0),7066,18,2021,,s
STATSNZ:AGR_AGR_003(1.0),7071,5,2021,8088,
STATSNZ:AGR_AGR_003(1.0),7073,16,2021,19312,
STATSNZ:AGR_AGR_003(1.0),7074,9,2021,37533,
STATSNZ:AGR_AGR_003(1.0),7074,13,2021,23202,
STATSNZ:AGR_AGR_003(1.0),7184,7,2021,62176,
STATSNZ:AGR_AGR_003(1.0),7185,10,2021,46889,
STATSNZ:AGR_AGR_003(1.0),7185,17,2021,,s
STATSNZ:AGR_AGR_003(1.0),7190,16,2021,244241,
STATSNZ:AGR_AGR_003(1.0),7696,8,2021,15473,
STATSNZ:AGR_AGR_003(1.0),6951,12,2021,0,
STATSNZ:AGR_AGR_003(1.0),6953,7,2021,9363,
STATSNZ:AGR_AGR_003(1.0),6955,17,2021,2037,
STATSNZ:AGR_AGR_003(1.0),7073,11,2022,1916,
STATSNZ:AGR_AGR_003(1.0),7074,4,2022,24587,
STATSNZ:AGR_AGR_003(1.0),7184,15,2022,184179,
STATSNZ:AGR_AGR_003(1.0),7185,8,2022,5699,
STATSNZ:AGR_AGR_003(1.0),7187,6,2022,45457,
STATSNZ:AGR_AGR_003(1.0),7188,20,2022,313503,
STATSNZ:AGR_AGR_003(1.0),6731,19,2022,12848265,
STATSNZ:AGR_AGR_003(1.0),6721,15,2022,2353110,
STATSNZ:AGR_AGR_003(1.0),6951,7,2022,194,
STATSNZ:AGR_AGR_003(1.0),7056,11,2023,6899,
STATSNZ:AGR_AGR_003(1.0),7057,8,2023,20784,
STATSNZ:AGR_AGR_003(1.0),7058,9,2023,5463,
STATSNZ:AGR_AGR_003(1.0),7059,2,2023,16971,
STATSNZ:AGR_AGR_003(1.0),7066,6,2023,42636,
STATSNZ:AGR_AGR_003(1.0),7066,19,2023,133789,
STATSNZ:AGR_AGR_003(1.0),7067,3,2023,61536,
STATSNZ:AGR_AGR_003(1.0),6723,19,2023,762212,
STATSNZ:AGR_AGR_003(1.0),6724,7,2023,53421,
STATSNZ:AGR_AGR_003(1.0),6703,11,2023,166218,
STATSNZ:AGR_AGR_003(1.0),7699,2,2023,5538,
STATSNZ:AGR_AGR_003(1.0),7699,13,2023,4954,
STATSNZ:AGR_AGR_003(1.0),7687,6,2023,21634,
STATSNZ:AGR_AGR_003(1.0),7688,14,2023,2018,
STATSNZ:AGR_AGR_003(1.0),6954,8,2023,13407,
STATSNZ:AGR_AGR_003(1.0),6949,5,2023,,s
STATSNZ:AGR_AGR_003(1.0),6955,9,2023,15635,
STATSNZ:AGR_AGR_003(1.0),7065,12,2024,16,
STATSNZ:AGR_AGR_003(1.0),7068,16,2024,6450,
STATSNZ:AGR_AGR_003(1.0),7068,20,2024,68603,
STATSNZ:AGR_AGR_003(1.0),7071,13,2024,,s
STATSNZ:AGR_AGR_003(1.0),7073,7,2024,,s
STATSNZ:AGR_AGR_003(1.0),7074,15,2024,150536,
STATSNZ:AGR_AGR_003(1.0),7185,8,2024,5026,
STATSNZ:AGR_AGR_003(1.0),7188,19,2024,93292,
STATSNZ:AGR_AGR_003(1.0),6720,14,2024,296,
STATSNZ:AGR_AGR_003(1.0),6721,11,2024,119605,
STATSNZ:AGR_AGR_003(1.0),7696,20,2024,246915,
STATSNZ:AGR_AGR_003(1.0),6951,1,2024,0,
STATSNZ:AGR_AGR_003(1.0),6951,18,2024,0,
STATSNZ:AGR_AGR_003(1.0),6953,11,2024,,s
STATSNZ:AGR_AGR_003(1.0),6953,15,2024,153845,
STATSNZ:AGR_AGR_003(1.0),6721,3,1994,2480171,
STATSNZ:AGR_AGR_003(1.0),7190,20,1994,2455975,
STATSNZ:AGR_AGR_003(1.0),6722,10,1994,345867,
STATSNZ:AGR_AGR_003(1.0),7193,4,1994,285752,
STATSNZ:AGR_AGR_003(1.0),7187,1,1994,279457,
STATSNZ:AGR_AGR_003(1.0),6720,6,1994,46928,
STATSNZ:AGR_AGR_003(1.0),7184,14,1994,14143,
STATSNZ:AGR_AGR_003(1.0),7188,15,1994,7589,
STATSNZ:AGR_AGR_003(1.0),7187,5,1994,4161,
STATSNZ:AGR_AGR_003(1.0),7186,8,1994,1133,
STATSNZ:AGR_AGR_003(1.0),7185,11,1994,380,
STATSNZ:AGR_AGR_003(1.0),7187,10,2002,2865399,
STATSNZ:AGR_AGR_003(1.0),6727,20,2002,822461,
STATSNZ:AGR_AGR_003(1.0),7190,7,2002,435659,
STATSNZ:AGR_AGR_003(1.0),6731,4,2002,415379,
STATSNZ:AGR_AGR_003(1.0),6721,11,2002,232378,
STATSNZ:AGR_AGR_003(1.0),7188,19,2002,56111,
STATSNZ:AGR_AGR_003(1.0),6724,2,2002,42806,
STATSNZ:AGR_AGR_003(1.0),7058,15,2002,13444,
STATSNZ:AGR_AGR_003(1.0),7057,18,2002,446,
STATSNZ:AGR_AGR_003(1.0),6720,5,2003,20857,
STATSNZ:AGR_AGR_003(1.0),7073,9,2003,18701,
STATSNZ:AGR_AGR_003(1.0),7074,6,2003,125525,
STATSNZ:AGR_AGR_003(1.0),7184,13,2003,5760,
STATSNZ:AGR_AGR_003(1.0),7185,19,2003,11639,
STATSNZ:AGR_AGR_003(1.0),7187,4,2003,257457,
STATSNZ:AGR_AGR_003(1.0),7193,20,2003,5101603,
STATSNZ:AGR_AGR_003(1.0),7071,19,2004,19893,
STATSNZ:AGR_AGR_003(1.0),7073,17,2004,14082,
STATSNZ:AGR_AGR_003(1.0),7074,14,2004,11115,
STATSNZ:AGR_AGR_003(1.0),7193,11,2004,70848,
STATSNZ:AGR_AGR_003(1.0),6727,2,2004,3238,
STATSNZ:AGR_AGR_003(1.0),6738,20,2004,3073025,
STATSNZ:AGR_AGR_003(1.0),6701,6,2004,120424,
STATSNZ:AGR_AGR_003(1.0),7071,14,2005,339,
STATSNZ:AGR_AGR_003(1.0),7072,11,2005,1088,
STATSNZ:AGR_AGR_003(1.0),7074,1,2005,96057,
STATSNZ:AGR_AGR_003(1.0),7074,5,2005,90632,
STATSNZ:AGR_AGR_003(1.0),7193,2,2005,122015,
STATSNZ:AGR_AGR_003(1.0),7184,20,2005,704948,
STATSNZ:AGR_AGR_003(1.0),7187,3,2005,1437333,
STATSNZ:AGR_AGR_003(1.0),7188,10,2005,153884,
STATSNZ:AGR_AGR_003(1.0),7074,10,2006,682391,
STATSNZ:AGR_AGR_003(1.0),7193,19,2006,1454875,
STATSNZ:AGR_AGR_003(1.0),7184,7,2006,85978,
STATSNZ:AGR_AGR_003(1.0),6731,2,2006,293760,
STATSNZ:AGR_AGR_003(1.0),6720,20,2006,384896,
STATSNZ:AGR_AGR_003(1.0),7065,16,2007,10378,
STATSNZ:AGR_AGR_003(1.0),7071,17,2007,2804,
STATSNZ:AGR_AGR_003(1.0),7072,14,2007,754,
STATSNZ:AGR_AGR_003(1.0),7073,11,2007,3530,
STATSNZ:AGR_AGR_003(1.0),7074,8,2007,157879,
STATSNZ:AGR_AGR_003(1.0),7184,15,2007,119760,
STATSNZ:AGR_AGR_003(1.0),6703,3,2007,2306051,
STATSNZ:AGR_AGR_003(1.0),6701,10,2007,755327,
STATSNZ:AGR_AGR_003(1.0),7190,12,2008,1279,
STATSNZ:AGR_AGR_003(1.0),6731,9,2008,1779247,
STATSNZ:AGR_AGR_003(1.0),6721,16,2008,3866080,
STATSNZ:AGR_AGR_003(1.0),6723,14,2008,2894,
STATSNZ:AGR_AGR_003(1.0),6738,1,2008,80507,
STATSNZ:AGR_AGR_003(1.0),6703,15,2008,5256713,
STATSNZ:AGR_AGR_003(1.0),6701,8,2008,226336,
STATSNZ:AGR_AGR_003(1.0),7077,2,2009,135008,
STATSNZ:AGR_AGR_003(1.0),6723,5,2009,94193,
STATSNZ:AGR_AGR_003(1.0),6724,15,2009,764976,
STATSNZ:AGR_AGR_003(1.0),6738,13,2009,41088,
STATSNZ:AGR_AGR_003(1.0),6703,19,2009,14834718,
STATSNZ:AGR_AGR_003(1.0),6701,3,2009,47620,
STATSNZ:AGR_AGR_003(1.0),6702,10,2009,12666762,
STATSNZ:AGR_AGR_003(1.0),6702,17,2009,4831227,
STATSNZ:AGR_AGR_003(1.0),7699,14,2009,40162,
STATSNZ:AGR_AGR_003(1.0),7685,7,2009,991,
STATSNZ:AGR_AGR_003(1.0),7686,4,2009,13874,
STATSNZ:AGR_AGR_003(1.0),7066,3,2010,68234,
STATSNZ:AGR_AGR_003(1.0),7067,10,2010,307304,
STATSNZ:AGR_AGR_003(1.0),7068,19,2010,21771,
STATSNZ:AGR_AGR_003(1.0),7073,1,2010,32717,
STATSNZ:AGR_AGR_003(1.0),7186,20,2010,31342,
STATSNZ:AGR_AGR_003(1.0),7810,16,2010,3184,
STATSNZ:AGR_AGR_003(1.0),7810,20,2010,64105,
STATSNZ:AGR_AGR_003(1.0),6731,3,2011,1838297,
STATSNZ:AGR_AGR_003(1.0),6720,17,2011,37569,
STATSNZ:AGR_AGR_003(1.0),6721,19,2011,10581905,
STATSNZ:AGR_AGR_003(1.0),6724,18,2011,11358,
STATSNZ:AGR_AGR_003(1.0),6738,12,2011,406,
STATSNZ:AGR_AGR_003(1.0),6703,5,2011,1244702,
STATSNZ:AGR_AGR_003(1.0),6703,9,2011,1375645,
STATSNZ:AGR_AGR_003(1.0),6701,2,2011,7624,
STATSNZ:AGR_AGR_003(1.0),6702,16,2011,4100572,
STATSNZ:AGR_AGR_003(1.0),6702,20,2011,24093283,
STATSNZ:AGR_AGR_003(1.0),7077,19,2012,1074869,
STATSNZ:AGR_AGR_003(1.0),7057,17,2012,10207,
STATSNZ:AGR_AGR_003(1.0),7058,14,2012,922,
STATSNZ:AGR_AGR_003(1.0),7059,11,2012,4614,
STATSNZ:AGR_AGR_003(1.0),7186,2,2012,1283,
STATSNZ:AGR_AGR_003(1.0),7187,20,2012,5009795,
STATSNZ:AGR_AGR_003(1.0),7190,6,2012,34411,
STATSNZ:AGR_AGR_003(1.0),7686,16,2012,30682,
STATSNZ:AGR_AGR_003(1.0),7077,1,2013,396376,
STATSNZ:AGR_AGR_003(1.0),7056,11,2013,10489,
STATSNZ:AGR_AGR_003(1.0),7057,8,2013,18077,
STATSNZ:AGR_AGR_003(1.0),7058,1,2013,15476,
STATSNZ:AGR_AGR_003(1.0),7058,5,2013,15525,
STATSNZ:AGR_AGR_003(1.0),7059,2,2013,18557,
STATSNZ:AGR_AGR_003(1.0),7064,20,2013,483433,
STATSNZ:AGR_AGR_003(1.0),7067,3,2013,52208,
STATSNZ:AGR_AGR_003(1.0),7068,10,2013,52830,
STATSNZ:AGR_AGR_003(1.0),7699,13,2013,8072,
STATSNZ:AGR_AGR_003(1.0),7685,6,2013,7129,
STATSNZ:AGR_AGR_003(1.0),7685,19,2013,58195,
STATSNZ:AGR_AGR_003(1.0),7686,3,2013,17394,
STATSNZ:AGR_AGR_003(1.0),7687,10,2013,145982,
STATSNZ:AGR_AGR_003(1.0),7687,17,2013,115051,
STATSNZ:AGR_AGR_003(1.0),7688,14,2013,6648,
STATSNZ:AGR_AGR_003(1.0),7696,7,2013,,s
STATSNZ:AGR_AGR_003(1.0),6954,8,2013,26105,
STATSNZ:AGR_AGR_003(1.0),6949,5,2013,120,
STATSNZ:AGR_AGR_003(1.0),6951,2,2013,,c
STATSNZ:AGR_AGR_003(1.0),6953,12,2013,,c
STATSNZ:AGR_AGR_003(1.0),6955,9,2013,36917,
STATSNZ:AGR_AGR_003(1.0),6731,14,2014,58642,
STATSNZ:AGR_AGR_003(1.0),6720,7,2014,5342,
STATSNZ:AGR_AGR_003(1.0),6721,4,2014,174864,
STATSNZ:AGR_AGR_003(1.0),6722,1,2014,945,
STATSNZ:AGR_AGR_003(1.0),6722,18,2014,,c
STATSNZ:AGR_AGR_003(1.0),6723,11,2014,18444,
STATSNZ:AGR_AGR_003(1.0),6723,15,2014,292894,
STATSNZ:AGR_AGR_003(1.0),6724,8,2014,804198,
STATSNZ:AGR_AGR_003(1.0),6727,5,2014,7032,
STATSNZ:AGR_AGR_003(1.0),6727,9,2014,25308,
STATSNZ:AGR_AGR_003(1.0),6738,6,2014,361020,
STATSNZ:AGR_AGR_003(1.0),6703,3,2014,1491976,
STATSNZ:AGR_AGR_003(1.0),6703,20,2014,24976628,
STATSNZ:AGR_AGR_003(1.0),6701,13,2014,16531,
STATSNZ:AGR_AGR_003(1.0),6702,19,2014,13252358,
STATSNZ:AGR_AGR_003(1.0),7699,3,2014,75315,
STATSNZ:AGR_AGR_003(1.0),7699,7,2014,,s
STATSNZ:AGR_AGR_003(1.0),7685,10,2014,25022,
STATSNZ:AGR_AGR_003(1.0),7077,4,2015,90768,
STATSNZ:AGR_AGR_003(1.0),7056,14,2015,6912,
STATSNZ:AGR_AGR_003(1.0),7056,18,2015,4737,
STATSNZ:AGR_AGR_003(1.0),7057,11,2015,1285,
STATSNZ:AGR_AGR_003(1.0),7058,8,2015,18405,
STATSNZ:AGR_AGR_003(1.0),7064,15,2015,69924,
STATSNZ:AGR_AGR_003(1.0),7190,10,2015,2537609,
STATSNZ:AGR_AGR_003(1.0),7688,17,2015,41740,
STATSNZ:AGR_AGR_003(1.0),7696,14,2015,11217,
STATSNZ:AGR_AGR_003(1.0),7077,15,2016,465462,
STATSNZ:AGR_AGR_003(1.0),7056,12,2016,312,
STATSNZ:AGR_AGR_003(1.0),7056,16,2016,81620,
STATSNZ:AGR_AGR_003(1.0),7057,9,2016,4295,
STATSNZ:AGR_AGR_003(1.0),7058,6,2016,13038,
STATSNZ:AGR_AGR_003(1.0),7059,16,2016,24117,
STATSNZ:AGR_AGR_003(1.0),7064,13,2016,7586,
STATSNZ:AGR_AGR_003(1.0),7065,19,2016,29894,
STATSNZ:AGR_AGR_003(1.0),7687,18,2016,,c
STATSNZ:AGR_AGR_003(1.0),7688,15,2016,46015,
STATSNZ:AGR_AGR_003(1.0),7696,12,2016,0,
STATSNZ:AGR_AGR_003(1.0),7077,20,2017,3616091,
STATSNZ:AGR_AGR_003(1.0),7058,3,2017,19743,
STATSNZ:AGR_AGR_003(1.0),6724,16,2017,689124,
STATSNZ:AGR_AGR_003(1.0),6727,13,2017,31226,
STATSNZ:AGR_AGR_003(1.0),6738,19,2017,1143447,
STATSNZ:AGR_AGR_003(1.0),6703,3,2017,1366392,
STATSNZ:AGR_AGR_003(1.0),6701,10,2017,648255,
STATSNZ:AGR_AGR_003(1.0),6701,17,2017,189213,
STATSNZ:AGR_AGR_003(1.0),6702,14,2017,33385,
STATSNZ:AGR_AGR_003(1.0),7699,7,2017,3999,
STATSNZ:AGR_AGR_003(1.0),7685,8,2017,9839,
STATSNZ:AGR_AGR_003(1.0),7686,5,2017,2098,
STATSNZ:AGR_AGR_003(1.0),7687,2,2017,5535,
STATSNZ:AGR_AGR_003(1.0),7688,20,2017,159503,
STATSNZ:AGR_AGR_003(1.0),7696,9,2017,3639,
STATSNZ:AGR_AGR_003(1.0),7058,9,2018,3587,
STATSNZ:AGR_AGR_003(1.0),7059,6,2018,37067,
STATSNZ:AGR_AGR_003(1.0),7064,16,2018,44069,
STATSNZ:AGR_AGR_003(1.0),7065,13,2018,2373,
STATSNZ:AGR_AGR_003(1.0),7066,19,2018,127786,
STATSNZ:AGR_AGR_003(1.0),7067,11,2018,5104,
STATSNZ:AGR_AGR_003(1.0),7068,4,2018,4256,
STATSNZ:AGR_AGR_003(1.0),7071,1,2018,,s
STATSNZ:AGR_AGR_003(1.0),7071,18,2018,2,
STATSNZ:AGR_AGR_003(1.0),7072,15,2018,,s
STATSNZ:AGR_AGR_003(1.0),7073,8,2018,39017,
STATSNZ:AGR_AGR_003(1.0),7073,12,2018,1,
STATSNZ:AGR_AGR_003(1.0),7074,5,2018,73077,
STATSNZ:AGR_AGR_003(1.0),7688,18,2018,0,
STATSNZ:AGR_AGR_003(1.0),7696,15,2018,87809,
STATSNZ:AGR_AGR_003(1.0),6953,16,2018,12750,
STATSNZ:AGR_AGR_003(1.0),6955,13,2018,3083,
STATSNZ:AGR_AGR_003(1.0),6955,17,2018,,s
STATSNZ:AGR_AGR_003(1.0),7810,19,2018,12996,
STATSNZ:AGR_AGR_003(1.0),7057,3,2019,,s
STATSNZ:AGR_AGR_003(1.0),7058,10,2019,92074,
STATSNZ:AGR_AGR_003(1.0),7058,17,2019,,s
STATSNZ:AGR_AGR_003(1.0),7059,14,2019,1666,
STATSNZ:AGR_AGR_003(1.0),7059,19,2019,85637,
STATSNZ:AGR_AGR_003(1.0),7064,7,2019,16741,
STATSNZ:AGR_AGR_003(1.0),7065,4,2019,,s
STATSNZ:AGR_AGR_003(1.0),7685,18,2019,0,
STATSNZ:AGR_AGR_003(1.0),7687,12,2019,0,
STATSNZ:AGR_AGR_003(1.0),7688,9,2019,,s
STATSNZ:AGR_AGR_003(1.0),6954,16,2019,8684,
STATSNZ:AGR_AGR_003(1.0),6949,13,2019,,s
STATSNZ:AGR_AGR_003(1.0),6951,19,2019,3527,
STATSNZ:AGR_AGR_003(1.0),7066,2,2020,,s
STATSNZ:AGR_AGR_003(1.0),7067,20,2020,446216,
STATSNZ:AGR_AGR_003(1.0),6722,16,2020,59934,
STATSNZ:AGR_AGR_003(1.0),6954,4,2020,,s
STATSNZ:AGR_AGR_003(1.0),6949,1,2020,297,
STATSNZ:AGR_AGR_003(1.0),6953,8,2020,10746,
STATSNZ:AGR_AGR_003(1.0),6955,5,2020,,s
STATSNZ:AGR_AGR_003(1.0),7810,2,2020,,s
STATSNZ:AGR_AGR_003(1.0),7077,8,2021,594771,
STATSNZ:AGR_AGR_003(1.0),7077,12,2021,,s
STATSNZ:AGR_AGR_003(1.0),7056,5,2021,76312,
STATSNZ:AGR_AGR_003(1.0),7057,2,2021,,s
STATSNZ:AGR_AGR_003(1.0),7058,12,2021,,s
STATSNZ:AGR_AGR_003(1.0),7058,16,2021,13751,
STATSNZ:AGR_AGR_003(1.0),7059,9,2021,11784,
STATSNZ:AGR_AGR_003(1.0),6703,16,2021,4248078,
STATSNZ:AGR_AGR_003(1.0),7685,17,2021,,s
STATSNZ:AGR_AGR_003(1.0),7686,14,2021,4705,
STATSNZ:AGR_AGR_003(1.0),7687,11,2021,2857,
STATSNZ:AGR_AGR_003(1.0),7688,8,2021,10220,
STATSNZ:AGR_AGR_003(1.0),7696,18,2021,0,
STATSNZ:AGR_AGR_003(1.0),6954,15,2021,156556,
STATSNZ:AGR_AGR_003(1.0),7077,16,2022,311010,
STATSNZ:AGR_AGR_003(1.0),7056,13,2022,21180,
STATSNZ:AGR_AGR_003(1.0),7057,19,2022,63226,
STATSNZ:AGR_AGR_003(1.0),7058,7,2022,6637,
STATSNZ:AGR_AGR_003(1.0),7058,11,2022,2097,
STATSNZ:AGR_AGR_003(1.0),7059,4,2022,9072,
STATSNZ:AGR_AGR_003(1.0),7064,1,2022,40302,
STATSNZ:AGR_AGR_003(1.0),7064,18,2022,877,
STATSNZ:AGR_AGR_003(1.0),7065,15,2022,26215,
STATSNZ:AGR_AGR_003(1.0),7066,8,2022,64382,
STATSNZ:AGR_AGR_003(1.0),7066,12,2022,,s
STATSNZ:AGR_AGR_003(1.0),7067,5,2022,22122,
STATSNZ:AGR_AGR_003(1.0),6702,18,2022,39333,
STATSNZ:AGR_AGR_003(1.0),7699,15,2022,248549,
STATSNZ:AGR_AGR_003(1.0),7688,16,2022,24255,
STATSNZ:AGR_AGR_003(1.0),7696,13,2022,1037,
STATSNZ:AGR_AGR_003(1.0),7696,17,2022,69236,
STATSNZ:AGR_AGR_003(1.0),6954,19,2022,177007,
STATSNZ:AGR_AGR_003(1.0),6949,7,2022,1011,
STATSNZ:AGR_AGR_003(1.0),6951,4,2022,10,
STATSNZ:AGR_AGR_003(1.0),6953,14,2022,36,
STATSNZ:AGR_AGR_003(1.0),6953,18,2022,0,
STATSNZ:AGR_AGR_003(1.0),7071,10,2023,85821,
STATSNZ:AGR_AGR_003(1.0),6721,13,2023,207589,
STATSNZ:AGR_AGR_003(1.0),6722,19,2023,200292,
STATSNZ:AGR_AGR_003(1.0),6724,17,2023,490227,
STATSNZ:AGR_AGR_003(1.0),6727,14,2023,,s
STATSNZ:AGR_AGR_003(1.0),6951,5,2023,,s
STATSNZ:AGR_AGR_003(1.0),6953,2,2023,9286,
STATSNZ:AGR_AGR_003(1.0),6955,20,2023,606402,
STATSNZ:AGR_AGR_003(1.0),7077,16,2024,333442,
STATSNZ:AGR_AGR_003(1.0),7077,20,2024,3679443,
STATSNZ:AGR_AGR_003(1.0),7056,13,2024,19202,
STATSNZ:AGR_AGR_003(1.0),7057,19,2024,67296,
STATSNZ:AGR_AGR_003(1.0),7058,3,2024,23946,
STATSNZ:AGR_AGR_003(1.0),6724,16,2024,617285,
STATSNZ:AGR_AGR_003(1.0),6727,13,2024,24041,
STATSNZ:AGR_AGR_003(1.0),6738,19,2024,1225940,
STATSNZ:AGR_AGR_003(1.0),6701,17,2024,152115,
STATSNZ:AGR_AGR_003(1.0),6702,14,2024,15603,
STATSNZ:AGR_AGR_003(1.0),6702,18,2024,40108,
STATSNZ:AGR_AGR_003(1.0),7699,15,2024,235769,
STATSNZ:AGR_AGR_003(1.0),7685,8,2024,9293,
STATSNZ:AGR_AGR_003(1.0),7685,12,2024,4,
STATSNZ:AGR_AGR_003(1.0),7686,5,2024,1217,
STATSNZ:AGR_AGR_003(1.0),7687,2,2024,3359,
STATSNZ:AGR_AGR_003(1.0),7688,16,2024,21825,
STATSNZ:AGR_AGR_003(1.0),7688,20,2024,126570,
STATSNZ:AGR_AGR_003(1.0),7696,9,2024,2127,
STATSNZ:AGR_AGR_003(1.0),6738,15,1994,596820,
STATSNZ:AGR_AGR_003(1.0),7193,1,1994,356561,
STATSNZ:AGR_AGR_003(1.0),7077,2,1994,213739,
STATSNZ:AGR_AGR_003(1.0),7077,17,1994,202538,
STATSNZ:AGR_AGR_003(1.0),7184,11,1994,9217,
STATSNZ:AGR_AGR_003(1.0),7184,13,1994,4334,
STATSNZ:AGR_AGR_003(1.0),7685,13,1994,4056,
STATSNZ:AGR_AGR_003(1.0),7184,8,2002,92124,
STATSNZ:AGR_AGR_003(1.0),7190,6,2002,47308,
STATSNZ:AGR_AGR_003(1.0),7686,3,2002,32644,
STATSNZ:AGR_AGR_003(1.0),7057,6,2002,16664,
STATSNZ:AGR_AGR_003(1.0),7058,1,2002,16191,
STATSNZ:AGR_AGR_003(1.0),7685,6,2002,12027,
STATSNZ:AGR_AGR_003(1.0),7685,8,2002,11331,
STATSNZ:AGR_AGR_003(1.0),7186,10,2002,10816,
STATSNZ:AGR_AGR_003(1.0),7696,9,2002,9676,
STATSNZ:AGR_AGR_003(1.0),7057,4,2002,5402,
STATSNZ:AGR_AGR_003(1.0),7696,7,2002,4502,
STATSNZ:AGR_AGR_003(1.0),7186,2,2002,1036,
STATSNZ:AGR_AGR_003(1.0),7688,12,2002,596,
STATSNZ:AGR_AGR_003(1.0),6723,19,2003,1042438,
STATSNZ:AGR_AGR_003(1.0),6738,14,2003,2510,
STATSNZ:AGR_AGR_003(1.0),7068,4,2003,3288,
STATSNZ:AGR_AGR_003(1.0),7073,6,2003,65900,
STATSNZ:AGR_AGR_003(1.0),7073,8,2003,60218,
STATSNZ:AGR_AGR_003(1.0),7696,10,2003,229592,
STATSNZ:AGR_AGR_003(1.0),7810,8,2003,7205,
STATSNZ:AGR_AGR_003(1.0),7077,13,2004,67063,
STATSNZ:AGR_AGR_003(1.0),7067,4,2004,11313,
STATSNZ:AGR_AGR_003(1.0),7184,9,2004,14994,
STATSNZ:AGR_AGR_003(1.0),6721,10,2004,12429297,
STATSNZ:AGR_AGR_003(1.0),6724,4,2004,63819,
STATSNZ:AGR_AGR_003(1.0),6727,20,2004,728378,
STATSNZ:AGR_AGR_003(1.0),6702,15,2004,5526137,
STATSNZ:AGR_AGR_003(1.0),6951,1,2004,130,
STATSNZ:AGR_AGR_003(1.0),6955,19,2004,454146,
STATSNZ:AGR_AGR_003(1.0),7810,5,2004,2114,
STATSNZ:AGR_AGR_003(1.0),7065,12,2005,265,
STATSNZ:AGR_AGR_003(1.0),7068,1,2005,6772,
STATSNZ:AGR_AGR_003(1.0),7068,16,2005,4268,
STATSNZ:AGR_AGR_003(1.0),6723,7,2005,50773,
STATSNZ:AGR_AGR_003(1.0),6723,9,2005,257511,
STATSNZ:AGR_AGR_003(1.0),6738,11,2005,41006,
STATSNZ:AGR_AGR_003(1.0),7696,20,2005,648446,
STATSNZ:AGR_AGR_003(1.0),6953,15,2005,164906,
STATSNZ:AGR_AGR_003(1.0),7073,2,2006,6504,
STATSNZ:AGR_AGR_003(1.0),7073,10,2006,288053,
STATSNZ:AGR_AGR_003(1.0),7074,12,2006,598,
STATSNZ:AGR_AGR_003(1.0),7184,4,2006,45712,
STATSNZ:AGR_AGR_003(1.0),6738,6,2006,654992,
STATSNZ:AGR_AGR_003(1.0),6738,8,2006,522171,
STATSNZ:AGR_AGR_003(1.0),6702,19,2006,17247520,
STATSNZ:AGR_AGR_003(1.0),7077,7,2007,136715,
STATSNZ:AGR_AGR_003(1.0),7073,20,2007,335181,
STATSNZ:AGR_AGR_003(1.0),7184,16,2007,33831,
STATSNZ:AGR_AGR_003(1.0),7187,7,2007,480422,
STATSNZ:AGR_AGR_003(1.0),6702,9,2007,1497420,
STATSNZ:AGR_AGR_003(1.0),7686,13,2007,2523,
STATSNZ:AGR_AGR_003(1.0),6955,4,2007,15905,
STATSNZ:AGR_AGR_003(1.0),7810,1,2007,2724,
STATSNZ:AGR_AGR_003(1.0),7810,20,2007,66215,
STATSNZ:AGR_AGR_003(1.0),7057,13,2008,3071,
STATSNZ:AGR_AGR_003(1.0),7064,17,2008,30972,
STATSNZ:AGR_AGR_003(1.0),7072,1,2008,54844,
STATSNZ:AGR_AGR_003(1.0),7072,20,2008,304735,
STATSNZ:AGR_AGR_003(1.0),7193,3,2008,1717421,
STATSNZ:AGR_AGR_003(1.0),7193,5,2008,16432,
STATSNZ:AGR_AGR_003(1.0),6703,20,2008,31020153,
STATSNZ:AGR_AGR_003(1.0),7699,5,2008,23261,
STATSNZ:AGR_AGR_003(1.0),7685,10,2008,39357,
STATSNZ:AGR_AGR_003(1.0),7067,16,2009,39843,
STATSNZ:AGR_AGR_003(1.0),7067,18,2009,1720,
STATSNZ:AGR_AGR_003(1.0),7190,8,2009,263944,
STATSNZ:AGR_AGR_003(1.0),7699,10,2009,352589,
STATSNZ:AGR_AGR_003(1.0),7685,19,2009,55415,
STATSNZ:AGR_AGR_003(1.0),7687,4,2009,20027,
STATSNZ:AGR_AGR_003(1.0),7688,1,2009,1128,
STATSNZ:AGR_AGR_003(1.0),7688,20,2009,233887,
STATSNZ:AGR_AGR_003(1.0),7065,5,2010,15086,
STATSNZ:AGR_AGR_003(1.0),7066,10,2010,310321,
STATSNZ:AGR_AGR_003(1.0),7071,4,2010,1432,
STATSNZ:AGR_AGR_003(1.0),6721,6,2010,2078486,
STATSNZ:AGR_AGR_003(1.0),6721,8,2010,3856975,
STATSNZ:AGR_AGR_003(1.0),6723,10,2010,1083795,
STATSNZ:AGR_AGR_003(1.0),6724,12,2010,1823,
STATSNZ:AGR_AGR_003(1.0),6724,19,2010,2309127,
STATSNZ:AGR_AGR_003(1.0),6954,17,2010,977,
STATSNZ:AGR_AGR_003(1.0),6953,6,2010,5863,
STATSNZ:AGR_AGR_003(1.0),6953,8,2010,28134,
STATSNZ:AGR_AGR_003(1.0),7064,11,2011,6509,
STATSNZ:AGR_AGR_003(1.0),7193,20,2011,6174503,
STATSNZ:AGR_AGR_003(1.0),7186,1,2011,2384,
STATSNZ:AGR_AGR_003(1.0),7187,13,2011,23367,
STATSNZ:AGR_AGR_003(1.0),6731,17,2011,4112930,
STATSNZ:AGR_AGR_003(1.0),6701,3,2011,67580,
STATSNZ:AGR_AGR_003(1.0),6701,5,2011,45055,
STATSNZ:AGR_AGR_003(1.0),7686,4,2011,9667,
STATSNZ:AGR_AGR_003(1.0),7059,12,2012,291,
STATSNZ:AGR_AGR_003(1.0),7059,14,2012,1427,
STATSNZ:AGR_AGR_003(1.0),7074,10,2012,536025,
STATSNZ:AGR_AGR_003(1.0),7185,4,2012,3312,
STATSNZ:AGR_AGR_003(1.0),7190,18,2012,,c
STATSNZ:AGR_AGR_003(1.0),6720,12,2012,67,
STATSNZ:AGR_AGR_003(1.0),6703,6,2012,2414413,
STATSNZ:AGR_AGR_003(1.0),6702,10,2012,11663658,
STATSNZ:AGR_AGR_003(1.0),7699,19,2012,740692,
STATSNZ:AGR_AGR_003(1.0),7686,4,2012,9269,
STATSNZ:AGR_AGR_003(1.0),7687,14,2012,18959,
STATSNZ:AGR_AGR_003(1.0),6954,18,2012,0,
STATSNZ:AGR_AGR_003(1.0),6949,15,2012,17912,
STATSNZ:AGR_AGR_003(1.0),7193,12,2013,1259,
STATSNZ:AGR_AGR_003(1.0),7193,19,2013,2571597,
STATSNZ:AGR_AGR_003(1.0),7184,7,2013,72963,
STATSNZ:AGR_AGR_003(1.0),7186,1,2013,3701,
STATSNZ:AGR_AGR_003(1.0),7186,16,2013,2016,
STATSNZ:AGR_AGR_003(1.0),6703,6,2013,2401288,
STATSNZ:AGR_AGR_003(1.0),6701,3,2013,101788,
STATSNZ:AGR_AGR_003(1.0),6701,18,2013,1912,
STATSNZ:AGR_AGR_003(1.0),7699,12,2013,0,
STATSNZ:AGR_AGR_003(1.0),7685,7,2013,,s
STATSNZ:AGR_AGR_003(1.0),7057,1,2014,11552,
STATSNZ:AGR_AGR_003(1.0),7057,16,2014,14514,
STATSNZ:AGR_AGR_003(1.0),7058,11,2014,1297,
STATSNZ:AGR_AGR_003(1.0),7058,13,2014,3003,
STATSNZ:AGR_AGR_003(1.0),7064,5,2014,32405,
STATSNZ:AGR_AGR_003(1.0),7065,15,2014,23602,
STATSNZ:AGR_AGR_003(1.0),7065,17,2014,5638,
STATSNZ:AGR_AGR_003(1.0),7184,3,2014,231995,
STATSNZ:AGR_AGR_003(1.0),7188,17,2014,50913,
STATSNZ:AGR_AGR_003(1.0),6731,11,2014,242694,
STATSNZ:AGR_AGR_003(1.0),6722,15,2014,32474,
STATSNZ:AGR_AGR_003(1.0),6722,17,2014,24732,
STATSNZ:AGR_AGR_003(1.0),6701,20,2014,978367,
STATSNZ:AGR_AGR_003(1.0),7685,1,2014,766,
STATSNZ:AGR_AGR_003(1.0),7685,3,2014,5558,
STATSNZ:AGR_AGR_003(1.0),7696,17,2014,87535,
STATSNZ:AGR_AGR_003(1.0),6953,18,2014,0,
STATSNZ:AGR_AGR_003(1.0),7059,6,2015,33516,
STATSNZ:AGR_AGR_003(1.0),7064,18,2015,1892,
STATSNZ:AGR_AGR_003(1.0),7066,12,2015,270,
STATSNZ:AGR_AGR_003(1.0),7066,19,2015,118505,
STATSNZ:AGR_AGR_003(1.0),7067,7,2015,15316,
STATSNZ:AGR_AGR_003(1.0),7188,2,2015,6291,
STATSNZ:AGR_AGR_003(1.0),7188,17,2015,26615,
STATSNZ:AGR_AGR_003(1.0),7190,12,2015,8491,
STATSNZ:AGR_AGR_003(1.0),7190,14,2015,122618,
STATSNZ:AGR_AGR_003(1.0),6721,16,2015,3489398,
STATSNZ:AGR_AGR_003(1.0),6721,18,2015,38562,
STATSNZ:AGR_AGR_003(1.0),7699,4,2015,32512,
STATSNZ:AGR_AGR_003(1.0),7688,18,2015,0,
STATSNZ:AGR_AGR_003(1.0),6954,12,2015,,c
STATSNZ:AGR_AGR_003(1.0),7059,4,2016,8762,
STATSNZ:AGR_AGR_003(1.0),7064,16,2016,38757,
STATSNZ:AGR_AGR_003(1.0),7066,8,2016,53160,
STATSNZ:AGR_AGR_003(1.0),7066,19,2016,107058,
STATSNZ:AGR_AGR_003(1.0),7067,5,2016,25261,
STATSNZ:AGR_AGR_003(1.0),7188,10,2016,239328,
STATSNZ:AGR_AGR_003(1.0),7190,12,2016,1160,
STATSNZ:AGR_AGR_003(1.0),7190,19,2016,1749647,
STATSNZ:AGR_AGR_003(1.0),6721,14,2016,16965,
STATSNZ:AGR_AGR_003(1.0),6721,16,2016,3320483,
STATSNZ:AGR_AGR_003(1.0),7699,2,2016,10124,
STATSNZ:AGR_AGR_003(1.0),7687,6,2016,25901,
STATSNZ:AGR_AGR_003(1.0),7688,18,2016,0,
STATSNZ:AGR_AGR_003(1.0),6954,19,2016,155320,
STATSNZ:AGR_AGR_003(1.0),7067,10,2017,256724,
STATSNZ:AGR_AGR_003(1.0),7068,12,2017,46,
STATSNZ:AGR_AGR_003(1.0),7068,19,2017,23951,
STATSNZ:AGR_AGR_003(1.0),7073,1,2017,41683,
STATSNZ:AGR_AGR_003(1.0),7073,16,2017,19338,
STATSNZ:AGR_AGR_003(1.0),6722,6,2017,13190,
STATSNZ:AGR_AGR_003(1.0),6722,8,2017,59047,
STATSNZ:AGR_AGR_003(1.0),6723,18,2017,2023,
STATSNZ:AGR_AGR_003(1.0),6727,12,2017,13,
STATSNZ:AGR_AGR_003(1.0),6727,19,2017,230355,
STATSNZ:AGR_AGR_003(1.0),6738,7,2017,43183,
STATSNZ:AGR_AGR_003(1.0),6949,2,2017,1015,
STATSNZ:AGR_AGR_003(1.0),6951,14,2017,0,
STATSNZ:AGR_AGR_003(1.0),6951,20,2017,4728,
STATSNZ:AGR_AGR_003(1.0),7810,16,2017,1703,
STATSNZ:AGR_AGR_003(1.0),7810,18,2017,7,
STATSNZ:AGR_AGR_003(1.0),7056,16,2018,91089,
STATSNZ:AGR_AGR_003(1.0),7064,17,2018,,s
STATSNZ:AGR_AGR_003(1.0),7074,6,2018,91817,
STATSNZ:AGR_AGR_003(1.0),7074,8,2018,146512,
STATSNZ:AGR_AGR_003(1.0),7193,3,2018,1814158,
STATSNZ:AGR_AGR_003(1.0),7185,12,2018,,s
STATSNZ:AGR_AGR_003(1.0),6738,2,2018,20210,
STATSNZ:AGR_AGR_003(1.0),6703,14,2018,,s
STATSNZ:AGR_AGR_003(1.0),6703,20,2018,24707163,
STATSNZ:AGR_AGR_003(1.0),6702,8,2018,4518619,
STATSNZ:AGR_AGR_003(1.0),7699,3,2018,66615,
STATSNZ:AGR_AGR_003(1.0),7699,18,2018,0,
STATSNZ:AGR_AGR_003(1.0),7685,13,2018,1280,
STATSNZ:AGR_AGR_003(1.0),7059,13,2019,4279,
STATSNZ:AGR_AGR_003(1.0),7064,8,2019,83084,
STATSNZ:AGR_AGR_003(1.0),7064,19,2019,164032,
STATSNZ:AGR_AGR_003(1.0),7066,2,2019,14631,
STATSNZ:AGR_AGR_003(1.0),7067,14,2019,4387,
STATSNZ:AGR_AGR_003(1.0),7067,20,2019,471870,
STATSNZ:AGR_AGR_003(1.0),6721,8,2019,3179223,
STATSNZ:AGR_AGR_003(1.0),6721,19,2019,8784232,
STATSNZ:AGR_AGR_003(1.0),6724,12,2019,2499,
STATSNZ:AGR_AGR_003(1.0),6724,14,2019,,s
STATSNZ:AGR_AGR_003(1.0),7687,10,2019,106038,
STATSNZ:AGR_AGR_003(1.0),6954,4,2019,1603,
STATSNZ:AGR_AGR_003(1.0),6949,14,2019,0,
STATSNZ:AGR_AGR_003(1.0),6949,16,2019,625,
STATSNZ:AGR_AGR_003(1.0),6955,18,2019,0,
STATSNZ:AGR_AGR_003(1.0),7810,15,2019,6551,
STATSNZ:AGR_AGR_003(1.0),7057,3,2020,,s
STATSNZ:AGR_AGR_003(1.0),7067,11,2020,4364,
STATSNZ:AGR_AGR_003(1.0),7068,8,2020,9674,
STATSNZ:AGR_AGR_003(1.0),7072,17,2020,,s
STATSNZ:AGR_AGR_003(1.0),7073,12,2020,,s
STATSNZ:AGR_AGR_003(1.0),7190,3,2020,1295864,
STATSNZ:AGR_AGR_003(1.0),6731,10,2020,12450073,
STATSNZ:AGR_AGR_003(1.0),6722,2,2020,,s
STATSNZ:AGR_AGR_003(1.0),6723,14,2020,,s
STATSNZ:AGR_AGR_003(1.0),6738,18,2020,14922,
STATSNZ:AGR_AGR_003(1.0),7687,20,2020,374070,
STATSNZ:AGR_AGR_003(1.0),7688,9,2020,,s
STATSNZ:AGR_AGR_003(1.0),7696,4,2020,12691,
STATSNZ:AGR_AGR_003(1.0),6951,19,2020,5094,
STATSNZ:AGR_AGR_003(1.0),7057,3,2021,21624,
STATSNZ:AGR_AGR_003(1.0),7057,5,2021,11384,
STATSNZ:AGR_AGR_003(1.0),7064,7,2021,16055,
STATSNZ:AGR_AGR_003(1.0),7064,9,2021,19981,
STATSNZ:AGR_AGR_003(1.0),7186,20,2021,72634,
STATSNZ:AGR_AGR_003(1.0),7190,3,2021,1343122,
STATSNZ:AGR_AGR_003(1.0),7190,18,2021,0,
STATSNZ:AGR_AGR_003(1.0),6731,13,2021,471763,
STATSNZ:AGR_AGR_003(1.0),6731,15,2021,4253617,
STATSNZ:AGR_AGR_003(1.0),6721,7,2021,298119,
STATSNZ:AGR_AGR_003(1.0),7688,9,2021,,s
STATSNZ:AGR_AGR_003(1.0),7688,11,2021,1520,
STATSNZ:AGR_AGR_003(1.0),6949,13,2021,,s
STATSNZ:AGR_AGR_003(1.0),6949,15,2021,14208,
STATSNZ:AGR_AGR_003(1.0),6951,19,2021,4578,
STATSNZ:AGR_AGR_003(1.0),7067,6,2022,33373,
STATSNZ:AGR_AGR_003(1.0),7067,8,2022,64002,
STATSNZ:AGR_AGR_003(1.0),6721,2,2022,109676,
STATSNZ:AGR_AGR_003(1.0),6721,4,2022,143391,
STATSNZ:AGR_AGR_003(1.0),6722,14,2022,204,
STATSNZ:AGR_AGR_003(1.0),6724,6,2022,546025,
STATSNZ:AGR_AGR_003(1.0),6724,8,2022,698464,
STATSNZ:AGR_AGR_003(1.0),6727,3,2022,1466,
STATSNZ:AGR_AGR_003(1.0),6727,18,2022,129,
STATSNZ:AGR_AGR_003(1.0),6949,8,2022,1555,
STATSNZ:AGR_AGR_003(1.0),6949,19,2022,16476,
STATSNZ:AGR_AGR_003(1.0),6955,12,2022,0,
STATSNZ:AGR_AGR_003(1.0),6955,14,2022,36,
STATSNZ:AGR_AGR_003(1.0),7810,9,2022,2263,
STATSNZ:AGR_AGR_003(1.0),7064,1,2023,42658,
STATSNZ:AGR_AGR_003(1.0),7068,15,2023,11872,
STATSNZ:AGR_AGR_003(1.0),7068,17,2023,,s
STATSNZ:AGR_AGR_003(1.0),7073,6,2023,19765,
STATSNZ:AGR_AGR_003(1.0),7074,16,2023,95383,
STATSNZ:AGR_AGR_003(1.0),6727,17,2023,14913,
STATSNZ:AGR_AGR_003(1.0),6738,12,2023,,s
STATSNZ:AGR_AGR_003(1.0),6702,16,2023,3659039,
STATSNZ:AGR_AGR_003(1.0),6949,7,2023,974,
STATSNZ:AGR_AGR_003(1.0),6951,2,2023,,s
STATSNZ:AGR_AGR_003(1.0),6951,4,2023,,s
STATSNZ:AGR_AGR_003(1.0),7056,20,2024,830715,
STATSNZ:AGR_AGR_003(1.0),7059,3,2024,41990,
STATSNZ:AGR_AGR_003(1.0),7064,10,2024,324952,
STATSNZ:AGR_AGR_003(1.0),7067,17,2024,29572,
STATSNZ:AGR_AGR_003(1.0),7068,14,2024,817,
STATSNZ:AGR_AGR_003(1.0),7186,5,2024,4,
STATSNZ:AGR_AGR_003(1.0),7188,20,2024,293482,
STATSNZ:AGR_AGR_003(1.0),7190,9,2024,57688,
STATSNZ:AGR_AGR_003(1.0),6731,4,2024,232472,
STATSNZ:AGR_AGR_003(1.0),7687,5,2024,3187,
STATSNZ:AGR_AGR_003(1.0),7688,10,2024,31725,
STATSNZ:AGR_AGR_003(1.0),7688,15,2024,,s
STATSNZ:AGR_AGR_003(1.0),6949,4,2024,,s
STATSNZ:AGR_AGR_003(1.0),6949,6,2024,445,
STATSNZ:AGR_AGR_003(1.0),6738,20,1994,2715133,
STATSNZ:AGR_AGR_003(1.0),7193,15,1994,212492,
STATSNZ:AGR_AGR_003(1.0),7074,5,1994,106414,
STATSNZ:AGR_AGR_003(1.0),7187,16,1994,61550,
STATSNZ:AGR_AGR_003(1.0),7810,19,1994,21214,
STATSNZ:AGR_AGR_003(1.0),6727,2,1994,9698,
STATSNZ:AGR_AGR_003(1.0),7077,18,1994,6472,
STATSNZ:AGR_AGR_003(1.0),7188,13,1994,862,
STATSNZ:AGR_AGR_003(1.0),7184,12,1994,226,
STATSNZ:AGR_AGR_003(1.0),6731,15,2002,7758336,
STATSNZ:AGR_AGR_003(1.0),6721,9,2002,1218143,
STATSNZ:AGR_AGR_003(1.0),7074,10,2002,758076,
STATSNZ:AGR_AGR_003(1.0),7056,19,2002,331682,
STATSNZ:AGR_AGR_003(1.0),7687,16,2002,115685,
STATSNZ:AGR_AGR_003(1.0),7187,11,2002,50572,
STATSNZ:AGR_AGR_003(1.0),7188,8,2002,21017,
STATSNZ:AGR_AGR_003(1.0),7064,11,2002,6901,
STATSNZ:AGR_AGR_003(1.0),7058,17,2002,3211,
STATSNZ:AGR_AGR_003(1.0),7059,14,2002,2771,
STATSNZ:AGR_AGR_003(1.0),7186,1,2002,1852,
STATSNZ:AGR_AGR_003(1.0),6720,12,2002,155,
STATSNZ:AGR_AGR_003(1.0),6721,10,2003,12229119,
STATSNZ:AGR_AGR_003(1.0),6949,8,2003,3549,
STATSNZ:AGR_AGR_003(1.0),7065,20,2003,286053,
STATSNZ:AGR_AGR_003(1.0),7068,3,2003,16745,
STATSNZ:AGR_AGR_003(1.0),7071,10,2003,149310,
STATSNZ:AGR_AGR_003(1.0),7074,17,2003,55421,
STATSNZ:AGR_AGR_003(1.0),7184,11,2003,13521,
STATSNZ:AGR_AGR_003(1.0),7193,14,2003,122572,
STATSNZ:AGR_AGR_003(1.0),7810,9,2003,4510,
STATSNZ:AGR_AGR_003(1.0),7068,2,2004,1676,
STATSNZ:AGR_AGR_003(1.0),7072,9,2004,18510,
STATSNZ:AGR_AGR_003(1.0),7073,6,2004,64381,
STATSNZ:AGR_AGR_003(1.0),7074,16,2004,84386,
STATSNZ:AGR_AGR_003(1.0),7193,13,2004,26831,
STATSNZ:AGR_AGR_003(1.0),6724,3,2004,275929,
STATSNZ:AGR_AGR_003(1.0),6727,10,2004,64635,
STATSNZ:AGR_AGR_003(1.0),6738,19,2004,1254865,
STATSNZ:AGR_AGR_003(1.0),6703,7,2004,527001,
STATSNZ:AGR_AGR_003(1.0),6701,4,2004,15145,
STATSNZ:AGR_AGR_003(1.0),6702,14,2004,74114,
STATSNZ:AGR_AGR_003(1.0),7064,1,2005,58693,
STATSNZ:AGR_AGR_003(1.0),7067,5,2005,29123,
STATSNZ:AGR_AGR_003(1.0),7068,15,2005,9509,
STATSNZ:AGR_AGR_003(1.0),7072,9,2005,18183,
STATSNZ:AGR_AGR_003(1.0),7074,16,2005,85541,
STATSNZ:AGR_AGR_003(1.0),7193,13,2005,30604,
STATSNZ:AGR_AGR_003(1.0),6721,20,2005,26418797,
STATSNZ:AGR_AGR_003(1.0),7696,10,2005,205279,
STATSNZ:AGR_AGR_003(1.0),6954,19,2005,211986,
STATSNZ:AGR_AGR_003(1.0),6949,7,2005,1553,
STATSNZ:AGR_AGR_003(1.0),6953,1,2005,6124,
STATSNZ:AGR_AGR_003(1.0),7077,11,2006,45759,
STATSNZ:AGR_AGR_003(1.0),7067,10,2006,320630,
STATSNZ:AGR_AGR_003(1.0),7073,1,2006,47491,
STATSNZ:AGR_AGR_003(1.0),7074,11,2006,10766,
STATSNZ:AGR_AGR_003(1.0),7193,8,2006,390125,
STATSNZ:AGR_AGR_003(1.0),7185,15,2006,4744,
STATSNZ:AGR_AGR_003(1.0),7186,12,2006,49,
STATSNZ:AGR_AGR_003(1.0),7187,9,2006,83178,
STATSNZ:AGR_AGR_003(1.0),6701,16,2006,143385,
STATSNZ:AGR_AGR_003(1.0),6955,6,2006,17358,
STATSNZ:AGR_AGR_003(1.0),7071,6,2007,25191,
STATSNZ:AGR_AGR_003(1.0),7072,3,2007,59976,
STATSNZ:AGR_AGR_003(1.0),7073,10,2007,252178,
STATSNZ:AGR_AGR_003(1.0),7074,19,2007,335277,
STATSNZ:AGR_AGR_003(1.0),7193,7,2007,589573,
STATSNZ:AGR_AGR_003(1.0),7184,4,2007,45007,
STATSNZ:AGR_AGR_003(1.0),6738,4,2007,30282,
STATSNZ:AGR_AGR_003(1.0),6703,1,2007,378918,
STATSNZ:AGR_AGR_003(1.0),6702,8,2007,5463941,
STATSNZ:AGR_AGR_003(1.0),7699,5,2007,26694,
STATSNZ:AGR_AGR_003(1.0),7077,5,2008,287079,
STATSNZ:AGR_AGR_003(1.0),7056,2,2008,19822,
STATSNZ:AGR_AGR_003(1.0),7184,16,2008,36166,
STATSNZ:AGR_AGR_003(1.0),7185,13,2008,433,
STATSNZ:AGR_AGR_003(1.0),6723,20,2008,1470068,
STATSNZ:AGR_AGR_003(1.0),6738,3,2008,224506,
STATSNZ:AGR_AGR_003(1.0),6703,10,2008,14383859,
STATSNZ:AGR_AGR_003(1.0),6702,7,2008,525835,
STATSNZ:AGR_AGR_003(1.0),7699,17,2008,270072,
STATSNZ:AGR_AGR_003(1.0),7685,14,2008,1321,
STATSNZ:AGR_AGR_003(1.0),7686,11,2008,4040,
STATSNZ:AGR_AGR_003(1.0),7687,8,2008,40155,
STATSNZ:AGR_AGR_003(1.0),7058,4,2009,4532,
STATSNZ:AGR_AGR_003(1.0),7059,1,2009,43286,
STATSNZ:AGR_AGR_003(1.0),7065,8,2009,64928,
STATSNZ:AGR_AGR_003(1.0),7187,15,2009,713917,
STATSNZ:AGR_AGR_003(1.0),7190,9,2009,52557,
STATSNZ:AGR_AGR_003(1.0),6720,16,2009,50958,
STATSNZ:AGR_AGR_003(1.0),7699,20,2009,1145858,
STATSNZ:AGR_AGR_003(1.0),7688,13,2009,1643,
STATSNZ:AGR_AGR_003(1.0),7696,19,2009,307390,
STATSNZ:AGR_AGR_003(1.0),6954,7,2009,16725,
STATSNZ:AGR_AGR_003(1.0),7058,10,2010,118441,
STATSNZ:AGR_AGR_003(1.0),7066,1,2010,45565,
STATSNZ:AGR_AGR_003(1.0),7067,11,2010,5413,
STATSNZ:AGR_AGR_003(1.0),7068,8,2010,8623,
STATSNZ:AGR_AGR_003(1.0),7071,5,2010,4721,
STATSNZ:AGR_AGR_003(1.0),7073,12,2010,42,
STATSNZ:AGR_AGR_003(1.0),7074,9,2010,33980,
STATSNZ:AGR_AGR_003(1.0),6723,16,2010,254091,
STATSNZ:AGR_AGR_003(1.0),6703,17,2010,5018657,
STATSNZ:AGR_AGR_003(1.0),7687,20,2010,552855,
STATSNZ:AGR_AGR_003(1.0),7696,6,2010,18498,
STATSNZ:AGR_AGR_003(1.0),6954,3,2010,48304,
STATSNZ:AGR_AGR_003(1.0),6949,10,2010,14647,
STATSNZ:AGR_AGR_003(1.0),7810,14,2010,284,
STATSNZ:AGR_AGR_003(1.0),7077,20,2011,3846414,
STATSNZ:AGR_AGR_003(1.0),7057,6,2011,12520,
STATSNZ:AGR_AGR_003(1.0),7058,3,2011,23132,
STATSNZ:AGR_AGR_003(1.0),7184,19,2011,318920,
STATSNZ:AGR_AGR_003(1.0),7187,14,2011,149990,
STATSNZ:AGR_AGR_003(1.0),7190,8,2011,298715,
STATSNZ:AGR_AGR_003(1.0),6702,1,2011,276381,
STATSNZ:AGR_AGR_003(1.0),7699,11,2011,13671,
STATSNZ:AGR_AGR_003(1.0),7687,15,2011,140996,
STATSNZ:AGR_AGR_003(1.0),7696,9,2011,6842,
STATSNZ:AGR_AGR_003(1.0),7077,12,2012,,c
STATSNZ:AGR_AGR_003(1.0),7056,9,2012,38022,
STATSNZ:AGR_AGR_003(1.0),7057,6,2012,14661,
STATSNZ:AGR_AGR_003(1.0),7058,3,2012,19665,
STATSNZ:AGR_AGR_003(1.0),7185,3,2012,17836,
STATSNZ:AGR_AGR_003(1.0),7186,10,2012,26490,
STATSNZ:AGR_AGR_003(1.0),7187,19,2012,1899724,
STATSNZ:AGR_AGR_003(1.0),7188,7,2012,29571,
STATSNZ:AGR_AGR_003(1.0),7190,4,2012,194605,
STATSNZ:AGR_AGR_003(1.0),7699,11,2012,15540,
STATSNZ:AGR_AGR_003(1.0),7686,18,2012,0,
STATSNZ:AGR_AGR_003(1.0),7687,15,2012,137306,
STATSNZ:AGR_AGR_003(1.0),7688,12,2012,0,
STATSNZ:AGR_AGR_003(1.0),7077,12,2013,1206,
STATSNZ:AGR_AGR_003(1.0),7056,9,2013,36048,
STATSNZ:AGR_AGR_003(1.0),7058,16,2013,5880,
STATSNZ:AGR_AGR_003(1.0),7074,20,2013,811884,
STATSNZ:AGR_AGR_003(1.0),6724,3,2013,272401,
STATSNZ:AGR_AGR_003(1.0),6727,10,2013,39812,
STATSNZ:AGR_AGR_003(1.0),6738,19,2013,1411171,
STATSNZ:AGR_AGR_003(1.0),6703,7,2013,411054,
STATSNZ:AGR_AGR_003(1.0),6701,4,2013,25360,
STATSNZ:AGR_AGR_003(1.0),6702,1,2013,288469,
STATSNZ:AGR_AGR_003(1.0),7686,18,2013,0,
STATSNZ:AGR_AGR_003(1.0),7687,15,2013,132085,
STATSNZ:AGR_AGR_003(1.0),7810,4,2013,1870,
STATSNZ:AGR_AGR_003(1.0),7056,3,2014,75221,
STATSNZ:AGR_AGR_003(1.0),7057,10,2014,93297,
STATSNZ:AGR_AGR_003(1.0),7064,4,2014,11160,
STATSNZ:AGR_AGR_003(1.0),7185,14,2014,3394,
STATSNZ:AGR_AGR_003(1.0),7186,11,2014,931,
STATSNZ:AGR_AGR_003(1.0),7187,8,2014,345045,
STATSNZ:AGR_AGR_003(1.0),7188,5,2014,2305,
STATSNZ:AGR_AGR_003(1.0),7190,15,2014,658353,
STATSNZ:AGR_AGR_003(1.0),6731,12,2014,8925,
STATSNZ:AGR_AGR_003(1.0),7685,2,2014,747,
STATSNZ:AGR_AGR_003(1.0),7686,20,2014,208486,
STATSNZ:AGR_AGR_003(1.0),7687,9,2014,9842,
STATSNZ:AGR_AGR_003(1.0),7688,6,2014,11363,
STATSNZ:AGR_AGR_003(1.0),7696,3,2014,26424,
STATSNZ:AGR_AGR_003(1.0),6954,13,2014,3534,
STATSNZ:AGR_AGR_003(1.0),7077,6,2015,441919,
STATSNZ:AGR_AGR_003(1.0),7056,3,2015,78165,
STATSNZ:AGR_AGR_003(1.0),7057,10,2015,95232,
STATSNZ:AGR_AGR_003(1.0),7058,19,2015,30673,
STATSNZ:AGR_AGR_003(1.0),7059,7,2015,9918,
STATSNZ:AGR_AGR_003(1.0),7064,4,2015,11270,
STATSNZ:AGR_AGR_003(1.0),7065,14,2015,1263,
STATSNZ:AGR_AGR_003(1.0),7068,18,2015,135,
STATSNZ:AGR_AGR_003(1.0),7187,4,2015,281452,
STATSNZ:AGR_AGR_003(1.0),7188,1,2015,20900,
STATSNZ:AGR_AGR_003(1.0),6731,8,2015,5518950,
STATSNZ:AGR_AGR_003(1.0),6720,5,2015,15235,
STATSNZ:AGR_AGR_003(1.0),7685,15,2015,32436,
STATSNZ:AGR_AGR_003(1.0),7686,12,2015,0,
STATSNZ:AGR_AGR_003(1.0),7687,9,2015,10287,
STATSNZ:AGR_AGR_003(1.0),7688,6,2015,14221,
STATSNZ:AGR_AGR_003(1.0),7696,16,2015,53079,
STATSNZ:AGR_AGR_003(1.0),6954,13,2015,,c
STATSNZ:AGR_AGR_003(1.0),7077,4,2016,92583,
STATSNZ:AGR_AGR_003(1.0),7056,1,2016,65930,
STATSNZ:AGR_AGR_003(1.0),7058,8,2016,16068,
STATSNZ:AGR_AGR_003(1.0),7059,5,2016,22914,
STATSNZ:AGR_AGR_003(1.0),7064,2,2016,17737,
STATSNZ:AGR_AGR_003(1.0),7065,12,2016,135,
STATSNZ:AGR_AGR_003(1.0),7068,16,2016,6771,
STATSNZ:AGR_AGR_003(1.0),7186,5,2016,,c
STATSNZ:AGR_AGR_003(1.0),7187,2,2016,122439,
STATSNZ:AGR_AGR_003(1.0),7188,20,2016,345399,
STATSNZ:AGR_AGR_003(1.0),6731,6,2016,2872524,
STATSNZ:AGR_AGR_003(1.0),6720,3,2016,18598,
STATSNZ:AGR_AGR_003(1.0),7686,19,2016,120624,
STATSNZ:AGR_AGR_003(1.0),7687,7,2016,,s
STATSNZ:AGR_AGR_003(1.0),7696,14,2016,12141,
STATSNZ:AGR_AGR_003(1.0),6954,11,2016,225,
STATSNZ:AGR_AGR_003(1.0),7067,20,2017,384359,
STATSNZ:AGR_AGR_003(1.0),7073,17,2017,13376,
STATSNZ:AGR_AGR_003(1.0),6731,3,2017,1478921,
STATSNZ:AGR_AGR_003(1.0),6720,10,2017,135403,
STATSNZ:AGR_AGR_003(1.0),6722,7,2017,11392,
STATSNZ:AGR_AGR_003(1.0),6723,4,2017,37902,
STATSNZ:AGR_AGR_003(1.0),6724,1,2017,54260,
STATSNZ:AGR_AGR_003(1.0),6703,18,2017,44411,
STATSNZ:AGR_AGR_003(1.0),6701,15,2017,165478,
STATSNZ:AGR_AGR_003(1.0),6954,4,2017,1605,
STATSNZ:AGR_AGR_003(1.0),6949,1,2017,331,
STATSNZ:AGR_AGR_003(1.0),6955,5,2017,374,
STATSNZ:AGR_AGR_003(1.0),7810,2,2017,3439,
STATSNZ:AGR_AGR_003(1.0),7056,17,2018,44211,
STATSNZ:AGR_AGR_003(1.0),7057,14,2018,1465,
STATSNZ:AGR_AGR_003(1.0),7071,3,2018,21034,
STATSNZ:AGR_AGR_003(1.0),7072,10,2018,221991,
STATSNZ:AGR_AGR_003(1.0),7193,17,2018,,s
STATSNZ:AGR_AGR_003(1.0),7184,14,2018,18302,
STATSNZ:AGR_AGR_003(1.0),7185,11,2018,,s
STATSNZ:AGR_AGR_003(1.0),7186,8,2018,,s
STATSNZ:AGR_AGR_003(1.0),7187,18,2018,0,
STATSNZ:AGR_AGR_003(1.0),7188,15,2018,83492,
STATSNZ:AGR_AGR_003(1.0),6955,2,2018,28965,
STATSNZ:AGR_AGR_003(1.0),7810,20,2018,40525,
STATSNZ:AGR_AGR_003(1.0),7057,5,2019,13232,
STATSNZ:AGR_AGR_003(1.0),7058,2,2019,6040,
STATSNZ:AGR_AGR_003(1.0),7059,20,2019,318316,
STATSNZ:AGR_AGR_003(1.0),7065,6,2019,22993,
STATSNZ:AGR_AGR_003(1.0),7066,16,2019,30518,
STATSNZ:AGR_AGR_003(1.0),7067,13,2019,5379,
STATSNZ:AGR_AGR_003(1.0),7068,19,2019,32390,
STATSNZ:AGR_AGR_003(1.0),7072,17,2019,,s
STATSNZ:AGR_AGR_003(1.0),7073,14,2019,,s
STATSNZ:AGR_AGR_003(1.0),6731,10,2019,13166876,
STATSNZ:AGR_AGR_003(1.0),7687,1,2019,,s
STATSNZ:AGR_AGR_003(1.0),7688,11,2019,1008,
STATSNZ:AGR_AGR_003(1.0),7696,8,2019,20418,
STATSNZ:AGR_AGR_003(1.0),6954,5,2019,335,
STATSNZ:AGR_AGR_003(1.0),6949,2,2019,1050,
STATSNZ:AGR_AGR_003(1.0),6951,12,2019,0,
STATSNZ:AGR_AGR_003(1.0),7064,6,2020,53594,
STATSNZ:AGR_AGR_003(1.0),7065,3,2020,46565,
STATSNZ:AGR_AGR_003(1.0),7066,10,2020,311498,
STATSNZ:AGR_AGR_003(1.0),7068,7,2020,5343,
STATSNZ:AGR_AGR_003(1.0),7071,4,2020,,s
STATSNZ:AGR_AGR_003(1.0),6731,14,2020,,s
STATSNZ:AGR_AGR_003(1.0),6720,11,2020,1878,
STATSNZ:AGR_AGR_003(1.0),6721,8,2020,3038445,
STATSNZ:AGR_AGR_003(1.0),6722,18,2020,,s
STATSNZ:AGR_AGR_003(1.0),6723,15,2020,323527,
STATSNZ:AGR_AGR_003(1.0),6724,12,2020,3519,
STATSNZ:AGR_AGR_003(1.0),6949,12,2020,0,
STATSNZ:AGR_AGR_003(1.0),6951,9,2020,112,
STATSNZ:AGR_AGR_003(1.0),6953,6,2020,3486,
STATSNZ:AGR_AGR_003(1.0),6955,16,2020,19975,
STATSNZ:AGR_AGR_003(1.0),7810,13,2020,365,
STATSNZ:AGR_AGR_003(1.0),7057,4,2021,,s
STATSNZ:AGR_AGR_003(1.0),7058,1,2021,,s
STATSNZ:AGR_AGR_003(1.0),7064,8,2021,74778,
STATSNZ:AGR_AGR_003(1.0),7065,18,2021,,s
STATSNZ:AGR_AGR_003(1.0),7066,15,2021,58992,
STATSNZ:AGR_AGR_003(1.0),7067,12,2021,57,
STATSNZ:AGR_AGR_003(1.0),7185,1,2021,6590,
STATSNZ:AGR_AGR_003(1.0),7190,2,2021,61997,
STATSNZ:AGR_AGR_003(1.0),6731,20,2021,25732889,
STATSNZ:AGR_AGR_003(1.0),7699,9,2021,,s
STATSNZ:AGR_AGR_003(1.0),7685,6,2021,,s
STATSNZ:AGR_AGR_003(1.0),7686,3,2021,13263,
STATSNZ:AGR_AGR_003(1.0),7687,13,2021,,s
STATSNZ:AGR_AGR_003(1.0),7688,19,2021,108144,
STATSNZ:AGR_AGR_003(1.0),7696,7,2021,774,
STATSNZ:AGR_AGR_003(1.0),6954,17,2021,,s
STATSNZ:AGR_AGR_003(1.0),6955,18,2021,0,
STATSNZ:AGR_AGR_003(1.0),7065,10,2022,212253,
STATSNZ:AGR_AGR_003(1.0),7068,17,2022,6288,
STATSNZ:AGR_AGR_003(1.0),7071,14,2022,600,
STATSNZ:AGR_AGR_003(1.0),7072,11,2022,1594,
STATSNZ:AGR_AGR_003(1.0),7073,8,2022,33237,
STATSNZ:AGR_AGR_003(1.0),7074,18,2022,4447,
STATSNZ:AGR_AGR_003(1.0),7688,5,2022,2085,
STATSNZ:AGR_AGR_003(1.0),7696,2,2022,2797,
STATSNZ:AGR_AGR_003(1.0),6954,20,2022,275291,
STATSNZ:AGR_AGR_003(1.0),6949,9,2022,610,
STATSNZ:AGR_AGR_003(1.0),6951,6,2022,35,
STATSNZ:AGR_AGR_003(1.0),6953,3,2022,37868,
STATSNZ:AGR_AGR_003(1.0),6955,13,2022,230,
STATSNZ:AGR_AGR_003(1.0),7077,15,2023,542145,
STATSNZ:AGR_AGR_003(1.0),7067,4,2023,10762,
STATSNZ:AGR_AGR_003(1.0),7068,1,2023,5437,
STATSNZ:AGR_AGR_003(1.0),6721,15,2023,2395464,
STATSNZ:AGR_AGR_003(1.0),6722,12,2023,25,
STATSNZ:AGR_AGR_003(1.0),6723,9,2023,120246,
STATSNZ:AGR_AGR_003(1.0),6724,6,2023,469240,
STATSNZ:AGR_AGR_003(1.0),6727,16,2023,76311,
STATSNZ:AGR_AGR_003(1.0),6951,3,2023,588,
STATSNZ:AGR_AGR_003(1.0),6953,10,2023,80013,
STATSNZ:AGR_AGR_003(1.0),6955,19,2023,394808,
STATSNZ:AGR_AGR_003(1.0),7810,7,2023,728,
STATSNZ:AGR_AGR_003(1.0),7059,2,2024,12418,
STATSNZ:AGR_AGR_003(1.0),7064,12,2024,185,
STATSNZ:AGR_AGR_003(1.0),7065,9,2024,,s
STATSNZ:AGR_AGR_003(1.0),7066,6,2024,34412,
STATSNZ:AGR_AGR_003(1.0),7067,3,2024,,s
STATSNZ:AGR_AGR_003(1.0),7068,13,2024,1006,
STATSNZ:AGR_AGR_003(1.0),7190,19,2024,1706352,
STATSNZ:AGR_AGR_003(1.0),6720,17,2024,28322,
STATSNZ:AGR_AGR_003(1.0),6721,14,2024,13497,
STATSNZ:AGR_AGR_003(1.0),7699,10,2024,182040,
STATSNZ:AGR_AGR_003(1.0),7687,4,2024,8236,
STATSNZ:AGR_AGR_003(1.0),7688,1,2024,443,
STATSNZ:AGR_AGR_003(1.0),7696,11,2024,4823,
STATSNZ:AGR_AGR_003(1.0),6954,8,2024,14349,
STATSNZ:AGR_AGR_003(1.0),6949,18,2024,0,
STATSNZ:AGR_AGR_003(1.0),6951,15,2024,3976,
STATSNZ:AGR_AGR_003(1.0),6953,12,2024,0,
STATSNZ:AGR_AGR_003(1.0),6955,9,2024,15613,
STATSNZ:AGR_AGR_003(1.0),6703,19,1994,20922610,
STATSNZ:AGR_AGR_003(1.0),7074,6,1994,140331,
STATSNZ:AGR_AGR_003(1.0),7699,16,1994,91414,
STATSNZ:AGR_AGR_003(1.0),7193,16,1994,82173,
STATSNZ:AGR_AGR_003(1.0),7074,4,1994,39976,
STATSNZ:AGR_AGR_003(1.0),7699,14,1994,25998,
STATSNZ:AGR_AGR_003(1.0),6703,12,1994,10920,
STATSNZ:AGR_AGR_003(1.0),7685,11,1994,5051,
STATSNZ:AGR_AGR_003(1.0),7185,19,1994,4804,
STATSNZ:AGR_AGR_003(1.0),7185,8,1994,2550,
STATSNZ:AGR_AGR_003(1.0),7077,20,2002,4491281,
STATSNZ:AGR_AGR_003(1.0),7687,10,2002,301620,
STATSNZ:AGR_AGR_003(1.0),7687,15,2002,222087,
STATSNZ:AGR_AGR_003(1.0),7190,4,2002,214406,
STATSNZ:AGR_AGR_003(1.0),7688,19,2002,164616,
STATSNZ:AGR_AGR_003(1.0),7056,9,2002,45343,
STATSNZ:AGR_AGR_003(1.0),7699,11,2002,32185,
STATSNZ:AGR_AGR_003(1.0),7699,9,2002,27423,
STATSNZ:AGR_AGR_003(1.0),7188,7,2002,20282,
STATSNZ:AGR_AGR_003(1.0),7066,17,2002,19869,
STATSNZ:AGR_AGR_003(1.0),7058,3,2002,18741,
STATSNZ:AGR_AGR_003(1.0),7185,3,2002,16597,
STATSNZ:AGR_AGR_003(1.0),7188,9,2002,8029,
STATSNZ:AGR_AGR_003(1.0),7059,13,2002,5898,
STATSNZ:AGR_AGR_003(1.0),6701,6,2003,98035,
STATSNZ:AGR_AGR_003(1.0),6703,9,2003,1544808,
STATSNZ:AGR_AGR_003(1.0),6703,11,2003,301111,
STATSNZ:AGR_AGR_003(1.0),6724,5,2003,302490,
STATSNZ:AGR_AGR_003(1.0),6727,17,2003,30153,
STATSNZ:AGR_AGR_003(1.0),6953,1,2003,4331,
STATSNZ:AGR_AGR_003(1.0),7071,20,2003,171220,
STATSNZ:AGR_AGR_003(1.0),7072,9,2003,20947,
STATSNZ:AGR_AGR_003(1.0),7072,11,2003,3499,
STATSNZ:AGR_AGR_003(1.0),7074,3,2003,117708,
STATSNZ:AGR_AGR_003(1.0),7193,10,2003,3792582,
STATSNZ:AGR_AGR_003(1.0),7077,15,2004,532238,
STATSNZ:AGR_AGR_003(1.0),7068,1,2004,6050,
STATSNZ:AGR_AGR_003(1.0),7074,15,2004,123588,
STATSNZ:AGR_AGR_003(1.0),7074,17,2004,60880,
STATSNZ:AGR_AGR_003(1.0),6723,7,2004,52895,
STATSNZ:AGR_AGR_003(1.0),7699,12,2004,1041,
STATSNZ:AGR_AGR_003(1.0),6951,3,2004,1007,
STATSNZ:AGR_AGR_003(1.0),6953,10,2004,148645,
STATSNZ:AGR_AGR_003(1.0),7066,9,2005,16462,
STATSNZ:AGR_AGR_003(1.0),7067,4,2005,12143,
STATSNZ:AGR_AGR_003(1.0),7067,6,2005,43142,
STATSNZ:AGR_AGR_003(1.0),7072,19,2005,56333,
STATSNZ:AGR_AGR_003(1.0),6721,10,2005,12337993,
STATSNZ:AGR_AGR_003(1.0),6721,15,2005,4670128,
STATSNZ:AGR_AGR_003(1.0),6722,19,2005,121763,
STATSNZ:AGR_AGR_003(1.0),6724,4,2005,50452,
STATSNZ:AGR_AGR_003(1.0),6955,19,2005,462336,
STATSNZ:AGR_AGR_003(1.0),7057,17,2006,13273,
STATSNZ:AGR_AGR_003(1.0),7072,3,2006,59412,
STATSNZ:AGR_AGR_003(1.0),7072,5,2006,16821,
STATSNZ:AGR_AGR_003(1.0),7193,7,2006,598667,
STATSNZ:AGR_AGR_003(1.0),7193,9,2006,103290,
STATSNZ:AGR_AGR_003(1.0),6727,9,2006,13501,
STATSNZ:AGR_AGR_003(1.0),6703,3,2006,2364467,
STATSNZ:AGR_AGR_003(1.0),6703,5,2006,1428059,
STATSNZ:AGR_AGR_003(1.0),6701,10,2006,845776,
STATSNZ:AGR_AGR_003(1.0),6701,15,2006,277936,
STATSNZ:AGR_AGR_003(1.0),7077,9,2007,155910,
STATSNZ:AGR_AGR_003(1.0),7056,4,2007,20420,
STATSNZ:AGR_AGR_003(1.0),7057,14,2007,1474,
STATSNZ:AGR_AGR_003(1.0),7074,11,2007,12020,
STATSNZ:AGR_AGR_003(1.0),7193,6,2007,80200,
STATSNZ:AGR_AGR_003(1.0),7185,15,2007,9132,
STATSNZ:AGR_AGR_003(1.0),7186,19,2007,4765,
STATSNZ:AGR_AGR_003(1.0),6723,1,2007,29446,
STATSNZ:AGR_AGR_003(1.0),6738,5,2007,192786,
STATSNZ:AGR_AGR_003(1.0),6703,2,2007,198022,
STATSNZ:AGR_AGR_003(1.0),7685,16,2007,8989,
STATSNZ:AGR_AGR_003(1.0),7687,19,2007,481713,
STATSNZ:AGR_AGR_003(1.0),7056,16,2008,96348,
STATSNZ:AGR_AGR_003(1.0),7074,8,2008,151027,
STATSNZ:AGR_AGR_003(1.0),7184,2,2008,21115,
STATSNZ:AGR_AGR_003(1.0),7184,10,2008,525716,
STATSNZ:AGR_AGR_003(1.0),6738,2,2008,38063,
STATSNZ:AGR_AGR_003(1.0),6738,4,2008,25803,
STATSNZ:AGR_AGR_003(1.0),6703,14,2008,41511,
STATSNZ:AGR_AGR_003(1.0),6702,6,2008,2602247,
STATSNZ:AGR_AGR_003(1.0),6702,8,2008,5043345,
STATSNZ:AGR_AGR_003(1.0),7699,3,2008,91865,
STATSNZ:AGR_AGR_003(1.0),7077,1,2009,485231,
STATSNZ:AGR_AGR_003(1.0),7058,5,2009,13163,
STATSNZ:AGR_AGR_003(1.0),7059,15,2009,45991,
STATSNZ:AGR_AGR_003(1.0),7059,17,2009,15801,
STATSNZ:AGR_AGR_003(1.0),7185,7,2009,5144,
STATSNZ:AGR_AGR_003(1.0),7187,1,2009,302938,
STATSNZ:AGR_AGR_003(1.0),7187,20,2009,4606971,
STATSNZ:AGR_AGR_003(1.0),6720,15,2009,58633,
STATSNZ:AGR_AGR_003(1.0),6702,3,2009,1670612,
STATSNZ:AGR_AGR_003(1.0),7064,8,2010,72845,
STATSNZ:AGR_AGR_003(1.0),7065,3,2010,47946,
STATSNZ:AGR_AGR_003(1.0),7067,12,2010,213,
STATSNZ:AGR_AGR_003(1.0),7068,7,2010,3380,
STATSNZ:AGR_AGR_003(1.0),7068,9,2010,2436,
STATSNZ:AGR_AGR_003(1.0),6731,14,2010,41523,
STATSNZ:AGR_AGR_003(1.0),6722,3,2010,17191,
STATSNZ:AGR_AGR_003(1.0),6722,5,2010,21219,
STATSNZ:AGR_AGR_003(1.0),6723,15,2010,309252,
STATSNZ:AGR_AGR_003(1.0),6955,3,2010,106455,
STATSNZ:AGR_AGR_003(1.0),7810,13,2010,608,
STATSNZ:AGR_AGR_003(1.0),7810,15,2010,14421,
STATSNZ:AGR_AGR_003(1.0),7077,10,2011,2744850,
STATSNZ:AGR_AGR_003(1.0),7056,19,2011,326584,
STATSNZ:AGR_AGR_003(1.0),7059,16,2011,18940,
STATSNZ:AGR_AGR_003(1.0),7074,2,2011,15637,
STATSNZ:AGR_AGR_003(1.0),7074,10,2011,573794,
STATSNZ:AGR_AGR_003(1.0),6720,14,2011,482,
STATSNZ:AGR_AGR_003(1.0),6703,8,2011,4440053,
STATSNZ:AGR_AGR_003(1.0),6702,2,2011,143670,
STATSNZ:AGR_AGR_003(1.0),6702,10,2011,11594954,
STATSNZ:AGR_AGR_003(1.0),7686,6,2011,16487,
STATSNZ:AGR_AGR_003(1.0),7687,16,2011,84859,
STATSNZ:AGR_AGR_003(1.0),7058,15,2012,13462,
STATSNZ:AGR_AGR_003(1.0),7058,17,2012,3074,
STATSNZ:AGR_AGR_003(1.0),7064,9,2012,18267,
STATSNZ:AGR_AGR_003(1.0),7186,1,2012,3701,
STATSNZ:AGR_AGR_003(1.0),7186,20,2012,38721,
STATSNZ:AGR_AGR_003(1.0),7187,11,2012,52748,
STATSNZ:AGR_AGR_003(1.0),6731,15,2012,5348010,
STATSNZ:AGR_AGR_003(1.0),6731,17,2012,4356427,
STATSNZ:AGR_AGR_003(1.0),6701,1,2012,18603,
STATSNZ:AGR_AGR_003(1.0),6701,3,2012,86301,
STATSNZ:AGR_AGR_003(1.0),7685,7,2012,757,
STATSNZ:AGR_AGR_003(1.0),7686,2,2012,2363,
STATSNZ:AGR_AGR_003(1.0),7077,13,2013,60172,
STATSNZ:AGR_AGR_003(1.0),7056,8,2013,146497,
STATSNZ:AGR_AGR_003(1.0),7073,5,2013,15057,
STATSNZ:AGR_AGR_003(1.0),7074,10,2013,527783,
STATSNZ:AGR_AGR_003(1.0),7074,15,2013,114808,
STATSNZ:AGR_AGR_003(1.0),7184,9,2013,12694,
STATSNZ:AGR_AGR_003(1.0),7185,4,2013,2868,
STATSNZ:AGR_AGR_003(1.0),6727,20,2013,299495,
STATSNZ:AGR_AGR_003(1.0),6702,13,2013,311715,
STATSNZ:AGR_AGR_003(1.0),6702,15,2013,3675631,
STATSNZ:AGR_AGR_003(1.0),7699,19,2013,707282,
STATSNZ:AGR_AGR_003(1.0),6951,1,2013,78,
STATSNZ:AGR_AGR_003(1.0),7059,8,2014,43757,
STATSNZ:AGR_AGR_003(1.0),7066,12,2014,199,
STATSNZ:AGR_AGR_003(1.0),7066,14,2014,3666,
STATSNZ:AGR_AGR_003(1.0),7185,10,2014,43525,
STATSNZ:AGR_AGR_003(1.0),7190,14,2014,114519,
STATSNZ:AGR_AGR_003(1.0),7190,16,2014,222327,
STATSNZ:AGR_AGR_003(1.0),6720,8,2014,49986,
STATSNZ:AGR_AGR_003(1.0),6721,18,2014,34596,
STATSNZ:AGR_AGR_003(1.0),7699,6,2014,53022,
STATSNZ:AGR_AGR_003(1.0),7686,10,2014,63774,
STATSNZ:AGR_AGR_003(1.0),6954,14,2014,35,
STATSNZ:AGR_AGR_003(1.0),7057,20,2015,143373,
STATSNZ:AGR_AGR_003(1.0),7058,9,2015,3547,
STATSNZ:AGR_AGR_003(1.0),7058,11,2015,1248,
STATSNZ:AGR_AGR_003(1.0),7064,3,2015,51067,
STATSNZ:AGR_AGR_003(1.0),7065,13,2015,1667,
STATSNZ:AGR_AGR_003(1.0),7065,15,2015,14060,
STATSNZ:AGR_AGR_003(1.0),7184,1,2015,52820,
STATSNZ:AGR_AGR_003(1.0),6731,9,2015,1420470,
STATSNZ:AGR_AGR_003(1.0),6722,13,2015,10973,
STATSNZ:AGR_AGR_003(1.0),6722,15,2015,51625,
STATSNZ:AGR_AGR_003(1.0),7685,1,2015,821,
STATSNZ:AGR_AGR_003(1.0),7685,20,2015,95405,
STATSNZ:AGR_AGR_003(1.0),7696,15,2015,89532,
STATSNZ:AGR_AGR_003(1.0),7696,17,2015,81365,
STATSNZ:AGR_AGR_003(1.0),6953,16,2015,10687,
STATSNZ:AGR_AGR_003(1.0),7058,7,2016,3502,
STATSNZ:AGR_AGR_003(1.0),7058,9,2016,3382,
STATSNZ:AGR_AGR_003(1.0),7065,11,2016,1834,
STATSNZ:AGR_AGR_003(1.0),7065,13,2016,1614,
STATSNZ:AGR_AGR_003(1.0),7184,20,2016,938088,
STATSNZ:AGR_AGR_003(1.0),6731,7,2016,434333,
STATSNZ:AGR_AGR_003(1.0),6720,17,2016,36928,
STATSNZ:AGR_AGR_003(1.0),6722,11,2016,4307,
STATSNZ:AGR_AGR_003(1.0),6722,13,2016,8212,
STATSNZ:AGR_AGR_003(1.0),6723,8,2016,357867,
STATSNZ:AGR_AGR_003(1.0),7685,20,2016,92948,
STATSNZ:AGR_AGR_003(1.0),7688,3,2016,12217,
STATSNZ:AGR_AGR_003(1.0),7696,13,2016,2697,
STATSNZ:AGR_AGR_003(1.0),7696,15,2016,83489,
STATSNZ:AGR_AGR_003(1.0),6951,17,2016,,c
STATSNZ:AGR_AGR_003(1.0),6953,14,2016,44,
STATSNZ:AGR_AGR_003(1.0),7066,3,2017,67123,
STATSNZ:AGR_AGR_003(1.0),7066,5,2017,22043,
STATSNZ:AGR_AGR_003(1.0),7067,15,2017,55027,
STATSNZ:AGR_AGR_003(1.0),7071,7,2017,1808,
STATSNZ:AGR_AGR_003(1.0),7071,9,2017,3068,
STATSNZ:AGR_AGR_003(1.0),7072,4,2017,12399,
STATSNZ:AGR_AGR_003(1.0),6720,20,2017,264731,
STATSNZ:AGR_AGR_003(1.0),6723,3,2017,154865,
STATSNZ:AGR_AGR_003(1.0),6724,13,2017,84674,
STATSNZ:AGR_AGR_003(1.0),6724,15,2017,788724,
STATSNZ:AGR_AGR_003(1.0),6703,4,2017,292155,
STATSNZ:AGR_AGR_003(1.0),7687,1,2017,1392,
STATSNZ:AGR_AGR_003(1.0),6953,9,2017,6770,
STATSNZ:AGR_AGR_003(1.0),6955,6,2017,2297,
STATSNZ:AGR_AGR_003(1.0),7072,1,2018,48126,
STATSNZ:AGR_AGR_003(1.0),7072,20,2018,272117,
STATSNZ:AGR_AGR_003(1.0),7073,11,2018,1478,
STATSNZ:AGR_AGR_003(1.0),7193,5,2018,,s
STATSNZ:AGR_AGR_003(1.0),7184,10,2018,482937,
STATSNZ:AGR_AGR_003(1.0),7184,15,2018,187465,
STATSNZ:AGR_AGR_003(1.0),6738,17,2018,,s
STATSNZ:AGR_AGR_003(1.0),6701,9,2018,89585,
STATSNZ:AGR_AGR_003(1.0),6701,11,2018,9485,
STATSNZ:AGR_AGR_003(1.0),6702,6,2018,2151099,
STATSNZ:AGR_AGR_003(1.0),7065,5,2019,,s
STATSNZ:AGR_AGR_003(1.0),7065,7,2019,,s
STATSNZ:AGR_AGR_003(1.0),7066,17,2019,13953,
STATSNZ:AGR_AGR_003(1.0),7068,9,2019,,s
STATSNZ:AGR_AGR_003(1.0),7068,11,2019,,s
STATSNZ:AGR_AGR_003(1.0),6731,1,2019,278060,
STATSNZ:AGR_AGR_003(1.0),6731,16,2019,4888402,
STATSNZ:AGR_AGR_003(1.0),6720,11,2019,2865,
STATSNZ:AGR_AGR_003(1.0),6720,13,2019,5644,
STATSNZ:AGR_AGR_003(1.0),6722,5,2019,,s
STATSNZ:AGR_AGR_003(1.0),6723,15,2019,312096,
STATSNZ:AGR_AGR_003(1.0),6723,17,2019,254060,
STATSNZ:AGR_AGR_003(1.0),6951,11,2019,,s
STATSNZ:AGR_AGR_003(1.0),6951,13,2019,8,
STATSNZ:AGR_AGR_003(1.0),6953,8,2019,11285,
STATSNZ:AGR_AGR_003(1.0),7058,10,2020,98574,
STATSNZ:AGR_AGR_003(1.0),7065,4,2020,,s
STATSNZ:AGR_AGR_003(1.0),7066,1,2020,44049,
STATSNZ:AGR_AGR_003(1.0),7066,16,2020,31893,
STATSNZ:AGR_AGR_003(1.0),7066,20,2020,438789,
STATSNZ:AGR_AGR_003(1.0),7071,18,2020,,s
STATSNZ:AGR_AGR_003(1.0),7072,15,2020,29312,
STATSNZ:AGR_AGR_003(1.0),7188,6,2020,,s
STATSNZ:AGR_AGR_003(1.0),7190,1,2020,213245,
STATSNZ:AGR_AGR_003(1.0),6721,7,2020,269369,
STATSNZ:AGR_AGR_003(1.0),6703,15,2020,3492254,
STATSNZ:AGR_AGR_003(1.0),7696,6,2020,,s
STATSNZ:AGR_AGR_003(1.0),6954,1,2020,3076,
STATSNZ:AGR_AGR_003(1.0),6954,3,2020,21935,
STATSNZ:AGR_AGR_003(1.0),6953,5,2020,,s
STATSNZ:AGR_AGR_003(1.0),6955,17,2020,,s
STATSNZ:AGR_AGR_003(1.0),7058,10,2021,123693,
STATSNZ:AGR_AGR_003(1.0),7058,15,2021,14507,
STATSNZ:AGR_AGR_003(1.0),7059,12,2021,316,
STATSNZ:AGR_AGR_003(1.0),7059,19,2021,89114,
STATSNZ:AGR_AGR_003(1.0),7065,4,2021,,s
STATSNZ:AGR_AGR_003(1.0),7065,6,2021,26415,
STATSNZ:AGR_AGR_003(1.0),7066,1,2021,36624,
STATSNZ:AGR_AGR_003(1.0),7187,11,2021,37818,
STATSNZ:AGR_AGR_003(1.0),7188,6,2021,,s
STATSNZ:AGR_AGR_003(1.0),7188,8,2021,,s
STATSNZ:AGR_AGR_003(1.0),6720,12,2021,36,
STATSNZ:AGR_AGR_003(1.0),6720,19,2021,121795,
STATSNZ:AGR_AGR_003(1.0),7686,2,2021,1382,
STATSNZ:AGR_AGR_003(1.0),7687,12,2021,0,
STATSNZ:AGR_AGR_003(1.0),7687,14,2021,10241,
STATSNZ:AGR_AGR_003(1.0),7696,6,2021,,s
STATSNZ:AGR_AGR_003(1.0),6954,16,2021,10860,
STATSNZ:AGR_AGR_003(1.0),6954,18,2021,0,
STATSNZ:AGR_AGR_003(1.0),7065,1,2022,30293,
STATSNZ:AGR_AGR_003(1.0),7065,20,2022,258674,
STATSNZ:AGR_AGR_003(1.0),7066,11,2022,5535,
STATSNZ:AGR_AGR_003(1.0),7068,3,2022,11938,
STATSNZ:AGR_AGR_003(1.0),7068,5,2022,3981,
STATSNZ:AGR_AGR_003(1.0),7071,10,2022,90814,
STATSNZ:AGR_AGR_003(1.0),7071,15,2022,9304,
STATSNZ:AGR_AGR_003(1.0),6720,7,2022,4998,
STATSNZ:AGR_AGR_003(1.0),6722,20,2022,337109,
STATSNZ:AGR_AGR_003(1.0),6723,9,2022,106676,
STATSNZ:AGR_AGR_003(1.0),6723,11,2022,10769,
STATSNZ:AGR_AGR_003(1.0),6951,5,2022,0,
STATSNZ:AGR_AGR_003(1.0),6953,2,2022,14289,
STATSNZ:AGR_AGR_003(1.0),6953,17,2022,148,
STATSNZ:AGR_AGR_003(1.0),7810,11,2022,536,
STATSNZ:AGR_AGR_003(1.0),7071,12,2023,,s
STATSNZ:AGR_AGR_003(1.0),7071,14,2023,84,
STATSNZ:AGR_AGR_003(1.0),7072,9,2023,,s
STATSNZ:AGR_AGR_003(1.0),7074,18,2023,,s
STATSNZ:AGR_AGR_003(1.0),7193,13,2023,,s
STATSNZ:AGR_AGR_003(1.0),6720,4,2023,2798,
STATSNZ:AGR_AGR_003(1.0),6721,1,2023,100246,
STATSNZ:AGR_AGR_003(1.0),6724,18,2023,,s
STATSNZ:AGR_AGR_003(1.0),6727,15,2023,,s
STATSNZ:AGR_AGR_003(1.0),6703,9,2023,1134812,
STATSNZ:AGR_AGR_003(1.0),7696,10,2023,62884,
STATSNZ:AGR_AGR_003(1.0),6953,1,2023,2737,
STATSNZ:AGR_AGR_003(1.0),6953,20,2023,222626,
STATSNZ:AGR_AGR_003(1.0),6955,11,2023,,s
STATSNZ:AGR_AGR_003(1.0),7058,6,2024,15398,
STATSNZ:AGR_AGR_003(1.0),7059,1,2024,38420,
STATSNZ:AGR_AGR_003(1.0),7065,19,2024,,s
STATSNZ:AGR_AGR_003(1.0),7187,2,2024,57753,
STATSNZ:AGR_AGR_003(1.0),7187,10,2024,2591272,
STATSNZ:AGR_AGR_003(1.0),6731,6,2024,2656857,
STATSNZ:AGR_AGR_003(1.0),6720,1,2024,2141,
STATSNZ:AGR_AGR_003(1.0),6720,3,2024,13039,
STATSNZ:AGR_AGR_003(1.0),6724,17,2024,439090,
STATSNZ:AGR_AGR_003(1.0),7686,8,2024,9881,
STATSNZ:AGR_AGR_003(1.0),7687,3,2024,12161,
STATSNZ:AGR_AGR_003(1.0),7696,12,2024,93,
STATSNZ:AGR_AGR_003(1.0),6954,7,2024,5478,
STATSNZ:AGR_AGR_003(1.0),6954,9,2024,7138,
STATSNZ:AGR_AGR_003(1.0),7193,10,1994,3277670,
STATSNZ:AGR_AGR_003(1.0),7077,16,1994,270422,
STATSNZ:AGR_AGR_003(1.0),7699,15,1994,258980,
STATSNZ:AGR_AGR_003(1.0),6724,7,1994,172753,
STATSNZ:AGR_AGR_003(1.0),7193,17,1994,114378,
STATSNZ:AGR_AGR_003(1.0),6738,1,1994,69735,
STATSNZ:AGR_AGR_003(1.0),7688,16,1994,13810,
STATSNZ:AGR_AGR_003(1.0),6727,4,1994,5004,
STATSNZ:AGR_AGR_003(1.0),7187,18,1994,51,
STATSNZ:AGR_AGR_003(1.0),6702,10,2002,14086385,
STATSNZ:AGR_AGR_003(1.0),6731,17,2002,5950657,
STATSNZ:AGR_AGR_003(1.0),6701,3,2002,115277,
STATSNZ:AGR_AGR_003(1.0),7065,6,2002,24425,
STATSNZ:AGR_AGR_003(1.0),7187,13,2002,22915,
STATSNZ:AGR_AGR_003(1.0),7064,9,2002,21900,
STATSNZ:AGR_AGR_003(1.0),7687,14,2002,19888,
STATSNZ:AGR_AGR_003(1.0),6949,15,2002,18940,
STATSNZ:AGR_AGR_003(1.0),7686,4,2002,15195,
STATSNZ:AGR_AGR_003(1.0),7057,5,2002,10763,
STATSNZ:AGR_AGR_003(1.0),7688,11,2002,4670,
STATSNZ:AGR_AGR_003(1.0),6720,14,2002,1658,
STATSNZ:AGR_AGR_003(1.0),7685,7,2002,1249,
STATSNZ:AGR_AGR_003(1.0),7059,12,2002,261,
STATSNZ:AGR_AGR_003(1.0),6702,17,2003,5850434,
STATSNZ:AGR_AGR_003(1.0),6722,20,2003,290583,
STATSNZ:AGR_AGR_003(1.0),6723,9,2003,101457,
STATSNZ:AGR_AGR_003(1.0),6724,6,2003,630507,
STATSNZ:AGR_AGR_003(1.0),6951,3,2003,1010,
STATSNZ:AGR_AGR_003(1.0),6953,10,2003,146590,
STATSNZ:AGR_AGR_003(1.0),7077,15,2003,553846,
STATSNZ:AGR_AGR_003(1.0),7193,16,2003,181484,
STATSNZ:AGR_AGR_003(1.0),7699,14,2003,35487,
STATSNZ:AGR_AGR_003(1.0),7073,4,2004,12923,
STATSNZ:AGR_AGR_003(1.0),7074,1,2004,94213,
STATSNZ:AGR_AGR_003(1.0),6727,15,2004,255554,
STATSNZ:AGR_AGR_003(1.0),6703,9,2004,1473602,
STATSNZ:AGR_AGR_003(1.0),6702,16,2004,4805500,
STATSNZ:AGR_AGR_003(1.0),6953,20,2004,340187,
STATSNZ:AGR_AGR_003(1.0),7810,6,2004,4797,
STATSNZ:AGR_AGR_003(1.0),7068,10,2005,50439,
STATSNZ:AGR_AGR_003(1.0),7068,17,2005,4340,
STATSNZ:AGR_AGR_003(1.0),6731,7,2005,678700,
STATSNZ:AGR_AGR_003(1.0),6720,4,2005,4192,
STATSNZ:AGR_AGR_003(1.0),6721,1,2005,328323,
STATSNZ:AGR_AGR_003(1.0),6723,8,2005,522757,
STATSNZ:AGR_AGR_003(1.0),6727,15,2005,237399,
STATSNZ:AGR_AGR_003(1.0),6702,16,2005,5026550,
STATSNZ:AGR_AGR_003(1.0),6953,20,2005,298867,
STATSNZ:AGR_AGR_003(1.0),7077,9,2006,176204,
STATSNZ:AGR_AGR_003(1.0),7056,6,2006,130326,
STATSNZ:AGR_AGR_003(1.0),7074,13,2006,22854,
STATSNZ:AGR_AGR_003(1.0),7185,17,2006,2371,
STATSNZ:AGR_AGR_003(1.0),7186,14,2006,804,
STATSNZ:AGR_AGR_003(1.0),6723,3,2006,298858,
STATSNZ:AGR_AGR_003(1.0),6724,10,2006,2867967,
STATSNZ:AGR_AGR_003(1.0),6703,4,2006,314053,
STATSNZ:AGR_AGR_003(1.0),6701,14,2006,3995,
STATSNZ:AGR_AGR_003(1.0),6702,11,2006,260172,
STATSNZ:AGR_AGR_003(1.0),7686,15,2006,104777,
STATSNZ:AGR_AGR_003(1.0),7056,18,2007,5574,
STATSNZ:AGR_AGR_003(1.0),7057,15,2007,24502,
STATSNZ:AGR_AGR_003(1.0),7072,1,2007,51609,
STATSNZ:AGR_AGR_003(1.0),7193,5,2007,7891,
STATSNZ:AGR_AGR_003(1.0),7184,2,2007,15220,
STATSNZ:AGR_AGR_003(1.0),7185,20,2007,53331,
STATSNZ:AGR_AGR_003(1.0),6727,9,2007,11362,
STATSNZ:AGR_AGR_003(1.0),6738,6,2007,329797,
STATSNZ:AGR_AGR_003(1.0),6701,13,2007,11525,
STATSNZ:AGR_AGR_003(1.0),6702,19,2007,16591873,
STATSNZ:AGR_AGR_003(1.0),7699,7,2007,4456,
STATSNZ:AGR_AGR_003(1.0),7077,7,2008,132092,
STATSNZ:AGR_AGR_003(1.0),7056,17,2008,48595,
STATSNZ:AGR_AGR_003(1.0),7072,10,2008,254484,
STATSNZ:AGR_AGR_003(1.0),7193,4,2008,315183,
STATSNZ:AGR_AGR_003(1.0),7184,14,2008,21775,
STATSNZ:AGR_AGR_003(1.0),7185,11,2008,691,
STATSNZ:AGR_AGR_003(1.0),7187,5,2008,8895,
STATSNZ:AGR_AGR_003(1.0),7188,15,2008,52759,
STATSNZ:AGR_AGR_003(1.0),7685,16,2008,8504,
STATSNZ:AGR_AGR_003(1.0),7810,20,2008,62511,
STATSNZ:AGR_AGR_003(1.0),7058,6,2009,12470,
STATSNZ:AGR_AGR_003(1.0),7059,16,2009,25308,
STATSNZ:AGR_AGR_003(1.0),7065,19,2009,56705,
STATSNZ:AGR_AGR_003(1.0),7187,10,2009,2992084,
STATSNZ:AGR_AGR_003(1.0),7188,19,2009,102312,
STATSNZ:AGR_AGR_003(1.0),7190,7,2009,420520,
STATSNZ:AGR_AGR_003(1.0),6731,4,2009,331049,
STATSNZ:AGR_AGR_003(1.0),7688,15,2009,71592,
STATSNZ:AGR_AGR_003(1.0),7066,16,2010,28201,
STATSNZ:AGR_AGR_003(1.0),7067,13,2010,6140,
STATSNZ:AGR_AGR_003(1.0),7190,3,2010,1156674,
STATSNZ:AGR_AGR_003(1.0),6731,10,2010,16029077,
STATSNZ:AGR_AGR_003(1.0),6723,14,2010,4615,
STATSNZ:AGR_AGR_003(1.0),6738,18,2010,13512,
STATSNZ:AGR_AGR_003(1.0),6703,15,2010,4471896,
STATSNZ:AGR_AGR_003(1.0),6954,1,2010,2902,
STATSNZ:AGR_AGR_003(1.0),7077,14,2011,29531,
STATSNZ:AGR_AGR_003(1.0),7056,11,2011,10374,
STATSNZ:AGR_AGR_003(1.0),7057,8,2011,22109,
STATSNZ:AGR_AGR_003(1.0),7058,5,2011,12670,
STATSNZ:AGR_AGR_003(1.0),7184,8,2011,76055,
STATSNZ:AGR_AGR_003(1.0),7190,6,2011,44612,
STATSNZ:AGR_AGR_003(1.0),7685,19,2011,58249,
STATSNZ:AGR_AGR_003(1.0),7687,17,2011,124867,
STATSNZ:AGR_AGR_003(1.0),7688,14,2011,6367,
STATSNZ:AGR_AGR_003(1.0),7056,7,2012,22694,
STATSNZ:AGR_AGR_003(1.0),7057,4,2012,3904,
STATSNZ:AGR_AGR_003(1.0),7058,1,2012,16954,
STATSNZ:AGR_AGR_003(1.0),7184,8,2012,74170,
STATSNZ:AGR_AGR_003(1.0),7185,5,2012,770,
STATSNZ:AGR_AGR_003(1.0),7186,15,2012,4851,
STATSNZ:AGR_AGR_003(1.0),7187,12,2012,,c
STATSNZ:AGR_AGR_003(1.0),7188,9,2012,9975,
STATSNZ:AGR_AGR_003(1.0),6702,20,2012,24886808,
STATSNZ:AGR_AGR_003(1.0),7699,9,2012,13933,
STATSNZ:AGR_AGR_003(1.0),7685,6,2012,7585,
STATSNZ:AGR_AGR_003(1.0),7686,3,2012,18548,
STATSNZ:AGR_AGR_003(1.0),7687,13,2012,,c
STATSNZ:AGR_AGR_003(1.0),7688,19,2012,157927,
STATSNZ:AGR_AGR_003(1.0),7696,7,2012,1015,
STATSNZ:AGR_AGR_003(1.0),7077,14,2013,26242,
STATSNZ:AGR_AGR_003(1.0),7058,18,2013,258,
STATSNZ:AGR_AGR_003(1.0),7073,4,2013,5120,
STATSNZ:AGR_AGR_003(1.0),7074,1,2013,70778,
STATSNZ:AGR_AGR_003(1.0),7185,18,2013,0,
STATSNZ:AGR_AGR_003(1.0),7186,15,2013,4851,
STATSNZ:AGR_AGR_003(1.0),7187,12,2013,,s
STATSNZ:AGR_AGR_003(1.0),6701,2,2013,8660,
STATSNZ:AGR_AGR_003(1.0),6702,20,2013,24686442,
STATSNZ:AGR_AGR_003(1.0),7810,6,2013,2516,
STATSNZ:AGR_AGR_003(1.0),7077,8,2014,580988,
STATSNZ:AGR_AGR_003(1.0),7056,5,2014,81430,
STATSNZ:AGR_AGR_003(1.0),7057,2,2014,3479,
STATSNZ:AGR_AGR_003(1.0),7058,12,2014,106,
STATSNZ:AGR_AGR_003(1.0),7059,9,2014,13402,
STATSNZ:AGR_AGR_003(1.0),7065,16,2014,16734,
STATSNZ:AGR_AGR_003(1.0),7071,17,2014,1931,
STATSNZ:AGR_AGR_003(1.0),7187,6,2014,55832,
STATSNZ:AGR_AGR_003(1.0),7188,3,2014,123600,
STATSNZ:AGR_AGR_003(1.0),7190,10,2014,2388263,
STATSNZ:AGR_AGR_003(1.0),6731,19,2014,15440907,
STATSNZ:AGR_AGR_003(1.0),7685,17,2014,17540,
STATSNZ:AGR_AGR_003(1.0),7686,14,2014,6564,
STATSNZ:AGR_AGR_003(1.0),7687,11,2014,7744,
STATSNZ:AGR_AGR_003(1.0),7688,8,2014,20347,
STATSNZ:AGR_AGR_003(1.0),7696,18,2014,0,
STATSNZ:AGR_AGR_003(1.0),6954,15,2014,165340,
STATSNZ:AGR_AGR_003(1.0),7056,1,2015,63681,
STATSNZ:AGR_AGR_003(1.0),7059,5,2015,20694,
STATSNZ:AGR_AGR_003(1.0),7064,2,2015,16974,
STATSNZ:AGR_AGR_003(1.0),7186,9,2015,,c
STATSNZ:AGR_AGR_003(1.0),7187,6,2015,43751,
STATSNZ:AGR_AGR_003(1.0),7188,3,2015,98112,
STATSNZ:AGR_AGR_003(1.0),7190,13,2015,23353,
STATSNZ:AGR_AGR_003(1.0),6731,19,2015,14609211,
STATSNZ:AGR_AGR_003(1.0),6721,17,2015,3023848,
STATSNZ:AGR_AGR_003(1.0),7686,19,2015,132161,
STATSNZ:AGR_AGR_003(1.0),7687,7,2015,,s
STATSNZ:AGR_AGR_003(1.0),7688,4,2015,6916,
STATSNZ:AGR_AGR_003(1.0),7696,1,2015,1449,
STATSNZ:AGR_AGR_003(1.0),6954,11,2015,223,
STATSNZ:AGR_AGR_003(1.0),7056,20,2016,817423,
STATSNZ:AGR_AGR_003(1.0),7059,3,2016,38638,
STATSNZ:AGR_AGR_003(1.0),7064,10,2016,304490,
STATSNZ:AGR_AGR_003(1.0),7186,7,2016,6862,
STATSNZ:AGR_AGR_003(1.0),7187,4,2016,263636,
STATSNZ:AGR_AGR_003(1.0),7188,1,2016,23384,
STATSNZ:AGR_AGR_003(1.0),7190,11,2016,32343,
STATSNZ:AGR_AGR_003(1.0),6731,8,2016,5040174,
STATSNZ:AGR_AGR_003(1.0),6720,5,2016,16536,
STATSNZ:AGR_AGR_003(1.0),7686,8,2016,8479,
STATSNZ:AGR_AGR_003(1.0),7687,5,2016,4036,
STATSNZ:AGR_AGR_003(1.0),7688,2,2016,1808,
STATSNZ:AGR_AGR_003(1.0),7696,20,2016,321031,
STATSNZ:AGR_AGR_003(1.0),6954,9,2016,11062,
STATSNZ:AGR_AGR_003(1.0),6949,6,2016,512,
STATSNZ:AGR_AGR_003(1.0),7059,10,2017,218661,
STATSNZ:AGR_AGR_003(1.0),7066,4,2017,11591,
STATSNZ:AGR_AGR_003(1.0),7067,1,2017,36451,
STATSNZ:AGR_AGR_003(1.0),7072,18,2017,17,
STATSNZ:AGR_AGR_003(1.0),7073,15,2017,32817,
STATSNZ:AGR_AGR_003(1.0),7074,12,2017,,s
STATSNZ:AGR_AGR_003(1.0),6731,1,2017,328033,
STATSNZ:AGR_AGR_003(1.0),6723,2,2017,16999,
STATSNZ:AGR_AGR_003(1.0),6724,20,2017,4281532,
STATSNZ:AGR_AGR_003(1.0),6954,6,2017,1881,
STATSNZ:AGR_AGR_003(1.0),6949,3,2017,2642,
STATSNZ:AGR_AGR_003(1.0),6951,13,2017,38,
STATSNZ:AGR_AGR_003(1.0),6953,19,2017,165249,
STATSNZ:AGR_AGR_003(1.0),6955,7,2017,34337,
STATSNZ:AGR_AGR_003(1.0),7810,17,2017,2466,
STATSNZ:AGR_AGR_003(1.0),7077,5,2018,261384,
STATSNZ:AGR_AGR_003(1.0),7056,15,2018,117518,
STATSNZ:AGR_AGR_003(1.0),7057,12,2018,41,
STATSNZ:AGR_AGR_003(1.0),7184,16,2018,45735,
STATSNZ:AGR_AGR_003(1.0),6723,20,2018,2018126,
STATSNZ:AGR_AGR_003(1.0),6727,6,2018,5016,
STATSNZ:AGR_AGR_003(1.0),6738,3,2018,,s
STATSNZ:AGR_AGR_003(1.0),6703,10,2018,12191991,
STATSNZ:AGR_AGR_003(1.0),7699,17,2018,183186,
STATSNZ:AGR_AGR_003(1.0),7685,14,2018,1215,
STATSNZ:AGR_AGR_003(1.0),7686,11,2018,,s
STATSNZ:AGR_AGR_003(1.0),6955,10,2018,182426,
STATSNZ:AGR_AGR_003(1.0),7066,1,2019,44482,
STATSNZ:AGR_AGR_003(1.0),7066,18,2019,,s
STATSNZ:AGR_AGR_003(1.0),7188,8,2019,,s
STATSNZ:AGR_AGR_003(1.0),7190,5,2019,,s
STATSNZ:AGR_AGR_003(1.0),6731,2,2019,,s
STATSNZ:AGR_AGR_003(1.0),6720,20,2019,273225,
STATSNZ:AGR_AGR_003(1.0),6721,9,2019,873845,
STATSNZ:AGR_AGR_003(1.0),6723,16,2019,289267,
STATSNZ:AGR_AGR_003(1.0),6724,13,2019,118066,
STATSNZ:AGR_AGR_003(1.0),6703,17,2019,3633711,
STATSNZ:AGR_AGR_003(1.0),7687,20,2019,378592,
STATSNZ:AGR_AGR_003(1.0),7696,6,2019,,s
STATSNZ:AGR_AGR_003(1.0),6954,3,2019,25734,
STATSNZ:AGR_AGR_003(1.0),6949,10,2019,8923,
STATSNZ:AGR_AGR_003(1.0),7064,8,2020,74496,
STATSNZ:AGR_AGR_003(1.0),7065,5,2020,,s
STATSNZ:AGR_AGR_003(1.0),7066,15,2020,61650,
STATSNZ:AGR_AGR_003(1.0),7067,12,2020,,s
STATSNZ:AGR_AGR_003(1.0),7068,9,2020,,s
STATSNZ:AGR_AGR_003(1.0),6720,9,2020,11388,
STATSNZ:AGR_AGR_003(1.0),6721,6,2020,1461313,
STATSNZ:AGR_AGR_003(1.0),6722,3,2020,18454,
STATSNZ:AGR_AGR_003(1.0),6723,13,2020,,s
STATSNZ:AGR_AGR_003(1.0),6724,19,2020,2101104,
STATSNZ:AGR_AGR_003(1.0),6727,7,2020,331,
STATSNZ:AGR_AGR_003(1.0),6954,17,2020,,s
STATSNZ:AGR_AGR_003(1.0),6949,14,2020,5,
STATSNZ:AGR_AGR_003(1.0),6951,11,2020,0,
STATSNZ:AGR_AGR_003(1.0),6955,18,2020,0,
STATSNZ:AGR_AGR_003(1.0),7810,15,2020,7084,
STATSNZ:AGR_AGR_003(1.0),7058,20,2021,164829,
STATSNZ:AGR_AGR_003(1.0),7066,17,2021,,s
STATSNZ:AGR_AGR_003(1.0),7185,3,2021,20764,
STATSNZ:AGR_AGR_003(1.0),7186,10,2021,47758,
STATSNZ:AGR_AGR_003(1.0),7188,7,2021,30312,
STATSNZ:AGR_AGR_003(1.0),7190,4,2021,232347,
STATSNZ:AGR_AGR_003(1.0),6731,14,2021,,s
STATSNZ:AGR_AGR_003(1.0),6722,18,2021,,s
STATSNZ:AGR_AGR_003(1.0),6723,15,2021,289944,
STATSNZ:AGR_AGR_003(1.0),7685,4,2021,,s
STATSNZ:AGR_AGR_003(1.0),7686,1,2021,,s
STATSNZ:AGR_AGR_003(1.0),7696,5,2021,1305,
STATSNZ:AGR_AGR_003(1.0),7071,16,2022,7404,
STATSNZ:AGR_AGR_003(1.0),7072,13,2022,1485,
STATSNZ:AGR_AGR_003(1.0),7190,20,2022,4166360,
STATSNZ:AGR_AGR_003(1.0),6720,6,2022,29150,
STATSNZ:AGR_AGR_003(1.0),6721,3,2022,855094,
STATSNZ:AGR_AGR_003(1.0),6722,10,2022,162721,
STATSNZ:AGR_AGR_003(1.0),6723,19,2022,773281,
STATSNZ:AGR_AGR_003(1.0),6727,17,2022,13825,
STATSNZ:AGR_AGR_003(1.0),6738,14,2022,6383,
STATSNZ:AGR_AGR_003(1.0),6703,11,2022,186589,
STATSNZ:AGR_AGR_003(1.0),7696,10,2022,72447,
STATSNZ:AGR_AGR_003(1.0),6953,1,2022,2425,
STATSNZ:AGR_AGR_003(1.0),7065,20,2023,266325,
STATSNZ:AGR_AGR_003(1.0),7066,9,2023,17470,
STATSNZ:AGR_AGR_003(1.0),7067,6,2023,38725,
STATSNZ:AGR_AGR_003(1.0),7068,3,2023,,s
STATSNZ:AGR_AGR_003(1.0),7071,13,2023,126,
STATSNZ:AGR_AGR_003(1.0),7072,19,2023,44806,
STATSNZ:AGR_AGR_003(1.0),7074,17,2023,55046,
STATSNZ:AGR_AGR_003(1.0),7186,18,2023,0,
STATSNZ:AGR_AGR_003(1.0),6721,10,2023,7154074,
STATSNZ:AGR_AGR_003(1.0),6723,7,2023,35842,
STATSNZ:AGR_AGR_003(1.0),6724,4,2023,27175,
STATSNZ:AGR_AGR_003(1.0),6727,1,2023,4827,
STATSNZ:AGR_AGR_003(1.0),6738,11,2023,,s
STATSNZ:AGR_AGR_003(1.0),6949,8,2023,1390,
STATSNZ:AGR_AGR_003(1.0),6951,18,2023,0,
STATSNZ:AGR_AGR_003(1.0),6953,15,2023,133323,
STATSNZ:AGR_AGR_003(1.0),6955,12,2023,0,
STATSNZ:AGR_AGR_003(1.0),7810,9,2023,1500,
STATSNZ:AGR_AGR_003(1.0),7058,7,2024,4888,
STATSNZ:AGR_AGR_003(1.0),7059,17,2024,12080,
STATSNZ:AGR_AGR_003(1.0),7064,14,2024,4074,
STATSNZ:AGR_AGR_003(1.0),7065,11,2024,2006,
STATSNZ:AGR_AGR_003(1.0),7066,8,2024,54540,
STATSNZ:AGR_AGR_003(1.0),7067,18,2024,768,
STATSNZ:AGR_AGR_003(1.0),7187,1,2024,218702,
STATSNZ:AGR_AGR_003(1.0),6731,5,2024,1233096,
STATSNZ:AGR_AGR_003(1.0),6720,15,2024,34036,
STATSNZ:AGR_AGR_003(1.0),6721,12,2024,1213,
STATSNZ:AGR_AGR_003(1.0),6722,9,2024,22032,
STATSNZ:AGR_AGR_003(1.0),6723,6,2024,158296,
STATSNZ:AGR_AGR_003(1.0),7696,13,2024,1362,
STATSNZ:AGR_AGR_003(1.0),6951,17,2024,0,
STATSNZ:AGR_AGR_003(1.0),6722,20,1994,767898,
STATSNZ:AGR_AGR_003(1.0),7187,17,1994,86615,
STATSNZ:AGR_AGR_003(1.0),6723,9,1994,42707,
STATSNZ:AGR_AGR_003(1.0),6727,3,1994,27213,
STATSNZ:AGR_AGR_003(1.0),7696,14,1994,8389,
STATSNZ:AGR_AGR_003(1.0),7810,9,1994,2708,
STATSNZ:AGR_AGR_003(1.0),7186,7,1994,742,
STATSNZ:AGR_AGR_003(1.0),6720,18,1994,698,
STATSNZ:AGR_AGR_003(1.0),6731,16,2002,6120918,
STATSNZ:AGR_AGR_003(1.0),6723,17,2002,339349,
STATSNZ:AGR_AGR_003(1.0),7064,19,2002,165817,
STATSNZ:AGR_AGR_003(1.0),7184,6,2002,19132,
STATSNZ:AGR_AGR_003(1.0),6701,2,2002,13748,
STATSNZ:AGR_AGR_003(1.0),7073,2,2002,9696,
STATSNZ:AGR_AGR_003(1.0),7058,16,2002,8452,
STATSNZ:AGR_AGR_003(1.0),7065,7,2002,8246,
STATSNZ:AGR_AGR_003(1.0),6722,7,2002,6137,
STATSNZ:AGR_AGR_003(1.0),7810,4,2002,2846,
STATSNZ:AGR_AGR_003(1.0),7077,12,2002,2642,
STATSNZ:AGR_AGR_003(1.0),7068,11,2002,1171,
STATSNZ:AGR_AGR_003(1.0),6720,4,2003,4429,
STATSNZ:AGR_AGR_003(1.0),6723,8,2003,417249,
STATSNZ:AGR_AGR_003(1.0),6731,7,2003,664627,
STATSNZ:AGR_AGR_003(1.0),6738,20,2003,3176308,
STATSNZ:AGR_AGR_003(1.0),6951,4,2003,164,
STATSNZ:AGR_AGR_003(1.0),6953,14,2003,137,
STATSNZ:AGR_AGR_003(1.0),7064,1,2003,56154,
STATSNZ:AGR_AGR_003(1.0),7068,17,2003,4505,
STATSNZ:AGR_AGR_003(1.0),7077,16,2003,272551,
STATSNZ:AGR_AGR_003(1.0),7187,16,2003,141309,
STATSNZ:AGR_AGR_003(1.0),7068,14,2004,561,
STATSNZ:AGR_AGR_003(1.0),7072,8,2004,42607,
STATSNZ:AGR_AGR_003(1.0),7073,5,2004,13463,
STATSNZ:AGR_AGR_003(1.0),7193,20,2004,5152492,
STATSNZ:AGR_AGR_003(1.0),6722,19,2004,175198,
STATSNZ:AGR_AGR_003(1.0),6701,5,2004,54900,
STATSNZ:AGR_AGR_003(1.0),7685,9,2004,2155,
STATSNZ:AGR_AGR_003(1.0),7688,10,2004,130323,
STATSNZ:AGR_AGR_003(1.0),6951,16,2004,218,
STATSNZ:AGR_AGR_003(1.0),7077,15,2005,534176,
STATSNZ:AGR_AGR_003(1.0),7073,7,2005,7017,
STATSNZ:AGR_AGR_003(1.0),7074,17,2005,59060,
STATSNZ:AGR_AGR_003(1.0),7184,11,2005,11604,
STATSNZ:AGR_AGR_003(1.0),7187,2,2005,99457,
STATSNZ:AGR_AGR_003(1.0),7188,20,2005,212042,
STATSNZ:AGR_AGR_003(1.0),6720,3,2005,29257,
STATSNZ:AGR_AGR_003(1.0),6702,17,2005,5734918,
STATSNZ:AGR_AGR_003(1.0),7696,12,2005,787,
STATSNZ:AGR_AGR_003(1.0),6951,3,2005,935,
STATSNZ:AGR_AGR_003(1.0),7077,19,2006,1180602,
STATSNZ:AGR_AGR_003(1.0),7059,11,2006,3646,
STATSNZ:AGR_AGR_003(1.0),7073,15,2006,43341,
STATSNZ:AGR_AGR_003(1.0),7187,19,2006,1133538,
STATSNZ:AGR_AGR_003(1.0),6731,1,2006,525830,
STATSNZ:AGR_AGR_003(1.0),6723,2,2006,23485,
STATSNZ:AGR_AGR_003(1.0),7686,16,2006,41888,
STATSNZ:AGR_AGR_003(1.0),7687,13,2006,7028,
STATSNZ:AGR_AGR_003(1.0),6953,8,2006,23167,
STATSNZ:AGR_AGR_003(1.0),7057,1,2007,15771,
STATSNZ:AGR_AGR_003(1.0),7057,16,2007,13404,
STATSNZ:AGR_AGR_003(1.0),7058,13,2007,1525,
STATSNZ:AGR_AGR_003(1.0),7065,17,2007,6052,
STATSNZ:AGR_AGR_003(1.0),7068,8,2007,9684,
STATSNZ:AGR_AGR_003(1.0),7072,2,2007,5017,
STATSNZ:AGR_AGR_003(1.0),7184,3,2007,199379,
STATSNZ:AGR_AGR_003(1.0),6722,4,2007,2035,
STATSNZ:AGR_AGR_003(1.0),6722,17,2007,26113,
STATSNZ:AGR_AGR_003(1.0),6723,14,2007,4885,
STATSNZ:AGR_AGR_003(1.0),6727,8,2007,13352,
STATSNZ:AGR_AGR_003(1.0),6738,18,2007,13539,
STATSNZ:AGR_AGR_003(1.0),6701,20,2007,1448090,
STATSNZ:AGR_AGR_003(1.0),7685,3,2007,9749,
STATSNZ:AGR_AGR_003(1.0),7810,14,2007,320,
STATSNZ:AGR_AGR_003(1.0),7056,3,2008,90261,
STATSNZ:AGR_AGR_003(1.0),7057,10,2008,94210,
STATSNZ:AGR_AGR_003(1.0),7064,4,2008,14283,
STATSNZ:AGR_AGR_003(1.0),7184,15,2008,133142,
STATSNZ:AGR_AGR_003(1.0),7190,13,2008,15796,
STATSNZ:AGR_AGR_003(1.0),6731,19,2008,17099536,
STATSNZ:AGR_AGR_003(1.0),6721,4,2008,249234,
STATSNZ:AGR_AGR_003(1.0),6722,1,2008,8395,
STATSNZ:AGR_AGR_003(1.0),7685,15,2008,32634,
STATSNZ:AGR_AGR_003(1.0),7688,6,2008,17047,
STATSNZ:AGR_AGR_003(1.0),7696,16,2008,75456,
STATSNZ:AGR_AGR_003(1.0),6955,1,2008,10301,
STATSNZ:AGR_AGR_003(1.0),7057,8,2009,21191,
STATSNZ:AGR_AGR_003(1.0),7059,2,2009,19584,
STATSNZ:AGR_AGR_003(1.0),7064,20,2009,461970,
STATSNZ:AGR_AGR_003(1.0),7067,3,2009,59963,
STATSNZ:AGR_AGR_003(1.0),7187,14,2009,141090,
STATSNZ:AGR_AGR_003(1.0),6721,20,2009,22214044,
STATSNZ:AGR_AGR_003(1.0),7688,14,2009,7755,
STATSNZ:AGR_AGR_003(1.0),6951,15,2009,2902,
STATSNZ:AGR_AGR_003(1.0),6955,9,2009,33673,
STATSNZ:AGR_AGR_003(1.0),7058,20,2010,145976,
STATSNZ:AGR_AGR_003(1.0),7066,15,2010,68901,
STATSNZ:AGR_AGR_003(1.0),7071,6,2010,24490,
STATSNZ:AGR_AGR_003(1.0),7074,19,2010,317078,
STATSNZ:AGR_AGR_003(1.0),7190,2,2010,59803,
STATSNZ:AGR_AGR_003(1.0),6703,16,2010,4732952,
STATSNZ:AGR_AGR_003(1.0),7686,1,2010,1696,
STATSNZ:AGR_AGR_003(1.0),7077,13,2011,51103,
STATSNZ:AGR_AGR_003(1.0),7067,17,2011,25153,
STATSNZ:AGR_AGR_003(1.0),7184,9,2011,17328,
STATSNZ:AGR_AGR_003(1.0),7190,7,2011,424153,
STATSNZ:AGR_AGR_003(1.0),6731,4,2011,284954,
STATSNZ:AGR_AGR_003(1.0),6727,20,2011,411592,
STATSNZ:AGR_AGR_003(1.0),6701,18,2011,1545,
STATSNZ:AGR_AGR_003(1.0),6702,15,2011,3950472,
STATSNZ:AGR_AGR_003(1.0),7696,19,2011,309499,
STATSNZ:AGR_AGR_003(1.0),7810,5,2011,1168,
STATSNZ:AGR_AGR_003(1.0),7056,8,2012,146404,
STATSNZ:AGR_AGR_003(1.0),7058,2,2012,5980,
STATSNZ:AGR_AGR_003(1.0),7059,20,2012,310185,
STATSNZ:AGR_AGR_003(1.0),7066,18,2012,540,
STATSNZ:AGR_AGR_003(1.0),7074,13,2012,19552,
STATSNZ:AGR_AGR_003(1.0),7185,17,2012,6759,
STATSNZ:AGR_AGR_003(1.0),7186,14,2012,1860,
STATSNZ:AGR_AGR_003(1.0),7188,8,2012,32489,
STATSNZ:AGR_AGR_003(1.0),6720,20,2012,295056,
STATSNZ:AGR_AGR_003(1.0),6721,9,2012,1051306,
STATSNZ:AGR_AGR_003(1.0),6724,10,2012,2353760,
STATSNZ:AGR_AGR_003(1.0),7687,1,2012,2250,
STATSNZ:AGR_AGR_003(1.0),6954,5,2012,,c
STATSNZ:AGR_AGR_003(1.0),7056,19,2013,318877,
STATSNZ:AGR_AGR_003(1.0),7057,7,2013,,s
STATSNZ:AGR_AGR_003(1.0),7064,11,2013,5061,
STATSNZ:AGR_AGR_003(1.0),7067,2,2013,14503,
STATSNZ:AGR_AGR_003(1.0),7072,6,2013,51375,
STATSNZ:AGR_AGR_003(1.0),7073,18,2013,,c
STATSNZ:AGR_AGR_003(1.0),7187,13,2013,20481,
STATSNZ:AGR_AGR_003(1.0),6731,17,2013,4390785,
STATSNZ:AGR_AGR_003(1.0),6721,11,2013,176723,
STATSNZ:AGR_AGR_003(1.0),6722,8,2013,23806,
STATSNZ:AGR_AGR_003(1.0),6724,2,2013,30090,
STATSNZ:AGR_AGR_003(1.0),6727,12,2013,,c
STATSNZ:AGR_AGR_003(1.0),7688,13,2013,1353,
STATSNZ:AGR_AGR_003(1.0),6949,17,2013,164,
STATSNZ:AGR_AGR_003(1.0),6951,14,2013,0,
STATSNZ:AGR_AGR_003(1.0),6955,8,2013,47964,
STATSNZ:AGR_AGR_003(1.0),7077,7,2014,129775,
STATSNZ:AGR_AGR_003(1.0),7065,2,2014,17515,
STATSNZ:AGR_AGR_003(1.0),7193,6,2014,98100,
STATSNZ:AGR_AGR_003(1.0),7184,16,2014,52366,
STATSNZ:AGR_AGR_003(1.0),7187,7,2014,488315,
STATSNZ:AGR_AGR_003(1.0),7190,1,2014,220164,
STATSNZ:AGR_AGR_003(1.0),6722,2,2014,3016,
STATSNZ:AGR_AGR_003(1.0),6738,18,2014,13901,
STATSNZ:AGR_AGR_003(1.0),6701,12,2014,207,
STATSNZ:AGR_AGR_003(1.0),6702,9,2014,1109376,
STATSNZ:AGR_AGR_003(1.0),7686,13,2014,1194,
STATSNZ:AGR_AGR_003(1.0),7688,7,2014,850,
STATSNZ:AGR_AGR_003(1.0),7696,4,2014,12504,
STATSNZ:AGR_AGR_003(1.0),6951,8,2014,314,
STATSNZ:AGR_AGR_003(1.0),7810,20,2014,51611,
STATSNZ:AGR_AGR_003(1.0),7056,2,2015,16192,
STATSNZ:AGR_AGR_003(1.0),7057,12,2015,,s
STATSNZ:AGR_AGR_003(1.0),7071,16,2015,1140,
STATSNZ:AGR_AGR_003(1.0),7072,13,2015,1417,
STATSNZ:AGR_AGR_003(1.0),7185,11,2015,1562,
STATSNZ:AGR_AGR_003(1.0),7186,8,2015,3608,
STATSNZ:AGR_AGR_003(1.0),6720,6,2015,30029,
STATSNZ:AGR_AGR_003(1.0),6721,3,2015,1099951,
STATSNZ:AGR_AGR_003(1.0),7699,17,2015,197881,
STATSNZ:AGR_AGR_003(1.0),7685,14,2015,,s
STATSNZ:AGR_AGR_003(1.0),7687,8,2015,32024,
STATSNZ:AGR_AGR_003(1.0),6954,20,2015,268300,
STATSNZ:AGR_AGR_003(1.0),6949,9,2015,1506,
STATSNZ:AGR_AGR_003(1.0),6953,3,2015,32574,
STATSNZ:AGR_AGR_003(1.0),7056,10,2016,531447,
STATSNZ:AGR_AGR_003(1.0),7057,19,2016,52894,
STATSNZ:AGR_AGR_003(1.0),7071,14,2016,636,
STATSNZ:AGR_AGR_003(1.0),7185,9,2016,,c
STATSNZ:AGR_AGR_003(1.0),7186,6,2016,1304,
STATSNZ:AGR_AGR_003(1.0),6720,4,2016,3280,
STATSNZ:AGR_AGR_003(1.0),6721,1,2016,216662,
STATSNZ:AGR_AGR_003(1.0),7699,15,2016,232947,
STATSNZ:AGR_AGR_003(1.0),7685,12,2016,0,
STATSNZ:AGR_AGR_003(1.0),7688,16,2016,22058,
STATSNZ:AGR_AGR_003(1.0),6949,7,2016,2147,
STATSNZ:AGR_AGR_003(1.0),6953,1,2016,,c
STATSNZ:AGR_AGR_003(1.0),7077,11,2017,39805,
STATSNZ:AGR_AGR_003(1.0),7057,5,2017,11543,
STATSNZ:AGR_AGR_003(1.0),7058,2,2017,5844,
STATSNZ:AGR_AGR_003(1.0),7065,6,2017,23689,
STATSNZ:AGR_AGR_003(1.0),7185,17,2017,7946,
STATSNZ:AGR_AGR_003(1.0),6731,2,2017,253074,
STATSNZ:AGR_AGR_003(1.0),6720,12,2017,80,
STATSNZ:AGR_AGR_003(1.0),6701,16,2017,141363,
STATSNZ:AGR_AGR_003(1.0),6702,13,2017,311108,
STATSNZ:AGR_AGR_003(1.0),7686,17,2017,42741,
STATSNZ:AGR_AGR_003(1.0),7696,8,2017,19834,
STATSNZ:AGR_AGR_003(1.0),6951,12,2017,0,
STATSNZ:AGR_AGR_003(1.0),7810,3,2017,14749,
STATSNZ:AGR_AGR_003(1.0),7077,6,2018,428528,
STATSNZ:AGR_AGR_003(1.0),7056,3,2018,83831,
STATSNZ:AGR_AGR_003(1.0),7059,7,2018,9835,
STATSNZ:AGR_AGR_003(1.0),7071,2,2018,1278,
STATSNZ:AGR_AGR_003(1.0),7072,14,2018,,s
STATSNZ:AGR_AGR_003(1.0),7193,18,2018,0,
STATSNZ:AGR_AGR_003(1.0),7186,9,2018,1100,
STATSNZ:AGR_AGR_003(1.0),7190,13,2018,21452,
STATSNZ:AGR_AGR_003(1.0),6720,7,2018,4073,
STATSNZ:AGR_AGR_003(1.0),6721,4,2018,162132,
STATSNZ:AGR_AGR_003(1.0),6724,8,2018,756471,
STATSNZ:AGR_AGR_003(1.0),7687,9,2018,,s
STATSNZ:AGR_AGR_003(1.0),6954,13,2018,1357,
STATSNZ:AGR_AGR_003(1.0),6949,19,2018,19418,
STATSNZ:AGR_AGR_003(1.0),6953,4,2018,1546,
STATSNZ:AGR_AGR_003(1.0),7056,7,2019,25242,
STATSNZ:AGR_AGR_003(1.0),7057,4,2019,5745,
STATSNZ:AGR_AGR_003(1.0),7071,8,2019,,s
STATSNZ:AGR_AGR_003(1.0),7072,18,2019,,s
STATSNZ:AGR_AGR_003(1.0),7193,9,2019,82779,
STATSNZ:AGR_AGR_003(1.0),7185,3,2019,,s
STATSNZ:AGR_AGR_003(1.0),7186,10,2019,21942,
STATSNZ:AGR_AGR_003(1.0),7190,4,2019,253707,
STATSNZ:AGR_AGR_003(1.0),6724,20,2019,4224674,
STATSNZ:AGR_AGR_003(1.0),6703,18,2019,,s
STATSNZ:AGR_AGR_003(1.0),6701,15,2019,202540,
STATSNZ:AGR_AGR_003(1.0),7699,9,2019,8153,
STATSNZ:AGR_AGR_003(1.0),7685,6,2019,,s
STATSNZ:AGR_AGR_003(1.0),7688,19,2019,100136,
STATSNZ:AGR_AGR_003(1.0),6949,1,2019,261,
STATSNZ:AGR_AGR_003(1.0),6955,5,2019,,s
STATSNZ:AGR_AGR_003(1.0),7057,16,2020,16172,
STATSNZ:AGR_AGR_003(1.0),7058,13,2020,,s
STATSNZ:AGR_AGR_003(1.0),7064,7,2020,15491,
STATSNZ:AGR_AGR_003(1.0),7065,17,2020,,s
STATSNZ:AGR_AGR_003(1.0),7072,2,2020,4361,
STATSNZ:AGR_AGR_003(1.0),7184,18,2020,0,
STATSNZ:AGR_AGR_003(1.0),6731,13,2020,556764,
STATSNZ:AGR_AGR_003(1.0),6722,4,2020,,s
STATSNZ:AGR_AGR_003(1.0),6722,17,2020,,s
STATSNZ:AGR_AGR_003(1.0),6727,8,2020,,s
STATSNZ:AGR_AGR_003(1.0),6701,20,2020,1397478,
STATSNZ:AGR_AGR_003(1.0),6949,13,2020,,s
STATSNZ:AGR_AGR_003(1.0),6955,4,2020,,s
STATSNZ:AGR_AGR_003(1.0),7810,14,2020,,s
STATSNZ:AGR_AGR_003(1.0),7057,18,2021,,s
STATSNZ:AGR_AGR_003(1.0),7067,13,2021,4959,
STATSNZ:AGR_AGR_003(1.0),7072,17,2021,,s
STATSNZ:AGR_AGR_003(1.0),7073,14,2021,,s
STATSNZ:AGR_AGR_003(1.0),7193,8,2021,443824,
STATSNZ:AGR_AGR_003(1.0),7187,9,2021,70641,
STATSNZ:AGR_AGR_003(1.0),6724,13,2021,76044,
STATSNZ:AGR_AGR_003(1.0),6701,1,2021,,s
STATSNZ:AGR_AGR_003(1.0),7685,5,2021,,s
STATSNZ:AGR_AGR_003(1.0),7686,15,2021,61219,
STATSNZ:AGR_AGR_003(1.0),7687,20,2021,360673,
STATSNZ:AGR_AGR_003(1.0),6949,10,2021,7813,
STATSNZ:AGR_AGR_003(1.0),7810,16,2021,1372,
STATSNZ:AGR_AGR_003(1.0),7056,1,2022,58994,
STATSNZ:AGR_AGR_003(1.0),7064,2,2022,14178,
STATSNZ:AGR_AGR_003(1.0),7068,18,2022,149,
STATSNZ:AGR_AGR_003(1.0),7072,12,2022,,s
STATSNZ:AGR_AGR_003(1.0),7193,16,2022,318493,
STATSNZ:AGR_AGR_003(1.0),7184,13,2022,3317,
STATSNZ:AGR_AGR_003(1.0),6731,8,2022,4485482,
STATSNZ:AGR_AGR_003(1.0),6721,17,2022,2217817,
STATSNZ:AGR_AGR_003(1.0),6703,12,2022,,s
STATSNZ:AGR_AGR_003(1.0),6701,9,2022,81210,
STATSNZ:AGR_AGR_003(1.0),7685,13,2022,1533,
STATSNZ:AGR_AGR_003(1.0),7688,4,2022,4059,
STATSNZ:AGR_AGR_003(1.0),6955,20,2022,672501,
STATSNZ:AGR_AGR_003(1.0),7077,16,2023,299489,
STATSNZ:AGR_AGR_003(1.0),7058,7,2023,6290,
STATSNZ:AGR_AGR_003(1.0),7065,11,2023,,s
STATSNZ:AGR_AGR_003(1.0),7067,5,2023,19495,
STATSNZ:AGR_AGR_003(1.0),7068,2,2023,1667,
STATSNZ:AGR_AGR_003(1.0),7193,10,2023,3334436,
STATSNZ:AGR_AGR_003(1.0),7187,16,2023,225734,
STATSNZ:AGR_AGR_003(1.0),6731,7,2023,402895,
STATSNZ:AGR_AGR_003(1.0),6720,17,2023,26844,
STATSNZ:AGR_AGR_003(1.0),6722,11,2023,2292,
STATSNZ:AGR_AGR_003(1.0),6723,8,2023,388946,
STATSNZ:AGR_AGR_003(1.0),6727,2,2023,,s
STATSNZ:AGR_AGR_003(1.0),6701,6,2023,160074,
STATSNZ:AGR_AGR_003(1.0),6702,18,2023,,s
STATSNZ:AGR_AGR_003(1.0),7696,13,2023,2483,
STATSNZ:AGR_AGR_003(1.0),6951,17,2023,,s
STATSNZ:AGR_AGR_003(1.0),7810,8,2023,,s
STATSNZ:AGR_AGR_003(1.0),7057,9,2024,5348,
STATSNZ:AGR_AGR_003(1.0),7064,13,2024,6877,
STATSNZ:AGR_AGR_003(1.0),7067,4,2024,,s
STATSNZ:AGR_AGR_003(1.0),7072,8,2024,,s
STATSNZ:AGR_AGR_003(1.0),7193,20,2024,5836845,
STATSNZ:AGR_AGR_003(1.0),7186,3,2024,16469,
STATSNZ:AGR_AGR_003(1.0),7187,15,2024,1002788,
STATSNZ:AGR_AGR_003(1.0),6721,13,2024,184666,
STATSNZ:AGR_AGR_003(1.0),6722,19,2024,209351,
STATSNZ:AGR_AGR_003(1.0),6724,4,2024,15228,
STATSNZ:AGR_AGR_003(1.0),6727,14,2024,44,
STATSNZ:AGR_AGR_003(1.0),6701,5,2024,77113,
STATSNZ:AGR_AGR_003(1.0),7699,20,2024,708627,
STATSNZ:AGR_AGR_003(1.0),6951,16,2024,47,
STATSNZ:AGR_AGR_003(1.0),6955,19,2024,411909,
STATSNZ:AGR_AGR_003(1.0),7187,3,1994,1140142,
STATSNZ:AGR_AGR_003(1.0),7184,20,1994,680652,
STATSNZ:AGR_AGR_003(1.0),7193,2,1994,168754,
STATSNZ:AGR_AGR_003(1.0),7188,10,1994,100473,
STATSNZ:AGR_AGR_003(1.0),7074,18,1994,1676,
STATSNZ:AGR_AGR_003(1.0),7185,9,1994,1379,
STATSNZ:AGR_AGR_003(1.0),7186,6,1994,167,
STATSNZ:AGR_AGR_003(1.0),7193,19,2002,1330060,
STATSNZ:AGR_AGR_003(1.0),6720,20,2002,433584,
STATSNZ:AGR_AGR_003(1.0),6731,2,2002,368217,
STATSNZ:AGR_AGR_003(1.0),7184,7,2002,123289,
STATSNZ:AGR_AGR_003(1.0),7067,15,2002,51774,
STATSNZ:AGR_AGR_003(1.0),7074,13,2002,21507,
STATSNZ:AGR_AGR_003(1.0),7073,16,2002,15724,
STATSNZ:AGR_AGR_003(1.0),7190,5,2002,4086,
STATSNZ:AGR_AGR_003(1.0),7185,4,2002,3721,
STATSNZ:AGR_AGR_003(1.0),7066,18,2002,624,
STATSNZ:AGR_AGR_003(1.0),7186,14,2002,309,
STATSNZ:AGR_AGR_003(1.0),6953,15,2003,154107,
STATSNZ:AGR_AGR_003(1.0),7066,9,2003,12746,
STATSNZ:AGR_AGR_003(1.0),7067,6,2003,43066,
STATSNZ:AGR_AGR_003(1.0),7068,16,2003,4978,
STATSNZ:AGR_AGR_003(1.0),7072,19,2003,70061,
STATSNZ:AGR_AGR_003(1.0),7074,4,2003,25567,
STATSNZ:AGR_AGR_003(1.0),7077,17,2003,220042,
STATSNZ:AGR_AGR_003(1.0),7185,8,2003,3635,
STATSNZ:AGR_AGR_003(1.0),7188,20,2003,149190,
STATSNZ:AGR_AGR_003(1.0),7193,1,2003,374019,
STATSNZ:AGR_AGR_003(1.0),7068,15,2004,8446,
STATSNZ:AGR_AGR_003(1.0),7184,19,2004,225512,
STATSNZ:AGR_AGR_003(1.0),7185,7,2004,4886,
STATSNZ:AGR_AGR_003(1.0),7187,14,2004,115197,
STATSNZ:AGR_AGR_003(1.0),6731,5,2004,1847723,
STATSNZ:AGR_AGR_003(1.0),6720,2,2004,4452,
STATSNZ:AGR_AGR_003(1.0),6721,20,2004,26742440,
STATSNZ:AGR_AGR_003(1.0),6723,6,2004,274160,
STATSNZ:AGR_AGR_003(1.0),6702,1,2004,359630,
STATSNZ:AGR_AGR_003(1.0),7077,16,2005,281842,
STATSNZ:AGR_AGR_003(1.0),7059,17,2005,9800,
STATSNZ:AGR_AGR_003(1.0),7064,14,2005,5079,
STATSNZ:AGR_AGR_003(1.0),7065,11,2005,2728,
STATSNZ:AGR_AGR_003(1.0),7066,8,2005,75985,
STATSNZ:AGR_AGR_003(1.0),7071,20,2005,123355,
STATSNZ:AGR_AGR_003(1.0),7074,3,2005,104440,
STATSNZ:AGR_AGR_003(1.0),7193,10,2005,3731709,
STATSNZ:AGR_AGR_003(1.0),6955,11,2005,901,
STATSNZ:AGR_AGR_003(1.0),7058,15,2006,11946,
STATSNZ:AGR_AGR_003(1.0),7066,3,2006,89536,
STATSNZ:AGR_AGR_003(1.0),7067,13,2006,7156,
STATSNZ:AGR_AGR_003(1.0),7068,19,2006,18603,
STATSNZ:AGR_AGR_003(1.0),7071,7,2006,2212,
STATSNZ:AGR_AGR_003(1.0),7072,4,2006,7102,
STATSNZ:AGR_AGR_003(1.0),7073,14,2006,2358,
STATSNZ:AGR_AGR_003(1.0),7186,20,2006,14362,
STATSNZ:AGR_AGR_003(1.0),7072,16,2007,8506,
STATSNZ:AGR_AGR_003(1.0),7073,13,2007,2320,
STATSNZ:AGR_AGR_003(1.0),7184,17,2007,63178,
STATSNZ:AGR_AGR_003(1.0),7185,14,2007,2414,
STATSNZ:AGR_AGR_003(1.0),7186,11,2007,176,
STATSNZ:AGR_AGR_003(1.0),7187,8,2007,299757,
STATSNZ:AGR_AGR_003(1.0),7188,5,2007,1425,
STATSNZ:AGR_AGR_003(1.0),7190,15,2007,431739,
STATSNZ:AGR_AGR_003(1.0),6731,12,2007,7639,
STATSNZ:AGR_AGR_003(1.0),6722,3,2007,17267,
STATSNZ:AGR_AGR_003(1.0),6723,10,2007,1248178,
STATSNZ:AGR_AGR_003(1.0),6727,7,2007,1140,
STATSNZ:AGR_AGR_003(1.0),7057,20,2008,145604,
STATSNZ:AGR_AGR_003(1.0),7188,17,2008,28508,
STATSNZ:AGR_AGR_003(1.0),7190,14,2008,105366,
STATSNZ:AGR_AGR_003(1.0),6721,18,2008,35431,
STATSNZ:AGR_AGR_003(1.0),6722,15,2008,66555,
STATSNZ:AGR_AGR_003(1.0),6724,9,2008,320034,
STATSNZ:AGR_AGR_003(1.0),6738,16,2008,299119,
STATSNZ:AGR_AGR_003(1.0),6703,13,2008,367423,
STATSNZ:AGR_AGR_003(1.0),6701,19,2008,519797,
STATSNZ:AGR_AGR_003(1.0),7699,4,2008,51995,
STATSNZ:AGR_AGR_003(1.0),7077,10,2009,2896476,
STATSNZ:AGR_AGR_003(1.0),6721,13,2009,326344,
STATSNZ:AGR_AGR_003(1.0),6722,19,2009,119930,
STATSNZ:AGR_AGR_003(1.0),6724,17,2009,593180,
STATSNZ:AGR_AGR_003(1.0),6703,8,2009,4529921,
STATSNZ:AGR_AGR_003(1.0),6701,5,2009,49091,
STATSNZ:AGR_AGR_003(1.0),6702,2,2009,184752,
STATSNZ:AGR_AGR_003(1.0),7685,9,2009,1620,
STATSNZ:AGR_AGR_003(1.0),7688,10,2009,71064,
STATSNZ:AGR_AGR_003(1.0),6949,4,2009,811,
STATSNZ:AGR_AGR_003(1.0),7057,3,2010,20265,
STATSNZ:AGR_AGR_003(1.0),7058,13,2010,1634,
STATSNZ:AGR_AGR_003(1.0),7059,19,2010,83740,
STATSNZ:AGR_AGR_003(1.0),7064,7,2010,13888,
STATSNZ:AGR_AGR_003(1.0),7066,14,2010,2550,
STATSNZ:AGR_AGR_003(1.0),7073,20,2010,272803,
STATSNZ:AGR_AGR_003(1.0),7688,9,2010,3979,
STATSNZ:AGR_AGR_003(1.0),6954,16,2010,11248,
STATSNZ:AGR_AGR_003(1.0),6951,19,2010,4334,
STATSNZ:AGR_AGR_003(1.0),6953,7,2010,14073,
STATSNZ:AGR_AGR_003(1.0),6731,18,2011,62861,
STATSNZ:AGR_AGR_003(1.0),6721,12,2011,9759,
STATSNZ:AGR_AGR_003(1.0),6724,3,2011,217680,
STATSNZ:AGR_AGR_003(1.0),6727,10,2011,72092,
STATSNZ:AGR_AGR_003(1.0),6738,19,2011,1212690,
STATSNZ:AGR_AGR_003(1.0),6703,7,2011,427425,
STATSNZ:AGR_AGR_003(1.0),6702,14,2011,27358,
STATSNZ:AGR_AGR_003(1.0),7687,2,2011,4923,
STATSNZ:AGR_AGR_003(1.0),7688,20,2011,229585,
STATSNZ:AGR_AGR_003(1.0),7058,16,2012,6807,
STATSNZ:AGR_AGR_003(1.0),7059,13,2012,5661,
STATSNZ:AGR_AGR_003(1.0),7064,19,2012,152867,
STATSNZ:AGR_AGR_003(1.0),7065,7,2012,9920,
STATSNZ:AGR_AGR_003(1.0),7066,17,2012,15977,
STATSNZ:AGR_AGR_003(1.0),7067,14,2012,3726,
STATSNZ:AGR_AGR_003(1.0),7068,11,2012,625,
STATSNZ:AGR_AGR_003(1.0),7072,5,2012,13739,
STATSNZ:AGR_AGR_003(1.0),7073,2,2012,4924,
STATSNZ:AGR_AGR_003(1.0),7074,20,2012,827749,
STATSNZ:AGR_AGR_003(1.0),7193,9,2012,108174,
STATSNZ:AGR_AGR_003(1.0),7184,6,2012,19682,
STATSNZ:AGR_AGR_003(1.0),6949,16,2012,694,
STATSNZ:AGR_AGR_003(1.0),6951,13,2012,,c
STATSNZ:AGR_AGR_003(1.0),7810,4,2012,1761,
STATSNZ:AGR_AGR_003(1.0),7077,20,2013,3698522,
STATSNZ:AGR_AGR_003(1.0),7057,6,2013,10939,
STATSNZ:AGR_AGR_003(1.0),7058,3,2013,16743,
STATSNZ:AGR_AGR_003(1.0),6724,16,2013,749746,
STATSNZ:AGR_AGR_003(1.0),6727,13,2013,37750,
STATSNZ:AGR_AGR_003(1.0),6701,17,2013,197182,
STATSNZ:AGR_AGR_003(1.0),6702,14,2013,28227,
STATSNZ:AGR_AGR_003(1.0),7699,11,2013,14259,
STATSNZ:AGR_AGR_003(1.0),7685,8,2013,9929,
STATSNZ:AGR_AGR_003(1.0),7686,5,2013,3893,
STATSNZ:AGR_AGR_003(1.0),7687,2,2013,4360,
STATSNZ:AGR_AGR_003(1.0),7688,12,2013,0,
STATSNZ:AGR_AGR_003(1.0),7696,9,2013,6935,
STATSNZ:AGR_AGR_003(1.0),6949,3,2013,3081,
STATSNZ:AGR_AGR_003(1.0),6951,10,2013,1358,
STATSNZ:AGR_AGR_003(1.0),7188,18,2014,0,
STATSNZ:AGR_AGR_003(1.0),6720,9,2014,14039,
STATSNZ:AGR_AGR_003(1.0),6721,6,2014,1784091,
STATSNZ:AGR_AGR_003(1.0),6722,16,2014,43420,
STATSNZ:AGR_AGR_003(1.0),6723,13,2014,29137,
STATSNZ:AGR_AGR_003(1.0),6724,19,2014,2086948,
STATSNZ:AGR_AGR_003(1.0),6738,4,2014,20074,
STATSNZ:AGR_AGR_003(1.0),6703,1,2014,239176,
STATSNZ:AGR_AGR_003(1.0),6702,8,2014,3985114,
STATSNZ:AGR_AGR_003(1.0),7699,5,2014,17871,
STATSNZ:AGR_AGR_003(1.0),6954,10,2014,98676,
STATSNZ:AGR_AGR_003(1.0),7056,16,2015,90055,
STATSNZ:AGR_AGR_003(1.0),7057,13,2015,2252,
STATSNZ:AGR_AGR_003(1.0),7064,17,2015,27250,
STATSNZ:AGR_AGR_003(1.0),7065,1,2015,32536,
STATSNZ:AGR_AGR_003(1.0),7066,11,2015,4752,
STATSNZ:AGR_AGR_003(1.0),7067,8,2015,61683,
STATSNZ:AGR_AGR_003(1.0),7068,5,2015,4517,
STATSNZ:AGR_AGR_003(1.0),7071,15,2015,4441,
STATSNZ:AGR_AGR_003(1.0),7072,20,2015,253474,
STATSNZ:AGR_AGR_003(1.0),7193,3,2015,1761949,
STATSNZ:AGR_AGR_003(1.0),7184,10,2015,538995,
STATSNZ:AGR_AGR_003(1.0),6949,19,2015,14625,
STATSNZ:AGR_AGR_003(1.0),6953,17,2015,283,
STATSNZ:AGR_AGR_003(1.0),6955,14,2015,,c
STATSNZ:AGR_AGR_003(1.0),7810,11,2015,666,
STATSNZ:AGR_AGR_003(1.0),7077,17,2016,169251,
STATSNZ:AGR_AGR_003(1.0),7056,14,2016,7198,
STATSNZ:AGR_AGR_003(1.0),7057,11,2016,1444,
STATSNZ:AGR_AGR_003(1.0),7059,18,2016,995,
STATSNZ:AGR_AGR_003(1.0),7064,15,2016,68814,
STATSNZ:AGR_AGR_003(1.0),7065,20,2016,223152,
STATSNZ:AGR_AGR_003(1.0),7066,9,2016,10838,
STATSNZ:AGR_AGR_003(1.0),7067,6,2016,33120,
STATSNZ:AGR_AGR_003(1.0),7068,3,2016,14917,
STATSNZ:AGR_AGR_003(1.0),7071,13,2016,1100,
STATSNZ:AGR_AGR_003(1.0),7072,19,2016,36937,
STATSNZ:AGR_AGR_003(1.0),7193,1,2016,404415,
STATSNZ:AGR_AGR_003(1.0),7688,17,2016,36690,
STATSNZ:AGR_AGR_003(1.0),6949,8,2016,2102,
STATSNZ:AGR_AGR_003(1.0),6951,18,2016,0,
STATSNZ:AGR_AGR_003(1.0),6953,15,2016,124262,
STATSNZ:AGR_AGR_003(1.0),6955,12,2016,,c
STATSNZ:AGR_AGR_003(1.0),7810,9,2016,2424,
STATSNZ:AGR_AGR_003(1.0),6731,16,2017,4586781,
STATSNZ:AGR_AGR_003(1.0),6720,13,2017,4071,
STATSNZ:AGR_AGR_003(1.0),6721,19,2017,9112677,
STATSNZ:AGR_AGR_003(1.0),6723,17,2017,289874,
STATSNZ:AGR_AGR_003(1.0),6724,14,2017,2163,
STATSNZ:AGR_AGR_003(1.0),6727,11,2017,1734,
STATSNZ:AGR_AGR_003(1.0),6738,8,2017,438413,
STATSNZ:AGR_AGR_003(1.0),6703,5,2017,1199627,
STATSNZ:AGR_AGR_003(1.0),6701,2,2017,9448,
STATSNZ:AGR_AGR_003(1.0),6702,12,2017,12301,
STATSNZ:AGR_AGR_003(1.0),7686,3,2017,14260,
STATSNZ:AGR_AGR_003(1.0),7687,10,2017,108228,
STATSNZ:AGR_AGR_003(1.0),7064,18,2018,,s
STATSNZ:AGR_AGR_003(1.0),7065,15,2018,21906,
STATSNZ:AGR_AGR_003(1.0),7067,9,2018,13415,
STATSNZ:AGR_AGR_003(1.0),7068,6,2018,5824,
STATSNZ:AGR_AGR_003(1.0),7072,13,2018,1790,
STATSNZ:AGR_AGR_003(1.0),7073,19,2018,73264,
STATSNZ:AGR_AGR_003(1.0),7074,7,2018,20640,
STATSNZ:AGR_AGR_003(1.0),7193,4,2018,306711,
STATSNZ:AGR_AGR_003(1.0),7184,1,2018,55174,
STATSNZ:AGR_AGR_003(1.0),7187,5,2018,,s
STATSNZ:AGR_AGR_003(1.0),7188,2,2018,7235,
STATSNZ:AGR_AGR_003(1.0),6955,15,2018,421865,
STATSNZ:AGR_AGR_003(1.0),7810,12,2018,3,
STATSNZ:AGR_AGR_003(1.0),7058,15,2019,17416,
STATSNZ:AGR_AGR_003(1.0),7059,12,2019,,s
STATSNZ:AGR_AGR_003(1.0),7064,9,2019,20739,
STATSNZ:AGR_AGR_003(1.0),7066,3,2019,70076,
STATSNZ:AGR_AGR_003(1.0),7067,10,2019,314070,
STATSNZ:AGR_AGR_003(1.0),7071,7,2019,3078,
STATSNZ:AGR_AGR_003(1.0),7072,4,2019,8676,
STATSNZ:AGR_AGR_003(1.0),7073,1,2019,49932,
STATSNZ:AGR_AGR_003(1.0),7186,20,2019,,s
STATSNZ:AGR_AGR_003(1.0),7687,14,2019,11711,
STATSNZ:AGR_AGR_003(1.0),6954,18,2019,0,
STATSNZ:AGR_AGR_003(1.0),6949,15,2019,16203,
STATSNZ:AGR_AGR_003(1.0),6953,9,2019,10917,
STATSNZ:AGR_AGR_003(1.0),6955,6,2019,9385,
STATSNZ:AGR_AGR_003(1.0),7810,16,2019,,s
STATSNZ:AGR_AGR_003(1.0),7056,5,2020,80642,
STATSNZ:AGR_AGR_003(1.0),7057,2,2020,,s
STATSNZ:AGR_AGR_003(1.0),7058,20,2020,143275,
STATSNZ:AGR_AGR_003(1.0),6727,9,2020,1156,
STATSNZ:AGR_AGR_003(1.0),6703,16,2020,4289917,
STATSNZ:AGR_AGR_003(1.0),6701,13,2020,,s
STATSNZ:AGR_AGR_003(1.0),7685,4,2020,,s
STATSNZ:AGR_AGR_003(1.0),7686,1,2020,,s
STATSNZ:AGR_AGR_003(1.0),7687,11,2020,,s
STATSNZ:AGR_AGR_003(1.0),7688,8,2020,10393,
STATSNZ:AGR_AGR_003(1.0),7696,5,2020,,s
STATSNZ:AGR_AGR_003(1.0),6954,2,2020,10165,
STATSNZ:AGR_AGR_003(1.0),6954,15,2020,149221,
STATSNZ:AGR_AGR_003(1.0),6949,20,2020,23343,
STATSNZ:AGR_AGR_003(1.0),6955,3,2020,53588,
STATSNZ:AGR_AGR_003(1.0),7810,10,2020,27038,
STATSNZ:AGR_AGR_003(1.0),7077,19,2021,1185588,
STATSNZ:AGR_AGR_003(1.0),7056,7,2021,23263,
STATSNZ:AGR_AGR_003(1.0),7057,17,2021,13513,
STATSNZ:AGR_AGR_003(1.0),7058,14,2021,,s
STATSNZ:AGR_AGR_003(1.0),7059,11,2021,3915,
STATSNZ:AGR_AGR_003(1.0),7065,5,2021,,s
STATSNZ:AGR_AGR_003(1.0),7066,2,2021,,s
STATSNZ:AGR_AGR_003(1.0),7067,20,2021,449472,
STATSNZ:AGR_AGR_003(1.0),7068,9,2021,1888,
STATSNZ:AGR_AGR_003(1.0),7686,16,2021,24968,
STATSNZ:AGR_AGR_003(1.0),6954,4,2021,,s
STATSNZ:AGR_AGR_003(1.0),6949,14,2021,,s
STATSNZ:AGR_AGR_003(1.0),6951,11,2021,,s
STATSNZ:AGR_AGR_003(1.0),6953,8,2021,11430,
STATSNZ:AGR_AGR_003(1.0),6955,5,2021,,s
STATSNZ:AGR_AGR_003(1.0),7810,15,2021,7828,
STATSNZ:AGR_AGR_003(1.0),7077,18,2022,11140,
STATSNZ:AGR_AGR_003(1.0),7056,15,2022,126201,
STATSNZ:AGR_AGR_003(1.0),7058,9,2022,6799,
STATSNZ:AGR_AGR_003(1.0),7059,6,2022,39610,
STATSNZ:AGR_AGR_003(1.0),7064,3,2022,60950,
STATSNZ:AGR_AGR_003(1.0),7065,13,2022,1934,
STATSNZ:AGR_AGR_003(1.0),7066,19,2022,122924,
STATSNZ:AGR_AGR_003(1.0),7067,7,2022,17792,
STATSNZ:AGR_AGR_003(1.0),7068,4,2022,2606,
STATSNZ:AGR_AGR_003(1.0),7071,1,2022,15662,
STATSNZ:AGR_AGR_003(1.0),7074,5,2022,69474,
STATSNZ:AGR_AGR_003(1.0),7688,18,2022,0,
STATSNZ:AGR_AGR_003(1.0),7696,15,2022,85799,
STATSNZ:AGR_AGR_003(1.0),6954,12,2022,2,
STATSNZ:AGR_AGR_003(1.0),6953,16,2022,11018,
STATSNZ:AGR_AGR_003(1.0),6955,10,2022,226669,
STATSNZ:AGR_AGR_003(1.0),7810,19,2022,9839,
STATSNZ:AGR_AGR_003(1.0),7077,2,2023,109950,
STATSNZ:AGR_AGR_003(1.0),7056,20,2023,829776,
STATSNZ:AGR_AGR_003(1.0),7059,3,2023,40521,
STATSNZ:AGR_AGR_003(1.0),7064,10,2023,304702,
STATSNZ:AGR_AGR_003(1.0),6738,13,2023,61264,
STATSNZ:AGR_AGR_003(1.0),6703,19,2023,10720752,
STATSNZ:AGR_AGR_003(1.0),6701,7,2023,21901,
STATSNZ:AGR_AGR_003(1.0),6702,17,2023,2928199,
STATSNZ:AGR_AGR_003(1.0),7699,14,2023,6642,
STATSNZ:AGR_AGR_003(1.0),7685,11,2023,,s
STATSNZ:AGR_AGR_003(1.0),7686,8,2023,7645,
STATSNZ:AGR_AGR_003(1.0),7687,5,2023,,s
STATSNZ:AGR_AGR_003(1.0),7688,2,2023,791,
STATSNZ:AGR_AGR_003(1.0),7696,20,2023,254750,
STATSNZ:AGR_AGR_003(1.0),6954,9,2023,6965,
STATSNZ:AGR_AGR_003(1.0),6949,6,2023,465,
STATSNZ:AGR_AGR_003(1.0),7077,1,2024,321859,
STATSNZ:AGR_AGR_003(1.0),7057,8,2024,26916,
STATSNZ:AGR_AGR_003(1.0),7058,5,2024,8415,
STATSNZ:AGR_AGR_003(1.0),7064,20,2024,506026,
STATSNZ:AGR_AGR_003(1.0),7068,10,2024,43324,
STATSNZ:AGR_AGR_003(1.0),6724,18,2024,10256,
STATSNZ:AGR_AGR_003(1.0),6727,15,2024,80322,
STATSNZ:AGR_AGR_003(1.0),6702,3,2024,1077803,
STATSNZ:AGR_AGR_003(1.0),6702,16,2024,3725950,
STATSNZ:AGR_AGR_003(1.0),7699,13,2024,4154,
STATSNZ:AGR_AGR_003(1.0),7685,19,2024,98618,
STATSNZ:AGR_AGR_003(1.0),7686,7,2024,385,
STATSNZ:AGR_AGR_003(1.0),7687,17,2024,67536,
STATSNZ:AGR_AGR_003(1.0),7688,14,2024,2274,
STATSNZ:AGR_AGR_003(1.0),6949,5,2024,,s
STATSNZ:AGR_AGR_003(1.0),6951,2,2024,37,
STATSNZ:AGR_AGR_003(1.0),6953,20,2024,216745,
STATSNZ:AGR_AGR_003(1.0),6738,10,1994,1551388,
STATSNZ:AGR_AGR_003(1.0),6724,6,1994,746117,
STATSNZ:AGR_AGR_003(1.0),6721,2,1994,330431,
STATSNZ:AGR_AGR_003(1.0),7077,4,1994,164806,
STATSNZ:AGR_AGR_003(1.0),7190,11,1994,30409,
STATSNZ:AGR_AGR_003(1.0),7688,17,1994,28835,
STATSNZ:AGR_AGR_003(1.0),7699,1,1994,18141,
STATSNZ:AGR_AGR_003(1.0),7188,14,1994,2784,
STATSNZ:AGR_AGR_003(1.0),6702,20,2002,31507687,
STATSNZ:AGR_AGR_003(1.0),6721,19,2002,14644484,
STATSNZ:AGR_AGR_003(1.0),6703,5,2002,1341165,
STATSNZ:AGR_AGR_003(1.0),7074,20,2002,1083485,
STATSNZ:AGR_AGR_003(1.0),7059,10,2002,270612,
STATSNZ:AGR_AGR_003(1.0),6953,19,2002,155414,
STATSNZ:AGR_AGR_003(1.0),7066,4,2002,14608,
STATSNZ:AGR_AGR_003(1.0),6724,14,2002,12463,
STATSNZ:AGR_AGR_003(1.0),6720,13,2002,8053,
STATSNZ:AGR_AGR_003(1.0),7067,14,2002,4668,
STATSNZ:AGR_AGR_003(1.0),7186,15,2002,1360,
STATSNZ:AGR_AGR_003(1.0),6949,16,2002,1311,
STATSNZ:AGR_AGR_003(1.0),6721,1,2003,322852,
STATSNZ:AGR_AGR_003(1.0),6949,7,2003,1741,
STATSNZ:AGR_AGR_003(1.0),6954,19,2003,210259,
STATSNZ:AGR_AGR_003(1.0),7056,13,2003,23851,
STATSNZ:AGR_AGR_003(1.0),7057,19,2003,47443,
STATSNZ:AGR_AGR_003(1.0),7059,4,2003,12428,
STATSNZ:AGR_AGR_003(1.0),7066,8,2003,66329,
STATSNZ:AGR_AGR_003(1.0),7067,5,2003,33904,
STATSNZ:AGR_AGR_003(1.0),7185,9,2003,978,
STATSNZ:AGR_AGR_003(1.0),7193,15,2003,556339,
STATSNZ:AGR_AGR_003(1.0),7688,16,2003,33605,
STATSNZ:AGR_AGR_003(1.0),7699,15,2003,439501,
STATSNZ:AGR_AGR_003(1.0),7077,10,2004,3281041,
STATSNZ:AGR_AGR_003(1.0),7059,16,2004,19543,
STATSNZ:AGR_AGR_003(1.0),7066,7,2004,15887,
STATSNZ:AGR_AGR_003(1.0),7071,11,2004,887,
STATSNZ:AGR_AGR_003(1.0),7074,2,2004,26355,
STATSNZ:AGR_AGR_003(1.0),7185,6,2004,1140,
STATSNZ:AGR_AGR_003(1.0),6721,13,2004,423905,
STATSNZ:AGR_AGR_003(1.0),6724,17,2004,809584,
STATSNZ:AGR_AGR_003(1.0),6703,8,2004,4994294,
STATSNZ:AGR_AGR_003(1.0),6702,2,2004,211455,
STATSNZ:AGR_AGR_003(1.0),7686,6,2004,35295,
STATSNZ:AGR_AGR_003(1.0),7056,20,2005,1099978,
STATSNZ:AGR_AGR_003(1.0),7059,3,2005,51169,
STATSNZ:AGR_AGR_003(1.0),7064,10,2005,392290,
STATSNZ:AGR_AGR_003(1.0),7193,14,2005,142370,
STATSNZ:AGR_AGR_003(1.0),7190,9,2005,64200,
STATSNZ:AGR_AGR_003(1.0),6731,6,2005,4070230,
STATSNZ:AGR_AGR_003(1.0),6703,19,2005,17691520,
STATSNZ:AGR_AGR_003(1.0),7687,5,2005,14601,
STATSNZ:AGR_AGR_003(1.0),6949,6,2005,511,
STATSNZ:AGR_AGR_003(1.0),6953,10,2005,113635,
STATSNZ:AGR_AGR_003(1.0),7056,7,2006,29089,
STATSNZ:AGR_AGR_003(1.0),7057,4,2006,5575,
STATSNZ:AGR_AGR_003(1.0),7066,2,2006,17893,
STATSNZ:AGR_AGR_003(1.0),7067,20,2006,467128,
STATSNZ:AGR_AGR_003(1.0),7186,13,2006,162,
STATSNZ:AGR_AGR_003(1.0),7190,17,2006,230640,
STATSNZ:AGR_AGR_003(1.0),6724,20,2006,5682274,
STATSNZ:AGR_AGR_003(1.0),7699,9,2006,22722,
STATSNZ:AGR_AGR_003(1.0),7688,19,2006,254247,
STATSNZ:AGR_AGR_003(1.0),6954,4,2006,7230,
STATSNZ:AGR_AGR_003(1.0),6949,1,2006,623,
STATSNZ:AGR_AGR_003(1.0),7066,14,2007,2503,
STATSNZ:AGR_AGR_003(1.0),7067,11,2007,6269,
STATSNZ:AGR_AGR_003(1.0),7071,5,2007,7666,
STATSNZ:AGR_AGR_003(1.0),7074,9,2007,41619,
STATSNZ:AGR_AGR_003(1.0),7185,10,2007,33902,
STATSNZ:AGR_AGR_003(1.0),7190,16,2007,139107,
STATSNZ:AGR_AGR_003(1.0),6724,11,2007,43727,
STATSNZ:AGR_AGR_003(1.0),6703,15,2007,5493274,
STATSNZ:AGR_AGR_003(1.0),7699,6,2007,88408,
STATSNZ:AGR_AGR_003(1.0),7686,10,2007,99682,
STATSNZ:AGR_AGR_003(1.0),6953,7,2007,15997,
STATSNZ:AGR_AGR_003(1.0),6955,17,2007,6738,
STATSNZ:AGR_AGR_003(1.0),7077,6,2008,493393,
STATSNZ:AGR_AGR_003(1.0),7058,19,2008,35592,
STATSNZ:AGR_AGR_003(1.0),7059,7,2008,10183,
STATSNZ:AGR_AGR_003(1.0),7071,2,2008,2653,
STATSNZ:AGR_AGR_003(1.0),7073,11,2008,2120,
STATSNZ:AGR_AGR_003(1.0),7187,6,2008,64631,
STATSNZ:AGR_AGR_003(1.0),7188,3,2008,93748,
STATSNZ:AGR_AGR_003(1.0),6738,17,2008,104716,
STATSNZ:AGR_AGR_003(1.0),7687,9,2008,7809,
STATSNZ:AGR_AGR_003(1.0),6951,7,2008,148,
STATSNZ:AGR_AGR_003(1.0),6953,4,2008,7012,
STATSNZ:AGR_AGR_003(1.0),7077,14,2009,35892,
STATSNZ:AGR_AGR_003(1.0),7056,11,2009,13029,
STATSNZ:AGR_AGR_003(1.0),7066,6,2009,35579,
STATSNZ:AGR_AGR_003(1.0),7068,10,2009,52797,
STATSNZ:AGR_AGR_003(1.0),7184,19,2009,318284,
STATSNZ:AGR_AGR_003(1.0),6731,5,2009,1548344,
STATSNZ:AGR_AGR_003(1.0),6723,6,2009,167938,
STATSNZ:AGR_AGR_003(1.0),6702,1,2009,324291,
STATSNZ:AGR_AGR_003(1.0),7699,13,2009,8099,
STATSNZ:AGR_AGR_003(1.0),7687,17,2009,123325,
STATSNZ:AGR_AGR_003(1.0),7696,11,2009,4697,
STATSNZ:AGR_AGR_003(1.0),6954,8,2009,29566,
STATSNZ:AGR_AGR_003(1.0),7065,18,2010,390,
STATSNZ:AGR_AGR_003(1.0),7072,3,2010,40654,
STATSNZ:AGR_AGR_003(1.0),7193,7,2010,645891,
STATSNZ:AGR_AGR_003(1.0),7184,17,2010,86944,
STATSNZ:AGR_AGR_003(1.0),6731,20,2010,32562612,
STATSNZ:AGR_AGR_003(1.0),6727,9,2010,5753,
STATSNZ:AGR_AGR_003(1.0),6702,19,2010,14612537,
STATSNZ:AGR_AGR_003(1.0),7685,4,2010,2756,
STATSNZ:AGR_AGR_003(1.0),7688,8,2010,15567,
STATSNZ:AGR_AGR_003(1.0),7696,5,2010,5527,
STATSNZ:AGR_AGR_003(1.0),6949,20,2010,33821,
STATSNZ:AGR_AGR_003(1.0),7810,10,2010,41102,
STATSNZ:AGR_AGR_003(1.0),7059,1,2011,33336,
STATSNZ:AGR_AGR_003(1.0),7074,15,2011,148250,
STATSNZ:AGR_AGR_003(1.0),7186,16,2011,491,
STATSNZ:AGR_AGR_003(1.0),7187,10,2011,3104777,
STATSNZ:AGR_AGR_003(1.0),7188,19,2011,149815,
STATSNZ:AGR_AGR_003(1.0),6720,1,2011,4449,
STATSNZ:AGR_AGR_003(1.0),6721,11,2011,162708,
STATSNZ:AGR_AGR_003(1.0),7687,3,2011,34939,
STATSNZ:AGR_AGR_003(1.0),6954,7,2011,18406,
STATSNZ:AGR_AGR_003(1.0),7077,11,2012,40149,
STATSNZ:AGR_AGR_003(1.0),7057,5,2012,8283,
STATSNZ:AGR_AGR_003(1.0),7065,6,2012,24513,
STATSNZ:AGR_AGR_003(1.0),7193,19,2012,2487765,
STATSNZ:AGR_AGR_003(1.0),7184,7,2012,74166,
STATSNZ:AGR_AGR_003(1.0),7190,5,2012,2320,
STATSNZ:AGR_AGR_003(1.0),6731,2,2012,205270,
STATSNZ:AGR_AGR_003(1.0),6701,16,2012,131730,
STATSNZ:AGR_AGR_003(1.0),6702,13,2012,338470,
STATSNZ:AGR_AGR_003(1.0),7686,17,2012,48841,
STATSNZ:AGR_AGR_003(1.0),7688,11,2012,2759,
STATSNZ:AGR_AGR_003(1.0),7696,8,2012,29351,
STATSNZ:AGR_AGR_003(1.0),6949,2,2012,1260,
STATSNZ:AGR_AGR_003(1.0),6951,12,2012,0,
STATSNZ:AGR_AGR_003(1.0),7810,3,2012,13905,
STATSNZ:AGR_AGR_003(1.0),7058,17,2013,2808,
STATSNZ:AGR_AGR_003(1.0),7059,14,2013,,s
STATSNZ:AGR_AGR_003(1.0),7065,8,2013,53342,
STATSNZ:AGR_AGR_003(1.0),7066,5,2013,20964,
STATSNZ:AGR_AGR_003(1.0),7068,20,2013,75214,
STATSNZ:AGR_AGR_003(1.0),7071,9,2013,2056,
STATSNZ:AGR_AGR_003(1.0),7073,3,2013,35261,
STATSNZ:AGR_AGR_003(1.0),7188,19,2013,160479,
STATSNZ:AGR_AGR_003(1.0),6720,14,2013,564,
STATSNZ:AGR_AGR_003(1.0),6723,5,2013,108546,
STATSNZ:AGR_AGR_003(1.0),6738,9,2013,171499,
STATSNZ:AGR_AGR_003(1.0),6702,10,2013,11695229,
STATSNZ:AGR_AGR_003(1.0),7686,4,2013,9089,
STATSNZ:AGR_AGR_003(1.0),7687,16,2013,76965,
STATSNZ:AGR_AGR_003(1.0),6953,11,2013,,s
STATSNZ:AGR_AGR_003(1.0),7810,5,2013,1424,
STATSNZ:AGR_AGR_003(1.0),7056,4,2014,16332,
STATSNZ:AGR_AGR_003(1.0),7057,14,2014,2376,
STATSNZ:AGR_AGR_003(1.0),7066,20,2014,424892,
STATSNZ:AGR_AGR_003(1.0),7071,18,2014,,c
STATSNZ:AGR_AGR_003(1.0),7072,15,2014,14801,
STATSNZ:AGR_AGR_003(1.0),7185,13,2014,,s
STATSNZ:AGR_AGR_003(1.0),7186,19,2014,11052,
STATSNZ:AGR_AGR_003(1.0),7188,4,2014,30581,
STATSNZ:AGR_AGR_003(1.0),6721,5,2014,968244,
STATSNZ:AGR_AGR_003(1.0),7685,16,2014,9017,
STATSNZ:AGR_AGR_003(1.0),7687,19,2014,333096,
STATSNZ:AGR_AGR_003(1.0),6954,1,2014,997,
STATSNZ:AGR_AGR_003(1.0),6949,11,2014,,c
STATSNZ:AGR_AGR_003(1.0),6953,5,2014,,c
STATSNZ:AGR_AGR_003(1.0),7077,5,2015,244826,
STATSNZ:AGR_AGR_003(1.0),7065,10,2015,203335,
STATSNZ:AGR_AGR_003(1.0),7193,4,2015,357039,
STATSNZ:AGR_AGR_003(1.0),7184,14,2015,29919,
STATSNZ:AGR_AGR_003(1.0),7187,5,2015,5501,
STATSNZ:AGR_AGR_003(1.0),7188,15,2015,56944,
STATSNZ:AGR_AGR_003(1.0),7190,20,2015,4055408,
STATSNZ:AGR_AGR_003(1.0),6722,10,2015,155964,
STATSNZ:AGR_AGR_003(1.0),6702,7,2015,385185,
STATSNZ:AGR_AGR_003(1.0),7686,11,2015,1845,
STATSNZ:AGR_AGR_003(1.0),7688,5,2015,2337,
STATSNZ:AGR_AGR_003(1.0),7696,2,2015,2280,
STATSNZ:AGR_AGR_003(1.0),6951,6,2015,,c
STATSNZ:AGR_AGR_003(1.0),7077,3,2016,498662,
STATSNZ:AGR_AGR_003(1.0),7064,1,2016,43863,
STATSNZ:AGR_AGR_003(1.0),7068,17,2016,5613,
STATSNZ:AGR_AGR_003(1.0),7074,18,2016,4166,
STATSNZ:AGR_AGR_003(1.0),7193,2,2016,165417,
STATSNZ:AGR_AGR_003(1.0),7184,12,2016,,c
STATSNZ:AGR_AGR_003(1.0),7187,3,2016,1509581,
STATSNZ:AGR_AGR_003(1.0),7188,13,2016,,c
STATSNZ:AGR_AGR_003(1.0),6727,17,2016,7663,
STATSNZ:AGR_AGR_003(1.0),6702,5,2016,1257373,
STATSNZ:AGR_AGR_003(1.0),7686,9,2016,3254,
STATSNZ:AGR_AGR_003(1.0),7696,10,2016,88592,
STATSNZ:AGR_AGR_003(1.0),6951,4,2016,66,
STATSNZ:AGR_AGR_003(1.0),7056,8,2017,143738,
STATSNZ:AGR_AGR_003(1.0),7059,20,2017,298968,
STATSNZ:AGR_AGR_003(1.0),7066,18,2017,594,
STATSNZ:AGR_AGR_003(1.0),7074,13,2017,20429,
STATSNZ:AGR_AGR_003(1.0),7193,19,2017,2573529,
STATSNZ:AGR_AGR_003(1.0),7186,14,2017,1136,
STATSNZ:AGR_AGR_003(1.0),7188,8,2017,30130,
STATSNZ:AGR_AGR_003(1.0),7190,5,2017,4753,
STATSNZ:AGR_AGR_003(1.0),6721,9,2017,923307,
STATSNZ:AGR_AGR_003(1.0),6724,10,2017,2078162,
STATSNZ:AGR_AGR_003(1.0),7688,11,2017,1235,
STATSNZ:AGR_AGR_003(1.0),6954,5,2017,159,
STATSNZ:AGR_AGR_003(1.0),6949,15,2017,16895,
STATSNZ:AGR_AGR_003(1.0),7057,13,2018,3574,
STATSNZ:AGR_AGR_003(1.0),7058,19,2018,27048,
STATSNZ:AGR_AGR_003(1.0),7064,4,2018,13587,
STATSNZ:AGR_AGR_003(1.0),7065,1,2018,23844,
STATSNZ:AGR_AGR_003(1.0),7068,5,2018,5085,
STATSNZ:AGR_AGR_003(1.0),7187,6,2018,63746,
STATSNZ:AGR_AGR_003(1.0),7188,16,2018,,s
STATSNZ:AGR_AGR_003(1.0),6731,19,2018,13711304,
STATSNZ:AGR_AGR_003(1.0),6722,1,2018,,s
STATSNZ:AGR_AGR_003(1.0),6727,5,2018,,s
STATSNZ:AGR_AGR_003(1.0),7685,10,2018,39520,
STATSNZ:AGR_AGR_003(1.0),7685,15,2018,38713,
STATSNZ:AGR_AGR_003(1.0),7686,12,2018,0,
STATSNZ:AGR_AGR_003(1.0),7696,16,2018,50897,
STATSNZ:AGR_AGR_003(1.0),6951,7,2018,138,
STATSNZ:AGR_AGR_003(1.0),6955,1,2018,,s
STATSNZ:AGR_AGR_003(1.0),7810,11,2018,518,
STATSNZ:AGR_AGR_003(1.0),7058,1,2019,15747,
STATSNZ:AGR_AGR_003(1.0),7073,15,2019,,s
STATSNZ:AGR_AGR_003(1.0),7074,12,2019,459,
STATSNZ:AGR_AGR_003(1.0),7187,19,2019,1873479,
STATSNZ:AGR_AGR_003(1.0),7188,7,2019,27317,
STATSNZ:AGR_AGR_003(1.0),6723,2,2019,,s
STATSNZ:AGR_AGR_003(1.0),6727,11,2019,1865,
STATSNZ:AGR_AGR_003(1.0),7686,3,2019,14751,
STATSNZ:AGR_AGR_003(1.0),7687,13,2019,2045,
STATSNZ:AGR_AGR_003(1.0),7696,7,2019,831,
STATSNZ:AGR_AGR_003(1.0),7810,2,2019,4491,
STATSNZ:AGR_AGR_003(1.0),7810,17,2019,2633,
STATSNZ:AGR_AGR_003(1.0),7059,19,2020,90204,
STATSNZ:AGR_AGR_003(1.0),7066,14,2020,,s
STATSNZ:AGR_AGR_003(1.0),7071,5,2020,5111,
STATSNZ:AGR_AGR_003(1.0),7073,20,2020,273550,
STATSNZ:AGR_AGR_003(1.0),7074,9,2020,43389,
STATSNZ:AGR_AGR_003(1.0),7190,16,2020,264957,
STATSNZ:AGR_AGR_003(1.0),6720,19,2020,127372,
STATSNZ:AGR_AGR_003(1.0),6723,1,2020,15148,
STATSNZ:AGR_AGR_003(1.0),6724,11,2020,,s
STATSNZ:AGR_AGR_003(1.0),6738,5,2020,172150,
STATSNZ:AGR_AGR_003(1.0),6703,2,2020,124054,
STATSNZ:AGR_AGR_003(1.0),7686,10,2020,55118,
STATSNZ:AGR_AGR_003(1.0),7687,12,2020,0,
STATSNZ:AGR_AGR_003(1.0),6954,16,2020,7049,
STATSNZ:AGR_AGR_003(1.0),6953,7,2020,11391,
STATSNZ:AGR_AGR_003(1.0),7056,6,2021,102188,
STATSNZ:AGR_AGR_003(1.0),7066,16,2021,30565,
STATSNZ:AGR_AGR_003(1.0),7068,19,2021,26857,
STATSNZ:AGR_AGR_003(1.0),7184,5,2021,,s
STATSNZ:AGR_AGR_003(1.0),7185,2,2021,,s
STATSNZ:AGR_AGR_003(1.0),6731,10,2021,12686342,
STATSNZ:AGR_AGR_003(1.0),6723,16,2021,238330,
STATSNZ:AGR_AGR_003(1.0),6703,17,2021,3474472,
STATSNZ:AGR_AGR_003(1.0),6702,11,2021,,s
STATSNZ:AGR_AGR_003(1.0),7699,8,2021,47259,
STATSNZ:AGR_AGR_003(1.0),6954,3,2021,20391,
STATSNZ:AGR_AGR_003(1.0),7065,14,2022,909,
STATSNZ:AGR_AGR_003(1.0),7073,9,2022,9796,
STATSNZ:AGR_AGR_003(1.0),7074,6,2022,103827,
STATSNZ:AGR_AGR_003(1.0),7185,19,2022,26207,
STATSNZ:AGR_AGR_003(1.0),7187,4,2022,236440,
STATSNZ:AGR_AGR_003(1.0),7188,1,2022,21445,
STATSNZ:AGR_AGR_003(1.0),6720,5,2022,12961,
STATSNZ:AGR_AGR_003(1.0),6738,15,2022,883531,
STATSNZ:AGR_AGR_003(1.0),7699,16,2022,126979,
STATSNZ:AGR_AGR_003(1.0),7686,19,2022,129353,
STATSNZ:AGR_AGR_003(1.0),7687,7,2022,1026,
STATSNZ:AGR_AGR_003(1.0),7696,1,2022,683,
STATSNZ:AGR_AGR_003(1.0),6954,11,2022,97,
STATSNZ:AGR_AGR_003(1.0),7056,13,2023,21843,
STATSNZ:AGR_AGR_003(1.0),7059,4,2023,8078,
STATSNZ:AGR_AGR_003(1.0),7066,8,2023,61295,
STATSNZ:AGR_AGR_003(1.0),7071,20,2023,107871,
STATSNZ:AGR_AGR_003(1.0),7074,3,2023,100061,
STATSNZ:AGR_AGR_003(1.0),7193,15,2023,1360592,
STATSNZ:AGR_AGR_003(1.0),7190,19,2023,1737292,
STATSNZ:AGR_AGR_003(1.0),6721,14,2023,7965,
STATSNZ:AGR_AGR_003(1.0),6724,5,2023,,s
STATSNZ:AGR_AGR_003(1.0),6738,20,2023,3101493,
STATSNZ:AGR_AGR_003(1.0),6954,19,2023,160094,
STATSNZ:AGR_AGR_003(1.0),6953,14,2023,3,
STATSNZ:AGR_AGR_003(1.0),7056,12,2024,195,
STATSNZ:AGR_AGR_003(1.0),7059,16,2024,24313,
STATSNZ:AGR_AGR_003(1.0),7066,7,2024,19415,
STATSNZ:AGR_AGR_003(1.0),7068,1,2024,,s
STATSNZ:AGR_AGR_003(1.0),7071,11,2024,808,
STATSNZ:AGR_AGR_003(1.0),7188,12,2024,61,
STATSNZ:AGR_AGR_003(1.0),6720,16,2024,40458,
STATSNZ:AGR_AGR_003(1.0),6723,7,2024,42628,
STATSNZ:AGR_AGR_003(1.0),6738,11,2024,17263,
STATSNZ:AGR_AGR_003(1.0),6702,2,2024,,s
STATSNZ:AGR_AGR_003(1.0),7686,6,2024,13153,
STATSNZ:AGR_AGR_003(1.0),7687,18,2024,0,
STATSNZ:AGR_AGR_003(1.0),6953,13,2024,102,
STATSNZ:AGR_AGR_003(1.0),7810,7,2024,,s
STATSNZ:AGR_AGR_003(1.0),7077,3,1994,869939,
STATSNZ:AGR_AGR_003(1.0),6723,19,1994,602319,
STATSNZ:AGR_AGR_003(1.0),6703,11,1994,301967,
STATSNZ:AGR_AGR_003(1.0),7696,10,1994,182520,
STATSNZ:AGR_AGR_003(1.0),6727,17,1994,110095,
STATSNZ:AGR_AGR_003(1.0),7687,6,1994,46863,
STATSNZ:AGR_AGR_003(1.0),7699,2,1994,33916,
STATSNZ:AGR_AGR_003(1.0),7688,3,1994,29603,
STATSNZ:AGR_AGR_003(1.0),6738,14,1994,7825,
STATSNZ:AGR_AGR_003(1.0),7686,9,1994,6316,
STATSNZ:AGR_AGR_003(1.0),7685,12,1994,39,
STATSNZ:AGR_AGR_003(1.0),6703,6,2002,2908825,
STATSNZ:AGR_AGR_003(1.0),7699,19,2002,1050359,
STATSNZ:AGR_AGR_003(1.0),6702,13,2002,494467,
STATSNZ:AGR_AGR_003(1.0),7059,20,2002,359264,
STATSNZ:AGR_AGR_003(1.0),7056,8,2002,183373,
STATSNZ:AGR_AGR_003(1.0),6701,16,2002,135338,
STATSNZ:AGR_AGR_003(1.0),7686,17,2002,68698,
STATSNZ:AGR_AGR_003(1.0),7696,8,2002,58829,
STATSNZ:AGR_AGR_003(1.0),7077,11,2002,49032,
STATSNZ:AGR_AGR_003(1.0),7687,1,2002,12154,
STATSNZ:AGR_AGR_003(1.0),7058,2,2002,8654,
STATSNZ:AGR_AGR_003(1.0),6951,20,2002,5932,
STATSNZ:AGR_AGR_003(1.0),6723,18,2002,2580,
STATSNZ:AGR_AGR_003(1.0),6949,2,2002,1678,
STATSNZ:AGR_AGR_003(1.0),6954,5,2002,1453,
STATSNZ:AGR_AGR_003(1.0),6701,7,2003,17953,
STATSNZ:AGR_AGR_003(1.0),6702,4,2003,297787,
STATSNZ:AGR_AGR_003(1.0),6703,19,2003,18207248,
STATSNZ:AGR_AGR_003(1.0),6721,15,2003,5236581,
STATSNZ:AGR_AGR_003(1.0),6727,16,2003,296601,
STATSNZ:AGR_AGR_003(1.0),6738,10,2003,1894123,
STATSNZ:AGR_AGR_003(1.0),7077,2,2003,180066,
STATSNZ:AGR_AGR_003(1.0),7685,11,2003,2182,
STATSNZ:AGR_AGR_003(1.0),7696,20,2003,670370,
STATSNZ:AGR_AGR_003(1.0),7699,1,2003,18922,
STATSNZ:AGR_AGR_003(1.0),7077,14,2004,31274,
STATSNZ:AGR_AGR_003(1.0),7056,11,2004,11409,
STATSNZ:AGR_AGR_003(1.0),7057,8,2004,21546,
STATSNZ:AGR_AGR_003(1.0),7058,5,2004,10445,
STATSNZ:AGR_AGR_003(1.0),7059,2,2004,23594,
STATSNZ:AGR_AGR_003(1.0),7064,20,2004,572225,
STATSNZ:AGR_AGR_003(1.0),7066,6,2004,51305,
STATSNZ:AGR_AGR_003(1.0),7067,3,2004,75570,
STATSNZ:AGR_AGR_003(1.0),7068,10,2004,48073,
STATSNZ:AGR_AGR_003(1.0),7699,13,2004,20618,
STATSNZ:AGR_AGR_003(1.0),7685,19,2004,94067,
STATSNZ:AGR_AGR_003(1.0),7687,17,2004,201582,
STATSNZ:AGR_AGR_003(1.0),7688,14,2004,9140,
STATSNZ:AGR_AGR_003(1.0),7696,11,2004,13372,
STATSNZ:AGR_AGR_003(1.0),6954,8,2004,33422,
STATSNZ:AGR_AGR_003(1.0),6949,5,2004,303,
STATSNZ:AGR_AGR_003(1.0),7190,19,2005,860029,
STATSNZ:AGR_AGR_003(1.0),6720,17,2005,55607,
STATSNZ:AGR_AGR_003(1.0),6721,14,2005,57881,
STATSNZ:AGR_AGR_003(1.0),6722,11,2005,4699,
STATSNZ:AGR_AGR_003(1.0),6724,5,2005,234856,
STATSNZ:AGR_AGR_003(1.0),6738,12,2005,612,
STATSNZ:AGR_AGR_003(1.0),6703,9,2005,1636977,
STATSNZ:AGR_AGR_003(1.0),6701,6,2005,156014,
STATSNZ:AGR_AGR_003(1.0),7699,10,2005,551964,
STATSNZ:AGR_AGR_003(1.0),6723,16,2006,350073,
STATSNZ:AGR_AGR_003(1.0),6724,13,2006,91329,
STATSNZ:AGR_AGR_003(1.0),6727,19,2006,461038,
STATSNZ:AGR_AGR_003(1.0),6738,7,2006,57403,
STATSNZ:AGR_AGR_003(1.0),6703,17,2006,6030018,
STATSNZ:AGR_AGR_003(1.0),6701,1,2006,14538,
STATSNZ:AGR_AGR_003(1.0),7699,8,2006,117242,
STATSNZ:AGR_AGR_003(1.0),7685,5,2006,1399,
STATSNZ:AGR_AGR_003(1.0),7686,2,2006,3175,
STATSNZ:AGR_AGR_003(1.0),6949,10,2006,14161,
STATSNZ:AGR_AGR_003(1.0),7077,8,2007,680960,
STATSNZ:AGR_AGR_003(1.0),7056,5,2007,93039,
STATSNZ:AGR_AGR_003(1.0),7057,2,2007,4803,
STATSNZ:AGR_AGR_003(1.0),7058,12,2007,46,
STATSNZ:AGR_AGR_003(1.0),7059,9,2007,14561,
STATSNZ:AGR_AGR_003(1.0),7066,10,2007,347609,
STATSNZ:AGR_AGR_003(1.0),7071,4,2007,1744,
STATSNZ:AGR_AGR_003(1.0),6703,16,2007,5133958,
STATSNZ:AGR_AGR_003(1.0),7685,17,2007,17146,
STATSNZ:AGR_AGR_003(1.0),7686,14,2007,8184,
STATSNZ:AGR_AGR_003(1.0),7687,11,2007,10043,
STATSNZ:AGR_AGR_003(1.0),7688,8,2007,23867,
STATSNZ:AGR_AGR_003(1.0),6954,15,2007,202008,
STATSNZ:AGR_AGR_003(1.0),6949,20,2007,39743,
STATSNZ:AGR_AGR_003(1.0),6951,9,2007,286,
STATSNZ:AGR_AGR_003(1.0),6953,6,2007,6847,
STATSNZ:AGR_AGR_003(1.0),6955,3,2007,103112,
STATSNZ:AGR_AGR_003(1.0),7810,10,2007,43063,
STATSNZ:AGR_AGR_003(1.0),7058,11,2008,1886,
STATSNZ:AGR_AGR_003(1.0),7065,15,2008,15750,
STATSNZ:AGR_AGR_003(1.0),7067,9,2008,12918,
STATSNZ:AGR_AGR_003(1.0),7068,6,2008,5448,
STATSNZ:AGR_AGR_003(1.0),7071,3,2008,25378,
STATSNZ:AGR_AGR_003(1.0),7073,19,2008,55567,
STATSNZ:AGR_AGR_003(1.0),7074,7,2008,29382,
STATSNZ:AGR_AGR_003(1.0),7184,1,2008,51316,
STATSNZ:AGR_AGR_003(1.0),7188,2,2008,8554,
STATSNZ:AGR_AGR_003(1.0),7696,17,2008,118798,
STATSNZ:AGR_AGR_003(1.0),6955,15,2008,444857,
STATSNZ:AGR_AGR_003(1.0),7067,17,2009,28621,
STATSNZ:AGR_AGR_003(1.0),7072,8,2009,42715,
STATSNZ:AGR_AGR_003(1.0),7073,5,2009,12106,
STATSNZ:AGR_AGR_003(1.0),7074,2,2009,19943,
STATSNZ:AGR_AGR_003(1.0),7193,20,2009,5860776,
STATSNZ:AGR_AGR_003(1.0),7184,9,2009,14045,
STATSNZ:AGR_AGR_003(1.0),7186,3,2009,7773,
STATSNZ:AGR_AGR_003(1.0),6720,1,2009,4830,
STATSNZ:AGR_AGR_003(1.0),6951,16,2009,188,
STATSNZ:AGR_AGR_003(1.0),7185,15,2010,8747,
STATSNZ:AGR_AGR_003(1.0),7188,6,2010,5935,
STATSNZ:AGR_AGR_003(1.0),7190,16,2010,172689,
STATSNZ:AGR_AGR_003(1.0),6731,13,2010,522176,
STATSNZ:AGR_AGR_003(1.0),6720,19,2010,159511,
STATSNZ:AGR_AGR_003(1.0),6721,7,2010,408760,
STATSNZ:AGR_AGR_003(1.0),6723,1,2010,25677,
STATSNZ:AGR_AGR_003(1.0),6738,5,2010,191657,
STATSNZ:AGR_AGR_003(1.0),6703,2,2010,168422,
STATSNZ:AGR_AGR_003(1.0),7058,18,2011,1235,
STATSNZ:AGR_AGR_003(1.0),7059,15,2011,38386,
STATSNZ:AGR_AGR_003(1.0),7064,12,2011,221,
STATSNZ:AGR_AGR_003(1.0),7067,16,2011,37234,
STATSNZ:AGR_AGR_003(1.0),7074,1,2011,79977,
STATSNZ:AGR_AGR_003(1.0),7187,20,2011,4816190,
STATSNZ:AGR_AGR_003(1.0),6951,15,2011,2636,
STATSNZ:AGR_AGR_003(1.0),7810,6,2011,2935,
STATSNZ:AGR_AGR_003(1.0),7185,18,2012,,c
STATSNZ:AGR_AGR_003(1.0),6731,16,2012,5342846,
STATSNZ:AGR_AGR_003(1.0),6720,13,2012,5477,
STATSNZ:AGR_AGR_003(1.0),6721,19,2012,10631759,
STATSNZ:AGR_AGR_003(1.0),6723,17,2012,367853,
STATSNZ:AGR_AGR_003(1.0),6724,14,2012,3617,
STATSNZ:AGR_AGR_003(1.0),6738,8,2012,446139,
STATSNZ:AGR_AGR_003(1.0),6703,5,2012,1283202,
STATSNZ:AGR_AGR_003(1.0),6701,2,2012,8183,
STATSNZ:AGR_AGR_003(1.0),6702,12,2012,7491,
STATSNZ:AGR_AGR_003(1.0),7687,10,2012,144851,
STATSNZ:AGR_AGR_003(1.0),7071,19,2013,10286,
STATSNZ:AGR_AGR_003(1.0),7072,7,2013,5396,
STATSNZ:AGR_AGR_003(1.0),7073,17,2013,8203,
STATSNZ:AGR_AGR_003(1.0),7074,14,2013,8974,
STATSNZ:AGR_AGR_003(1.0),7193,11,2013,76283,
STATSNZ:AGR_AGR_003(1.0),7184,8,2013,73538,
STATSNZ:AGR_AGR_003(1.0),7185,5,2013,,s
STATSNZ:AGR_AGR_003(1.0),7186,2,2013,1283,
STATSNZ:AGR_AGR_003(1.0),7187,20,2013,5004634,
STATSNZ:AGR_AGR_003(1.0),7188,9,2013,9975,
STATSNZ:AGR_AGR_003(1.0),7190,6,2013,27450,
STATSNZ:AGR_AGR_003(1.0),6720,10,2013,153742,
STATSNZ:AGR_AGR_003(1.0),6724,1,2013,68303,
STATSNZ:AGR_AGR_003(1.0),7056,18,2014,4342,
STATSNZ:AGR_AGR_003(1.0),7057,15,2014,22173,
STATSNZ:AGR_AGR_003(1.0),7064,6,2014,44576,
STATSNZ:AGR_AGR_003(1.0),7065,3,2014,39562,
STATSNZ:AGR_AGR_003(1.0),7066,13,2014,5302,
STATSNZ:AGR_AGR_003(1.0),7067,19,2014,130760,
STATSNZ:AGR_AGR_003(1.0),7068,7,2014,7258,
STATSNZ:AGR_AGR_003(1.0),7071,4,2014,1200,
STATSNZ:AGR_AGR_003(1.0),7072,1,2014,34466,
STATSNZ:AGR_AGR_003(1.0),7193,5,2014,15153,
STATSNZ:AGR_AGR_003(1.0),7184,2,2014,16810,
STATSNZ:AGR_AGR_003(1.0),7185,20,2014,79572,
STATSNZ:AGR_AGR_003(1.0),6949,12,2014,0,
STATSNZ:AGR_AGR_003(1.0),6955,16,2014,18388,
STATSNZ:AGR_AGR_003(1.0),7810,13,2014,452,
STATSNZ:AGR_AGR_003(1.0),7188,16,2015,23732,
STATSNZ:AGR_AGR_003(1.0),6720,7,2015,4950,
STATSNZ:AGR_AGR_003(1.0),6722,14,2015,,c
STATSNZ:AGR_AGR_003(1.0),6723,11,2015,18462,
STATSNZ:AGR_AGR_003(1.0),6724,8,2015,858686,
STATSNZ:AGR_AGR_003(1.0),6727,18,2015,,c
STATSNZ:AGR_AGR_003(1.0),6738,2,2015,39534,
STATSNZ:AGR_AGR_003(1.0),6703,20,2015,25832974,
STATSNZ:AGR_AGR_003(1.0),6702,6,2015,2321587,
STATSNZ:AGR_AGR_003(1.0),7699,3,2015,69525,
STATSNZ:AGR_AGR_003(1.0),7685,10,2015,33433,
STATSNZ:AGR_AGR_003(1.0),7187,17,2016,540761,
STATSNZ:AGR_AGR_003(1.0),7188,14,2016,6935,
STATSNZ:AGR_AGR_003(1.0),6720,18,2016,,c
STATSNZ:AGR_AGR_003(1.0),6721,15,2016,2683465,
STATSNZ:AGR_AGR_003(1.0),6722,12,2016,,c
STATSNZ:AGR_AGR_003(1.0),6723,9,2016,99433,
STATSNZ:AGR_AGR_003(1.0),6724,6,2016,543434,
STATSNZ:AGR_AGR_003(1.0),6727,16,2016,102775,
STATSNZ:AGR_AGR_003(1.0),6738,10,2016,1413278,
STATSNZ:AGR_AGR_003(1.0),6702,4,2016,228351,
STATSNZ:AGR_AGR_003(1.0),7699,1,2016,4824,
STATSNZ:AGR_AGR_003(1.0),7059,13,2017,3444,
STATSNZ:AGR_AGR_003(1.0),7064,19,2017,160498,
STATSNZ:AGR_AGR_003(1.0),7065,7,2017,8072,
STATSNZ:AGR_AGR_003(1.0),7066,17,2017,12897,
STATSNZ:AGR_AGR_003(1.0),7067,14,2017,3957,
STATSNZ:AGR_AGR_003(1.0),7068,11,2017,851,
STATSNZ:AGR_AGR_003(1.0),7071,8,2017,8701,
STATSNZ:AGR_AGR_003(1.0),7072,5,2017,16061,
STATSNZ:AGR_AGR_003(1.0),7073,2,2017,6255,
STATSNZ:AGR_AGR_003(1.0),7074,20,2017,827681,
STATSNZ:AGR_AGR_003(1.0),7193,9,2017,96804,
STATSNZ:AGR_AGR_003(1.0),7184,6,2017,15627,
STATSNZ:AGR_AGR_003(1.0),6949,16,2017,889,
STATSNZ:AGR_AGR_003(1.0),7810,4,2017,1366,
STATSNZ:AGR_AGR_003(1.0),7056,2,2018,15729,
STATSNZ:AGR_AGR_003(1.0),7057,20,2018,166453,
STATSNZ:AGR_AGR_003(1.0),7188,17,2018,,s
STATSNZ:AGR_AGR_003(1.0),6721,18,2018,,s
STATSNZ:AGR_AGR_003(1.0),6723,12,2018,111,
STATSNZ:AGR_AGR_003(1.0),6724,9,2018,231599,
STATSNZ:AGR_AGR_003(1.0),6738,16,2018,,s
STATSNZ:AGR_AGR_003(1.0),6703,13,2018,324624,
STATSNZ:AGR_AGR_003(1.0),6701,19,2018,558023,
STATSNZ:AGR_AGR_003(1.0),6702,7,2018,359350,
STATSNZ:AGR_AGR_003(1.0),7699,4,2018,37044,
STATSNZ:AGR_AGR_003(1.0),7685,1,2018,,s
STATSNZ:AGR_AGR_003(1.0),7687,8,2018,28331,
STATSNZ:AGR_AGR_003(1.0),6954,20,2018,287051,
STATSNZ:AGR_AGR_003(1.0),7187,11,2019,48615,
STATSNZ:AGR_AGR_003(1.0),7190,18,2019,0,
STATSNZ:AGR_AGR_003(1.0),6731,15,2019,4572719,
STATSNZ:AGR_AGR_003(1.0),6720,12,2019,72,
STATSNZ:AGR_AGR_003(1.0),6722,6,2019,,s
STATSNZ:AGR_AGR_003(1.0),6723,3,2019,152179,
STATSNZ:AGR_AGR_003(1.0),6727,19,2019,196210,
STATSNZ:AGR_AGR_003(1.0),6738,7,2019,32475,
STATSNZ:AGR_AGR_003(1.0),6703,4,2019,223498,
STATSNZ:AGR_AGR_003(1.0),6701,1,2019,14139,
STATSNZ:AGR_AGR_003(1.0),7686,2,2019,1756,
STATSNZ:AGR_AGR_003(1.0),7065,18,2020,,s
STATSNZ:AGR_AGR_003(1.0),7071,6,2020,12675,
STATSNZ:AGR_AGR_003(1.0),7072,16,2020,13042,
STATSNZ:AGR_AGR_003(1.0),7073,13,2020,,s
STATSNZ:AGR_AGR_003(1.0),7074,19,2020,357879,
STATSNZ:AGR_AGR_003(1.0),7184,17,2020,101361,
STATSNZ:AGR_AGR_003(1.0),7185,1,2020,2653,
STATSNZ:AGR_AGR_003(1.0),7187,8,2020,326255,
STATSNZ:AGR_AGR_003(1.0),7188,5,2020,,s
STATSNZ:AGR_AGR_003(1.0),7190,2,2020,76649,
STATSNZ:AGR_AGR_003(1.0),6731,20,2020,26028935,
STATSNZ:AGR_AGR_003(1.0),6723,10,2020,999584,
STATSNZ:AGR_AGR_003(1.0),7185,16,2021,4099,
STATSNZ:AGR_AGR_003(1.0),7186,13,2021,,s
STATSNZ:AGR_AGR_003(1.0),7187,19,2021,1924846,
STATSNZ:AGR_AGR_003(1.0),7190,17,2021,484160,
STATSNZ:AGR_AGR_003(1.0),6731,1,2021,239949,
STATSNZ:AGR_AGR_003(1.0),6720,11,2021,2647,
STATSNZ:AGR_AGR_003(1.0),6721,8,2021,3036830,
STATSNZ:AGR_AGR_003(1.0),6722,5,2021,,s
STATSNZ:AGR_AGR_003(1.0),6723,2,2021,,s
STATSNZ:AGR_AGR_003(1.0),6724,12,2021,94,
STATSNZ:AGR_AGR_003(1.0),6701,10,2021,737022,
STATSNZ:AGR_AGR_003(1.0),7193,17,2022,667820,
STATSNZ:AGR_AGR_003(1.0),7187,18,2022,0,
STATSNZ:AGR_AGR_003(1.0),7190,12,2022,,s
STATSNZ:AGR_AGR_003(1.0),6731,9,2022,1292940,
STATSNZ:AGR_AGR_003(1.0),6721,16,2022,3005725,
STATSNZ:AGR_AGR_003(1.0),6722,13,2022,8377,
STATSNZ:AGR_AGR_003(1.0),6724,7,2022,60792,
STATSNZ:AGR_AGR_003(1.0),6727,4,2022,460,
STATSNZ:AGR_AGR_003(1.0),6738,1,2022,34042,
STATSNZ:AGR_AGR_003(1.0),6701,8,2022,258111,
STATSNZ:AGR_AGR_003(1.0),7685,20,2022,130501,
STATSNZ:AGR_AGR_003(1.0),7065,12,2023,,s
STATSNZ:AGR_AGR_003(1.0),7068,16,2023,5379,
STATSNZ:AGR_AGR_003(1.0),7073,7,2023,5501,
STATSNZ:AGR_AGR_003(1.0),7074,4,2023,25181,
STATSNZ:AGR_AGR_003(1.0),7193,14,2023,162022,
STATSNZ:AGR_AGR_003(1.0),7184,11,2023,,s
STATSNZ:AGR_AGR_003(1.0),7185,8,2023,3620,
STATSNZ:AGR_AGR_003(1.0),7187,2,2023,77965,
STATSNZ:AGR_AGR_003(1.0),7188,20,2023,299345,
STATSNZ:AGR_AGR_003(1.0),6731,6,2023,2602911,
STATSNZ:AGR_AGR_003(1.0),6720,3,2023,13186,
STATSNZ:AGR_AGR_003(1.0),7068,15,2024,10819,
STATSNZ:AGR_AGR_003(1.0),7071,12,2024,4,
STATSNZ:AGR_AGR_003(1.0),7074,16,2024,114021,
STATSNZ:AGR_AGR_003(1.0),7193,13,2024,16351,
STATSNZ:AGR_AGR_003(1.0),7184,19,2024,373751,
STATSNZ:AGR_AGR_003(1.0),7185,7,2024,7459,
STATSNZ:AGR_AGR_003(1.0),7186,4,2024,1614,
STATSNZ:AGR_AGR_003(1.0),7188,11,2024,2786,
STATSNZ:AGR_AGR_003(1.0),7190,8,2024,271103,
STATSNZ:AGR_AGR_003(1.0),6720,2,2024,,s
STATSNZ:AGR_AGR_003(1.0),6721,20,2024,14558185,
STATSNZ:AGR_AGR_003(1.0),7059,13,2025,3716,
STATSNZ:AGR_AGR_003(1.0),7066,8,2025,67934,
STATSNZ:AGR_AGR_003(1.0),7699,1,2025,2584,
STATSNZ:AGR_AGR_003(1.0),7810,2,2025,2615,
STATSNZ:AGR_AGR_003(1.0),7688,6,2025,7260,
STATSNZ:AGR_AGR_003(1.0),7077,1,2025,319563,
STATSNZ:AGR_AGR_003(1.0),6722,12,2025,,s
STATSNZ:AGR_AGR_003(1.0),6723,7,2025,,s
STATSNZ:AGR_AGR_003(1.0),6949,4,2025,,s
STATSNZ:AGR_AGR_003(1.0),7071,11,2025,468,
STATSNZ:AGR_AGR_003(1.0),6953,13,2025,,s
STATSNZ:AGR_AGR_003(1.0),7067,16,2025,42417,
STATSNZ:AGR_AGR_003(1.0),6702,3,2025,1260351,
STATSNZ:AGR_AGR_003(1.0),6949,11,2025,,s
STATSNZ:AGR_AGR_003(1.0),6701,10,2025,648599,
STATSNZ:AGR_AGR_003(1.0),7072,8,2025,23136,
STATSNZ:AGR_AGR_003(1.0),7064,19,2025,176604,
STATSNZ:AGR_AGR_003(1.0),7068,8,2025,9223,
STATSNZ:AGR_AGR_003(1.0),7193,14,2025,140273,
STATSNZ:AGR_AGR_003(1.0),7072,19,2025,42937,
STATSNZ:AGR_AGR_003(1.0),6953,9,2025,5687,
STATSNZ:AGR_AGR_003(1.0),7058,10,2025,105527,
STATSNZ:AGR_AGR_003(1.0),7187,5,2025,3055,
STATSNZ:AGR_AGR_003(1.0),6951,12,2025,,s
STATSNZ:AGR_AGR_003(1.0),6738,2,2025,28338,
STATSNZ:AGR_AGR_003(1.0),6721,7,2025,291868,
STATSNZ:AGR_AGR_003(1.0),6951,18,2025,0,
STATSNZ:AGR_AGR_003(1.0),7072,11,2025,2926,
STATSNZ:AGR_AGR_003(1.0),7699,16,2025,98192,
STATSNZ:AGR_AGR_003(1.0),6951,19,2025,4115,
STATSNZ:AGR_AGR_003(1.0),7188,9,2025,5145,
STATSNZ:AGR_AGR_003(1.0),7056,10,2025,515328,
STATSNZ:AGR_AGR_003(1.0),7188,11,2025,3184,
STATSNZ:AGR_AGR_003(1.0),7059,9,2025,15596,
STATSNZ:AGR_AGR_003(1.0),6723,10,2025,879424,
STATSNZ:AGR_AGR_003(1.0),6722,8,2025,44416,
STATSNZ:AGR_AGR_003(1.0),6949,8,2025,1364,
STATSNZ:AGR_AGR_003(1.0),7190,13,2025,11856,
STATSNZ:AGR_AGR_003(1.0),7073,7,2025,,s
STATSNZ:AGR_AGR_003(1.0),7071,18,2025,93,
STATSNZ:AGR_AGR_003(1.0),7185,11,2025,,s
STATSNZ:AGR_AGR_003(1.0),6955,10,2025,154419,
STATSNZ:AGR_AGR_003(1.0),6720,4,2025,2689,
STATSNZ:AGR_AGR_003(1.0),7186,20,2025,61091,
STATSNZ:AGR_AGR_003(1.0),6955,9,2025,14502,
STATSNZ:AGR_AGR_003(1.0),7065,8,2025,45075,
STATSNZ:AGR_AGR_003(1.0),7072,15,2025,,s
STATSNZ:AGR_AGR_003(1.0),6703,19,2025,10370245,
STATSNZ:AGR_AGR_003(1.0),6951,1,2025,,s
STATSNZ:AGR_AGR_003(1.0),7810,3,2025,11190,
STATSNZ:AGR_AGR_003(1.0),7077,5,2025,227439,
STATSNZ:AGR_AGR_003(1.0),6731,6,2025,2457435,
STATSNZ:AGR_AGR_003(1.0),7190,17,2025,436889,
STATSNZ:AGR_AGR_003(1.0),7073,15,2025,21696,
STATSNZ:AGR_AGR_003(1.0),6720,10,2025,116899,
STATSNZ:AGR_AGR_003(1.0),7699,7,2025,2274,
STATSNZ:AGR_AGR_003(1.0),7067,13,2025,3016,
STATSNZ:AGR_AGR_003(1.0),7074,12,2025,,s
STATSNZ:AGR_AGR_003(1.0),6731,17,2025,3043981,
STATSNZ:AGR_AGR_003(1.0),7193,6,2025,64015,
STATSNZ:AGR_AGR_003(1.0),7074,6,2025,105611,
STATSNZ:AGR_AGR_003(1.0),7185,4,2025,5460,
STATSNZ:AGR_AGR_003(1.0),6701,4,2025,17584,
STATSNZ:AGR_AGR_003(1.0),7073,6,2025,38122,
STATSNZ:AGR_AGR_003(1.0),6724,1,2025,22039,
STATSNZ:AGR_AGR_003(1.0),7193,17,2025,637222,
STATSNZ:AGR_AGR_003(1.0),7066,4,2025,14030,
STATSNZ:AGR_AGR_003(1.0),7072,5,2025,14189,
STATSNZ:AGR_AGR_003(1.0),7185,20,2025,65656,
STATSNZ:AGR_AGR_003(1.0),6951,5,2025,,s
STATSNZ:AGR_AGR_003(1.0),6703,14,2025,,s
STATSNZ:AGR_AGR_003(1.0),6720,9,2025,,s
STATSNZ:AGR_AGR_003(1.0),7072,4,2025,12111,
STATSNZ:AGR_AGR_003(1.0),6955,3,2025,56461,
STATSNZ:AGR_AGR_003(1.0),7696,15,2025,82415,
STATSNZ:AGR_AGR_003(1.0),7074,8,2025,146006,
STATSNZ:AGR_AGR_003(1.0),6731,13,2025,374348,
STATSNZ:AGR_AGR_003(1.0),6954,2,2025,8840,
STATSNZ:AGR_AGR_003(1.0),7185,19,2025,,s
STATSNZ:AGR_AGR_003(1.0),7699,2,2025,7261,
STATSNZ:AGR_AGR_003(1.0),7186,12,2025,,s
STATSNZ:AGR_AGR_003(1.0),6701,15,2025,192003,
STATSNZ:AGR_AGR_003(1.0),6723,6,2025,163785,
STATSNZ:AGR_AGR_003(1.0),7688,10,2025,29357,
STATSNZ:AGR_AGR_003(1.0),7687,6,2025,16548,
STATSNZ:AGR_AGR_003(1.0),7687,14,2025,,s
STATSNZ:AGR_AGR_003(1.0),7810,9,2025,,s
STATSNZ:AGR_AGR_003(1.0),7059,18,2025,,s
STATSNZ:AGR_AGR_003(1.0),7065,3,2025,53190,
STATSNZ:AGR_AGR_003(1.0),6720,19,2025,102108,
STATSNZ:AGR_AGR_003(1.0),7686,7,2025,,s
STATSNZ:AGR_AGR_003(1.0),7185,6,2025,424,
STATSNZ:AGR_AGR_003(1.0),7059,4,2025,,s
STATSNZ:AGR_AGR_003(1.0),7699,9,2025,4944,
STATSNZ:AGR_AGR_003(1.0),6954,8,2025,14665,
STATSNZ:AGR_AGR_003(1.0),6731,12,2025,,s
STATSNZ:AGR_AGR_003(1.0),7686,9,2025,1065,
STATSNZ:AGR_AGR_003(1.0),7064,14,2025,4966,
STATSNZ:AGR_AGR_003(1.0),7074,19,2025,355459,
STATSNZ:AGR_AGR_003(1.0),6701,13,2025,9216,
STATSNZ:AGR_AGR_003(1.0),7184,17,2025,,s
STATSNZ:AGR_AGR_003(1.0),6955,4,2025,188,
STATSNZ:AGR_AGR_003(1.0),7065,1,2025,22095,
STATSNZ:AGR_AGR_003(1.0),7699,6,2025,49546,
STATSNZ:AGR_AGR_003(1.0),7190,2,2025,,s
STATSNZ:AGR_AGR_003(1.0),7068,7,2025,4584,
STATSNZ:AGR_AGR_003(1.0),7687,2,2025,2546,
STATSNZ:AGR_AGR_003(1.0),7193,19,2025,2485675,
STATSNZ:AGR_AGR_003(1.0),7687,15,2025,97704,
STATSNZ:AGR_AGR_003(1.0),7077,7,2025,118407,
STATSNZ:AGR_AGR_003(1.0),7190,14,2025,101365,
STATSNZ:AGR_AGR_003(1.0),6722,13,2025,6460,
STATSNZ:AGR_AGR_003(1.0),7071,13,2025,,s
STATSNZ:AGR_AGR_003(1.0),7056,5,2025,68361,
STATSNZ:AGR_AGR_003(1.0),7685,8,2025,10061,
STATSNZ:AGR_AGR_003(1.0),6953,7,2025,7884,
STATSNZ:AGR_AGR_003(1.0),7685,7,2025,90,
STATSNZ:AGR_AGR_003(1.0),7186,8,2025,,s
STATSNZ:AGR_AGR_003(1.0),7064,5,2025,29187,
STATSNZ:AGR_AGR_003(1.0),7187,9,2025,,s
STATSNZ:AGR_AGR_003(1.0),7687,4,2025,4344,
STATSNZ:AGR_AGR_003(1.0),7059,12,2025,,s
STATSNZ:AGR_AGR_003(1.0),7186,18,2025,0,
STATSNZ:AGR_AGR_003(1.0),7065,10,2025,188722,
STATSNZ:AGR_AGR_003(1.0),7059,7,2025,11933,
STATSNZ:AGR_AGR_003(1.0),7056,18,2025,2779,
STATSNZ:AGR_AGR_003(1.0),7074,11,2025,6988,
STATSNZ:AGR_AGR_003(1.0),6731,3,2025,1313281,
STATSNZ:AGR_AGR_003(1.0),7072,16,2025,10387,
STATSNZ:AGR_AGR_003(1.0),6721,10,2025,7131788,
STATSNZ:AGR_AGR_003(1.0),6724,17,2025,392024,
STATSNZ:AGR_AGR_003(1.0),7056,3,2025,69233,
STATSNZ:AGR_AGR_003(1.0),6738,10,2025,1380541,
STATSNZ:AGR_AGR_003(1.0),6724,14,2025,7483,
STATSNZ:AGR_AGR_003(1.0),6724,19,2025,1854182,
STATSNZ:AGR_AGR_003(1.0),7688,4,2025,2120,
STATSNZ:AGR_AGR_003(1.0),7184,2,2025,10118,
STATSNZ:AGR_AGR_003(1.0),6731,15,2025,4192693,
STATSNZ:AGR_AGR_003(1.0),6738,6,2025,419416,
STATSNZ:AGR_AGR_003(1.0),7073,2,2025,,s
STATSNZ:AGR_AGR_003(1.0),7685,15,2025,59594,
STATSNZ:AGR_AGR_003(1.0),7059,11,2025,4023,
STATSNZ:AGR_AGR_003(1.0),6724,16,2025,562071,
STATSNZ:AGR_AGR_003(1.0),7810,15,2025,,s
STATSNZ:AGR_AGR_003(1.0),7687,1,2025,787,
STATSNZ:AGR_AGR_003(1.0),7810,4,2025,520,
STATSNZ:AGR_AGR_003(1.0),7071,3,2025,21097,
STATSNZ:AGR_AGR_003(1.0),7687,19,2025,223186,
STATSNZ:AGR_AGR_003(1.0),7056,17,2025,51413,
STATSNZ:AGR_AGR_003(1.0),6738,8,2025,422654,
STATSNZ:AGR_AGR_003(1.0),7066,12,2025,,s
STATSNZ:AGR_AGR_003(1.0),7065,20,2025,241618,
STATSNZ:AGR_AGR_003(1.0),7077,10,2025,2623043,
STATSNZ:AGR_AGR_003(1.0),7688,11,2025,1715,
STATSNZ:AGR_AGR_003(1.0),7059,8,2025,48507,
STATSNZ:AGR_AGR_003(1.0),7072,1,2025,37248,
STATSNZ:AGR_AGR_003(1.0),6951,16,2025,,s
STATSNZ:AGR_AGR_003(1.0),7065,4,2025,4101,
STATSNZ:AGR_AGR_003(1.0),7074,4,2025,26496,
STATSNZ:AGR_AGR_003(1.0),7064,4,2025,,s
STATSNZ:AGR_AGR_003(1.0),7071,12,2025,,s
STATSNZ:AGR_AGR_003(1.0),7057,14,2025,1269,
STATSNZ:AGR_AGR_003(1.0),6723,3,2025,95728,
STATSNZ:AGR_AGR_003(1.0),6727,10,2025,24717,
STATSNZ:AGR_AGR_003(1.0),7057,3,2025,21832,
STATSNZ:AGR_AGR_003(1.0),7071,4,2025,1122,
STATSNZ:AGR_AGR_003(1.0),7190,8,2025,271944,
STATSNZ:AGR_AGR_003(1.0),6738,20,2025,2779318,
STATSNZ:AGR_AGR_003(1.0),6954,19,2025,163480,
STATSNZ:AGR_AGR_003(1.0),7187,1,2025,213510,
STATSNZ:AGR_AGR_003(1.0),7058,16,2025,11263,
STATSNZ:AGR_AGR_003(1.0),7068,5,2025,2646,
STATSNZ:AGR_AGR_003(1.0),6731,4,2025,218552,
STATSNZ:AGR_AGR_003(1.0),7077,15,2025,565908,
STATSNZ:AGR_AGR_003(1.0),6724,6,2025,420427,
STATSNZ:AGR_AGR_003(1.0),6949,9,2025,551,
STATSNZ:AGR_AGR_003(1.0),7074,1,2025,59440,
STATSNZ:AGR_AGR_003(1.0),6738,17,2025,112811,
STATSNZ:AGR_AGR_003(1.0),7065,13,2025,,s
STATSNZ:AGR_AGR_003(1.0),7699,20,2025,712165,
STATSNZ:AGR_AGR_003(1.0),7064,16,2025,43937,
STATSNZ:AGR_AGR_003(1.0),6951,7,2025,,s
STATSNZ:AGR_AGR_003(1.0),7068,11,2025,607,
STATSNZ:AGR_AGR_003(1.0),6727,17,2025,11221,
STATSNZ:AGR_AGR_003(1.0),6727,20,2025,212954,
STATSNZ:AGR_AGR_003(1.0),6954,15,2025,156093,
STATSNZ:AGR_AGR_003(1.0),6731,19,2025,11764804,
STATSNZ:AGR_AGR_003(1.0),6722,3,2025,18250,
STATSNZ:AGR_AGR_003(1.0),7066,5,2025,16054,
STATSNZ:AGR_AGR_003(1.0),7077,2,2025,118281,
STATSNZ:AGR_AGR_003(1.0),7057,9,2025,5495,
STATSNZ:AGR_AGR_003(1.0),6701,9,2025,57276,
STATSNZ:AGR_AGR_003(1.0),7056,14,2025,7107,
STATSNZ:AGR_AGR_003(1.0),7071,8,2025,8974,
STATSNZ:AGR_AGR_003(1.0),7688,15,2025,40084,
STATSNZ:AGR_AGR_003(1.0),7064,1,2025,41171,
STATSNZ:AGR_AGR_003(1.0),7067,15,2025,70407,
STATSNZ:AGR_AGR_003(1.0),7685,20,2025,150763,
STATSNZ:AGR_AGR_003(1.0),7699,14,2025,,s
STATSNZ:AGR_AGR_003(1.0),7185,3,2025,16946,
STATSNZ:AGR_AGR_003(1.0),6954,4,2025,112,
STATSNZ:AGR_AGR_003(1.0),7810,13,2025,121,
STATSNZ:AGR_AGR_003(1.0),7193,16,2025,284427,
STATSNZ:AGR_AGR_003(1.0),6727,16,2025,68204,
STATSNZ:AGR_AGR_003(1.0),7066,3,2025,90117,
STATSNZ:AGR_AGR_003(1.0),7685,11,2025,2563,
STATSNZ:AGR_AGR_003(1.0),7190,15,2025,875389,
STATSNZ:AGR_AGR_003(1.0),6722,18,2025,,s
STATSNZ:AGR_AGR_003(1.0),6720,15,2025,32564,
STATSNZ:AGR_AGR_003(1.0),7068,12,2025,,s
STATSNZ:AGR_AGR_003(1.0),7058,5,2025,11835,
STATSNZ:AGR_AGR_003(1.0),7058,14,2025,842,
STATSNZ:AGR_AGR_003(1.0),7068,14,2025,519,
STATSNZ:AGR_AGR_003(1.0),6954,10,2025,69213,
STATSNZ:AGR_AGR_003(1.0),7059,15,2025,55181,
STATSNZ:AGR_AGR_003(1.0),6955,7,2025,,s
STATSNZ:AGR_AGR_003(1.0),7687,18,2025,0,
STATSNZ:AGR_AGR_003(1.0),6949,15,2025,12559,
STATSNZ:AGR_AGR_003(1.0),6722,17,2025,,s
STATSNZ:AGR_AGR_003(1.0),7190,19,2025,1658196,
STATSNZ:AGR_AGR_003(1.0),6731,16,2025,3850361,
STATSNZ:AGR_AGR_003(1.0),6738,12,2025,,s
STATSNZ:AGR_AGR_003(1.0),6702,13,2025,242460,
STATSNZ:AGR_AGR_003(1.0),7057,20,2025,185558,
STATSNZ:AGR_AGR_003(1.0),7073,5,2025,7022,
STATSNZ:AGR_AGR_003(1.0),7068,18,2025,110,
STATSNZ:AGR_AGR_003(1.0),7077,20,2025,3832668,
STATSNZ:AGR_AGR_003(1.0),7810,7,2025,593,
STATSNZ:AGR_AGR_003(1.0),7188,6,2025,1599,
STATSNZ:AGR_AGR_003(1.0),6721,16,2025,2595611,
STATSNZ:AGR_AGR_003(1.0),7056,7,2025,23177,
STATSNZ:AGR_AGR_003(1.0),6738,14,2025,6574,
STATSNZ:AGR_AGR_003(1.0),6701,6,2025,109799,
STATSNZ:AGR_AGR_003(1.0),6955,6,2025,10449,
STATSNZ:AGR_AGR_003(1.0),6723,8,2025,324232,
STATSNZ:AGR_AGR_003(1.0),6949,19,2025,13713,
STATSNZ:AGR_AGR_003(1.0),7686,12,2025,,s
STATSNZ:AGR_AGR_003(1.0),7193,9,2025,,s
STATSNZ:AGR_AGR_003(1.0),7188,15,2025,60318,
STATSNZ:AGR_AGR_003(1.0),7186,17,2025,,s
STATSNZ:AGR_AGR_003(1.0),7686,15,2025,50336,
STATSNZ:AGR_AGR_003(1.0),6721,1,2025,109752,
STATSNZ:AGR_AGR_003(1.0),7068,9,2025,,s
STATSNZ:AGR_AGR_003(1.0),6703,20,2025,20946652,
STATSNZ:AGR_AGR_003(1.0),6954,5,2025,,s
STATSNZ:AGR_AGR_003(1.0),7187,10,2025,2577422,
STATSNZ:AGR_AGR_003(1.0),7074,5,2025,65459,
STATSNZ:AGR_AGR_003(1.0),7184,20,2025,826335,
STATSNZ:AGR_AGR_003(1.0),6721,12,2025,,s
STATSNZ:AGR_AGR_003(1.0),7810,12,2025,,s
STATSNZ:AGR_AGR_003(1.0),7686,4,2025,4044,
STATSNZ:AGR_AGR_003(1.0),7810,5,2025,334,
STATSNZ:AGR_AGR_003(1.0),6954,17,2025,,s
STATSNZ:AGR_AGR_003(1.0),7071,15,2025,8425,
STATSNZ:AGR_AGR_003(1.0),6738,1,2025,,s
STATSNZ:AGR_AGR_003(1.0),7066,7,2025,15162,
STATSNZ:AGR_AGR_003(1.0),7190,20,2025,3909155,
STATSNZ:AGR_AGR_003(1.0),6731,7,2025,427646,
STATSNZ:AGR_AGR_003(1.0),7059,3,2025,51264,
STATSNZ:AGR_AGR_003(1.0),7188,1,2025,17195,
STATSNZ:AGR_AGR_003(1.0),6722,6,2025,32866,
STATSNZ:AGR_AGR_003(1.0),7186,6,2025,,s
STATSNZ:AGR_AGR_003(1.0),6721,13,2025,191900,
STATSNZ:AGR_AGR_003(1.0),7067,7,2025,12717,
STATSNZ:AGR_AGR_003(1.0),6722,19,2025,222063,
STATSNZ:AGR_AGR_003(1.0),6724,7,2025,,s
STATSNZ:AGR_AGR_003(1.0),7688,7,2025,,s
STATSNZ:AGR_AGR_003(1.0),7193,13,2025,15280,
STATSNZ:AGR_AGR_003(1.0),6727,18,2025,,s
STATSNZ:AGR_AGR_003(1.0),6720,17,2025,28303,
STATSNZ:AGR_AGR_003(1.0),6721,8,2025,2756503,
STATSNZ:AGR_AGR_003(1.0),7184,15,2025,184315,
STATSNZ:AGR_AGR_003(1.0),7696,20,2025,247908,
STATSNZ:AGR_AGR_003(1.0),6721,2,2025,,s
STATSNZ:AGR_AGR_003(1.0),7193,10,2025,3264195,
STATSNZ:AGR_AGR_003(1.0),7188,13,2025,404,
STATSNZ:AGR_AGR_003(1.0),6727,13,2025,,s
STATSNZ:AGR_AGR_003(1.0),7685,6,2025,17254,
STATSNZ:AGR_AGR_003(1.0),6954,6,2025,3918,
STATSNZ:AGR_AGR_003(1.0),7810,8,2025,2067,
STATSNZ:AGR_AGR_003(1.0),6731,5,2025,1175255,
STATSNZ:AGR_AGR_003(1.0),7184,3,2025,200548,
STATSNZ:AGR_AGR_003(1.0),7065,6,2025,,s
STATSNZ:AGR_AGR_003(1.0),6720,16,2025,34573,
STATSNZ:AGR_AGR_003(1.0),6724,9,2025,177521,
STATSNZ:AGR_AGR_003(1.0),6702,7,2025,379845,
STATSNZ:AGR_AGR_003(1.0),6953,5,2025,,s
STATSNZ:AGR_AGR_003(1.0),7073,20,2025,265337,
STATSNZ:AGR_AGR_003(1.0),7073,9,2025,8691,
STATSNZ:AGR_AGR_003(1.0),7073,11,2025,3749,
STATSNZ:AGR_AGR_003(1.0),7188,4,2025,16696,
STATSNZ:AGR_AGR_003(1.0),6702,10,2025,9927808,
STATSNZ:AGR_AGR_003(1.0),7066,1,2025,34394,
STATSNZ:AGR_AGR_003(1.0),7184,19,2025,367132,
STATSNZ:AGR_AGR_003(1.0),7688,1,2025,698,
STATSNZ:AGR_AGR_003(1.0),7186,4,2025,,s
STATSNZ:AGR_AGR_003(1.0),6723,18,2025,,s
STATSNZ:AGR_AGR_003(1.0),7186,11,2025,,s
STATSNZ:AGR_AGR_003(1.0),7685,2,2025,2331,
STATSNZ:AGR_AGR_003(1.0),7687,11,2025,4840,
STATSNZ:AGR_AGR_003(1.0),6727,12,2025,,s
STATSNZ:AGR_AGR_003(1.0),7071,5,2025,,s
STATSNZ:AGR_AGR_003(1.0),6703,15,2025,2913745,
STATSNZ:AGR_AGR_003(1.0),7687,20,2025,299027,
STATSNZ:AGR_AGR_003(1.0),7065,2,2025,11142,
STATSNZ:AGR_AGR_003(1.0),7188,12,2025,,s
STATSNZ:AGR_AGR_003(1.0),7188,8,2025,16681,
STATSNZ:AGR_AGR_003(1.0),6722,15,2025,,s
STATSNZ:AGR_AGR_003(1.0),6731,1,2025,174216,
STATSNZ:AGR_AGR_003(1.0),6724,13,2025,58491,
STATSNZ:AGR_AGR_003(1.0),7074,16,2025,99391,
STATSNZ:AGR_AGR_003(1.0),6953,12,2025,,s
STATSNZ:AGR_AGR_003(1.0),7699,12,2025,,s
STATSNZ:AGR_AGR_003(1.0),6953,1,2025,,s
STATSNZ:AGR_AGR_003(1.0),7064,9,2025,21448,
STATSNZ:AGR_AGR_003(1.0),6738,13,2025,67488,
STATSNZ:AGR_AGR_003(1.0),6723,20,2025,1588436,
STATSNZ:AGR_AGR_003(1.0),7056,20,2025,833926,
STATSNZ:AGR_AGR_003(1.0),7059,1,2025,35910,
STATSNZ:AGR_AGR_003(1.0),7688,12,2025,,s
STATSNZ:AGR_AGR_003(1.0),6953,18,2025,0,
STATSNZ:AGR_AGR_003(1.0),6727,8,2025,8662,
STATSNZ:AGR_AGR_003(1.0),7077,18,2025,6650,
STATSNZ:AGR_AGR_003(1.0),7187,14,2025,112197,
STATSNZ:AGR_AGR_003(1.0),7072,14,2025,1919,
STATSNZ:AGR_AGR_003(1.0),7068,3,2025,16643,
STATSNZ:AGR_AGR_003(1.0),6721,6,2025,1395570,
STATSNZ:AGR_AGR_003(1.0),7696,9,2025,1645,
STATSNZ:AGR_AGR_003(1.0),7058,9,2025,4798,
STATSNZ:AGR_AGR_003(1.0),6954,1,2025,,s
STATSNZ:AGR_AGR_003(1.0),6703,13,2025,251675,
STATSNZ:AGR_AGR_003(1.0),7193,7,2025,481242,
STATSNZ:AGR_AGR_003(1.0),7193,12,2025,,s
STATSNZ:AGR_AGR_003(1.0),6723,2,2025,,s
STATSNZ:AGR_AGR_003(1.0),7190,1,2025,174999,
STATSNZ:AGR_AGR_003(1.0),6955,8,2025,41787,
STATSNZ:AGR_AGR_003(1.0),7184,1,2025,35314,
STATSNZ:AGR_AGR_003(1.0),7685,19,2025,103115,
STATSNZ:AGR_AGR_003(1.0),6954,12,2025,,s
STATSNZ:AGR_AGR_003(1.0),6703,9,2025,1034453,
STATSNZ:AGR_AGR_003(1.0),7687,9,2025,2128,
STATSNZ:AGR_AGR_003(1.0),6721,15,2025,2124428,
STATSNZ:AGR_AGR_003(1.0),7058,6,2025,19202,
STATSNZ:AGR_AGR_003(1.0),7067,5,2025,23343,
STATSNZ:AGR_AGR_003(1.0),7071,9,2025,,s
STATSNZ:AGR_AGR_003(1.0),6727,7,2025,,s
STATSNZ:AGR_AGR_003(1.0),7193,18,2025,0,
STATSNZ:AGR_AGR_003(1.0),6723,17,2025,224143,
STATSNZ:AGR_AGR_003(1.0),6701,11,2025,10329,
STATSNZ:AGR_AGR_003(1.0),6955,2,2025,27091,
STATSNZ:AGR_AGR_003(1.0),7057,7,2025,5361,
STATSNZ:AGR_AGR_003(1.0),7067,18,2025,,s
STATSNZ:AGR_AGR_003(1.0),7193,20,2025,5749870,
STATSNZ:AGR_AGR_003(1.0),6720,3,2025,14100,
STATSNZ:AGR_AGR_003(1.0),7064,6,2025,55547,
STATSNZ:AGR_AGR_003(1.0),7688,16,2025,17281,
STATSNZ:AGR_AGR_003(1.0),6955,1,2025,,s
STATSNZ:AGR_AGR_003(1.0),6720,5,2025,10677,
STATSNZ:AGR_AGR_003(1.0),6721,4,2025,152672,
STATSNZ:AGR_AGR_003(1.0),6723,19,2025,709012,
STATSNZ:AGR_AGR_003(1.0),7066,6,2025,36759,
STATSNZ:AGR_AGR_003(1.0),7056,13,2025,19406,
STATSNZ:AGR_AGR_003(1.0),6951,14,2025,0,
STATSNZ:AGR_AGR_003(1.0),7056,12,2025,,s
STATSNZ:AGR_AGR_003(1.0),7688,5,2025,2648,
STATSNZ:AGR_AGR_003(1.0),7073,4,2025,,s
STATSNZ:AGR_AGR_003(1.0),6703,16,2025,3570573,
STATSNZ:AGR_AGR_003(1.0),7059,6,2025,41893,
STATSNZ:AGR_AGR_003(1.0),7185,5,2025,97,
STATSNZ:AGR_AGR_003(1.0),7688,18,2025,0,
STATSNZ:AGR_AGR_003(1.0),6720,12,2025,,s
STATSNZ:AGR_AGR_003(1.0),7184,4,2025,50127,
STATSNZ:AGR_AGR_003(1.0),6701,18,2025,2904,
STATSNZ:AGR_AGR_003(1.0),7186,15,2025,,s
STATSNZ:AGR_AGR_003(1.0),7696,13,2025,531,
STATSNZ:AGR_AGR_003(1.0),6701,3,2025,80202,
STATSNZ:AGR_AGR_003(1.0),7193,11,2025,67778,
STATSNZ:AGR_AGR_003(1.0),6955,11,2025,,s
STATSNZ:AGR_AGR_003(1.0),7185,17,2025,,s
STATSNZ:AGR_AGR_003(1.0),7686,10,2025,,s
STATSNZ:AGR_AGR_003(1.0),6702,16,2025,3444113,
STATSNZ:AGR_AGR_003(1.0),6703,11,2025,182256,
STATSNZ:AGR_AGR_003(1.0),6949,5,2025,,s
STATSNZ:AGR_AGR_003(1.0),7184,12,2025,,s
STATSNZ:AGR_AGR_003(1.0),6955,15,2025,361513,
STATSNZ:AGR_AGR_003(1.0),6727,9,2025,3995,
STATSNZ:AGR_AGR_003(1.0),7065,14,2025,,s
STATSNZ:AGR_AGR_003(1.0),7186,2,2025,,s
STATSNZ:AGR_AGR_003(1.0),6953,15,2025,139654,
STATSNZ:AGR_AGR_003(1.0),7184,6,2025,16510,
STATSNZ:AGR_AGR_003(1.0),7073,14,2025,2491,
STATSNZ:AGR_AGR_003(1.0),6954,20,2025,232694,
STATSNZ:AGR_AGR_003(1.0),6722,2,2025,,s
STATSNZ:AGR_AGR_003(1.0),7688,8,2025,7269,
STATSNZ:AGR_AGR_003(1.0),6953,20,2025,207638,
STATSNZ:AGR_AGR_003(1.0),7688,17,2025,26204,
STATSNZ:AGR_AGR_003(1.0),7184,14,2025,20924,
STATSNZ:AGR_AGR_003(1.0),7810,11,2025,205,
STATSNZ:AGR_AGR_003(1.0),7193,3,2025,1553781,
STATSNZ:AGR_AGR_003(1.0),7059,10,2025,252247,
STATSNZ:AGR_AGR_003(1.0),7066,13,2025,2873,
STATSNZ:AGR_AGR_003(1.0),7185,1,2025,2534,
STATSNZ:AGR_AGR_003(1.0),7065,16,2025,14464,
STATSNZ:AGR_AGR_003(1.0),6701,16,2025,126460,
STATSNZ:AGR_AGR_003(1.0),7057,10,2025,115724,
STATSNZ:AGR_AGR_003(1.0),7188,10,2025,148010,
STATSNZ:AGR_AGR_003(1.0),7058,3,2025,19657,
STATSNZ:AGR_AGR_003(1.0),7810,18,2025,3,
STATSNZ:AGR_AGR_003(1.0),6701,5,2025,89682,
STATSNZ:AGR_AGR_003(1.0),6703,4,2025,229219,
STATSNZ:AGR_AGR_003(1.0),6723,1,2025,15464,
STATSNZ:AGR_AGR_003(1.0),7066,16,2025,28037,
STATSNZ:AGR_AGR_003(1.0),7184,8,2025,69494,
STATSNZ:AGR_AGR_003(1.0),6721,11,2025,122100,
STATSNZ:AGR_AGR_003(1.0),7073,19,2025,61074,
STATSNZ:AGR_AGR_003(1.0),7810,1,2025,1035,
STATSNZ:AGR_AGR_003(1.0),7696,10,2025,61643,
STATSNZ:AGR_AGR_003(1.0),7186,19,2025,17293,
STATSNZ:AGR_AGR_003(1.0),6953,10,2025,61985,
STATSNZ:AGR_AGR_003(1.0),6727,3,2025,,s
STATSNZ:AGR_AGR_003(1.0),7185,2,2025,,s
STATSNZ:AGR_AGR_003(1.0),7056,2,2025,15326,
STATSNZ:AGR_AGR_003(1.0),7077,4,2025,105879,
STATSNZ:AGR_AGR_003(1.0),7185,9,2025,,s
STATSNZ:AGR_AGR_003(1.0),7058,17,2025,4551,
STATSNZ:AGR_AGR_003(1.0),7064,18,2025,1518,
STATSNZ:AGR_AGR_003(1.0),6951,3,2025,460,
STATSNZ:AGR_AGR_003(1.0),6702,20,2025,19773666,
STATSNZ:AGR_AGR_003(1.0),7685,10,2025,,s
STATSNZ:AGR_AGR_003(1.0),7065,17,2025,6663,
STATSNZ:AGR_AGR_003(1.0),7686,13,2025,294,
STATSNZ:AGR_AGR_003(1.0),7187,16,2025,222771,
STATSNZ:AGR_AGR_003(1.0),6724,20,2025,3654390,
STATSNZ:AGR_AGR_003(1.0),6720,18,2025,540,
STATSNZ:AGR_AGR_003(1.0),7074,17,2025,60858,
STATSNZ:AGR_AGR_003(1.0),6727,4,2025,652,
STATSNZ:AGR_AGR_003(1.0),7188,3,2025,60925,
STATSNZ:AGR_AGR_003(1.0),7685,12,2025,,s
STATSNZ:AGR_AGR_003(1.0),7685,4,2025,3685,
STATSNZ:AGR_AGR_003(1.0),6731,2,2025,,s
STATSNZ:AGR_AGR_003(1.0),7059,5,2025,21809,
STATSNZ:AGR_AGR_003(1.0),7072,20,2025,236956,
STATSNZ:AGR_AGR_003(1.0),7187,2,2025,,s
STATSNZ:AGR_AGR_003(1.0),7188,2,2025,,s
STATSNZ:AGR_AGR_003(1.0),7077,12,2025,,s
STATSNZ:AGR_AGR_003(1.0),6955,5,2025,,s
STATSNZ:AGR_AGR_003(1.0),7686,2,2025,1233,
STATSNZ:AGR_AGR_003(1.0),7073,10,2025,204263,
STATSNZ:AGR_AGR_003(1.0),6722,10,2025,154082,
STATSNZ:AGR_AGR_003(1.0),7077,8,2025,577155,
STATSNZ:AGR_AGR_003(1.0),6954,13,2025,,s
STATSNZ:AGR_AGR_003(1.0),6722,11,2025,,s
STATSNZ:AGR_AGR_003(1.0),7056,6,2025,103816,
STATSNZ:AGR_AGR_003(1.0),7190,9,2025,,s
STATSNZ:AGR_AGR_003(1.0),6949,3,2025,2384,
STATSNZ:AGR_AGR_003(1.0),6955,17,2025,274,
STATSNZ:AGR_AGR_003(1.0),7696,6,2025,12774,
STATSNZ:AGR_AGR_003(1.0),7696,7,2025,,s
STATSNZ:AGR_AGR_003(1.0),7696,5,2025,4542,
STATSNZ:AGR_AGR_003(1.0),7068,19,2025,25685,
STATSNZ:AGR_AGR_003(1.0),6701,1,2025,12946,
STATSNZ:AGR_AGR_003(1.0),7685,14,2025,,s
STATSNZ:AGR_AGR_003(1.0),7186,1,2025,6066,
STATSNZ:AGR_AGR_003(1.0),7074,13,2025,19901,
STATSNZ:AGR_AGR_003(1.0),7686,3,2025,8866,
STATSNZ:AGR_AGR_003(1.0),7685,17,2025,19389,
STATSNZ:AGR_AGR_003(1.0),6702,5,2025,1038954,
STATSNZ:AGR_AGR_003(1.0),7068,4,2025,2722,
STATSNZ:AGR_AGR_003(1.0),6953,17,2025,,s
STATSNZ:AGR_AGR_003(1.0),7810,6,2025,,s
STATSNZ:AGR_AGR_003(1.0),7188,17,2025,19752,
STATSNZ:AGR_AGR_003(1.0),7067,20,2025,422334,
STATSNZ:AGR_AGR_003(1.0),7699,11,2025,11621,
STATSNZ:AGR_AGR_003(1.0),7187,13,2025,13461,
STATSNZ:AGR_AGR_003(1.0),7188,16,2025,14164,
STATSNZ:AGR_AGR_003(1.0),7066,2,2025,16244,
STATSNZ:AGR_AGR_003(1.0),7071,10,2025,,s
STATSNZ:AGR_AGR_003(1.0),7186,14,2025,,s
STATSNZ:AGR_AGR_003(1.0),7059,17,2025,12564,
STATSNZ:AGR_AGR_003(1.0),6703,5,2025,1128636,
STATSNZ:AGR_AGR_003(1.0),7057,13,2025,3520,
STATSNZ:AGR_AGR_003(1.0),6951,9,2025,85,
STATSNZ:AGR_AGR_003(1.0),7077,16,2025,315933,
STATSNZ:AGR_AGR_003(1.0),6953,14,2025,,s
STATSNZ:AGR_AGR_003(1.0),7068,10,2025,49035,
STATSNZ:AGR_AGR_003(1.0),7190,16,2025,187957,
STATSNZ:AGR_AGR_003(1.0),6953,2,2025,7868,
STATSNZ:AGR_AGR_003(1.0),7190,12,2025,,s
STATSNZ:AGR_AGR_003(1.0),7686,18,2025,0,
STATSNZ:AGR_AGR_003(1.0),6724,15,2025,794447,
STATSNZ:AGR_AGR_003(1.0),7685,13,2025,483,
STATSNZ:AGR_AGR_003(1.0),6738,3,2025,98602,
STATSNZ:AGR_AGR_003(1.0),7073,17,2025,,s
STATSNZ:AGR_AGR_003(1.0),6955,12,2025,,s
STATSNZ:AGR_AGR_003(1.0),7057,2,2025,6743,
STATSNZ:AGR_AGR_003(1.0),7686,1,2025,450,
STATSNZ:AGR_AGR_003(1.0),6949,1,2025,,s
STATSNZ:AGR_AGR_003(1.0),7687,10,2025,75842,
STATSNZ:AGR_AGR_003(1.0),7064,2,2025,16628,
STATSNZ:AGR_AGR_003(1.0),7687,5,2025,5625,
STATSNZ:AGR_AGR_003(1.0),7057,6,2025,15420,
STATSNZ:AGR_AGR_003(1.0),6702,8,2025,3782523,
STATSNZ:AGR_AGR_003(1.0),6953,8,2025,12987,
STATSNZ:AGR_AGR_003(1.0),7686,11,2025,2503,
STATSNZ:AGR_AGR_003(1.0),6953,4,2025,81,
STATSNZ:AGR_AGR_003(1.0),7057,8,2025,40861,
STATSNZ:AGR_AGR_003(1.0),7066,9,2025,15007,
STATSNZ:AGR_AGR_003(1.0),6722,9,2025,,s
STATSNZ:AGR_AGR_003(1.0),7687,16,2025,45601,
STATSNZ:AGR_AGR_003(1.0),6721,3,2025,914470,
STATSNZ:AGR_AGR_003(1.0),6721,5,2025,676022,
STATSNZ:AGR_AGR_003(1.0),6702,12,2025,,s
STATSNZ:AGR_AGR_003(1.0),6731,18,2025,48225,
STATSNZ:AGR_AGR_003(1.0),7685,5,2025,2787,
STATSNZ:AGR_AGR_003(1.0),7687,13,2025,386,
STATSNZ:AGR_AGR_003(1.0),6954,16,2025,6979,
STATSNZ:AGR_AGR_003(1.0),7193,2,2025,,s
STATSNZ:AGR_AGR_003(1.0),6722,7,2025,,s
STATSNZ:AGR_AGR_003(1.0),6731,14,2025,52542,
STATSNZ:AGR_AGR_003(1.0),7072,10,2025,194019,
STATSNZ:AGR_AGR_003(1.0),7058,11,2025,1630,
STATSNZ:AGR_AGR_003(1.0),7056,16,2025,96669,
STATSNZ:AGR_AGR_003(1.0),7187,7,2025,382755,
STATSNZ:AGR_AGR_003(1.0),7699,8,2025,,s
STATSNZ:AGR_AGR_003(1.0),7696,1,2025,534,
STATSNZ:AGR_AGR_003(1.0),6724,8,2025,708160,
STATSNZ:AGR_AGR_003(1.0),6720,1,2025,,s
STATSNZ:AGR_AGR_003(1.0),7071,14,2025,222,
STATSNZ:AGR_AGR_003(1.0),7064,3,2025,69630,
STATSNZ:AGR_AGR_003(1.0),7077,19,2025,1209625,
STATSNZ:AGR_AGR_003(1.0),7188,19,2025,102680,
STATSNZ:AGR_AGR_003(1.0),7696,4,2025,5944,
STATSNZ:AGR_AGR_003(1.0),7185,16,2025,,s
STATSNZ:AGR_AGR_003(1.0),7187,18,2025,0,
STATSNZ:AGR_AGR_003(1.0),7059,19,2025,102556,
STATSNZ:AGR_AGR_003(1.0),7057,16,2025,15050,
STATSNZ:AGR_AGR_003(1.0),7065,12,2025,,s
STATSNZ:AGR_AGR_003(1.0),7056,11,2025,6021,
STATSNZ:AGR_AGR_003(1.0),7187,3,2025,1254376,
STATSNZ:AGR_AGR_003(1.0),6723,14,2025,,s
STATSNZ:AGR_AGR_003(1.0),6722,20,2025,376146,
STATSNZ:AGR_AGR_003(1.0),6954,14,2025,,s
STATSNZ:AGR_AGR_003(1.0),6738,16,2025,323397,
STATSNZ:AGR_AGR_003(1.0),6702,18,2025,,s
STATSNZ:AGR_AGR_003(1.0),6720,7,2025,5147,
STATSNZ:AGR_AGR_003(1.0),7810,19,2025,,s
STATSNZ:AGR_AGR_003(1.0),7190,3,2025,1107838,
STATSNZ:AGR_AGR_003(1.0),7073,12,2025,,s
STATSNZ:AGR_AGR_003(1.0),6738,15,2025,860151,
STATSNZ:AGR_AGR_003(1.0),6727,6,2025,3533,
STATSNZ:AGR_AGR_003(1.0),7686,20,2025,144057,
STATSNZ:AGR_AGR_003(1.0),7687,12,2025,,s
STATSNZ:AGR_AGR_003(1.0),7068,2,2025,881,
STATSNZ:AGR_AGR_003(1.0),7696,11,2025,3878,
STATSNZ:AGR_AGR_003(1.0),6949,14,2025,8,
STATSNZ:AGR_AGR_003(1.0),6954,11,2025,,s
STATSNZ:AGR_AGR_003(1.0),7077,14,2025,29261,
STATSNZ:AGR_AGR_003(1.0),7067,3,2025,64003,
STATSNZ:AGR_AGR_003(1.0),7068,6,2025,5470,
STATSNZ:AGR_AGR_003(1.0),6955,19,2025,385921,
STATSNZ:AGR_AGR_003(1.0),6701,20,2025,1172986,
STATSNZ:AGR_AGR_003(1.0),7056,8,2025,132324,
STATSNZ:AGR_AGR_003(1.0),6724,4,2025,21698,
STATSNZ:AGR_AGR_003(1.0),6955,13,2025,,s
STATSNZ:AGR_AGR_003(1.0),7077,6,2025,453815,
STATSNZ:AGR_AGR_003(1.0),6954,7,2025,8232,
STATSNZ:AGR_AGR_003(1.0),7058,4,2025,,s
STATSNZ:AGR_AGR_003(1.0),6703,7,2025,411091,
STATSNZ:AGR_AGR_003(1.0),7065,15,2025,25429,
STATSNZ:AGR_AGR_003(1.0),6951,6,2025,73,
STATSNZ:AGR_AGR_003(1.0),7187,12,2025,,s
STATSNZ:AGR_AGR_003(1.0),6949,10,2025,6127,
STATSNZ:AGR_AGR_003(1.0),6723,12,2025,,s
STATSNZ:AGR_AGR_003(1.0),7057,11,2025,1962,
STATSNZ:AGR_AGR_003(1.0),7688,19,2025,88961,
STATSNZ:AGR_AGR_003(1.0),7072,17,2025,5630,
STATSNZ:AGR_AGR_003(1.0),6738,19,2025,1398777,
STATSNZ:AGR_AGR_003(1.0),6702,15,2025,2721742,
STATSNZ:AGR_AGR_003(1.0),6702,9,2025,977177,
STATSNZ:AGR_AGR_003(1.0),6949,6,2025,440,
STATSNZ:AGR_AGR_003(1.0),7185,14,2025,1736,
STATSNZ:AGR_AGR_003(1.0),6703,3,2025,1340553,
STATSNZ:AGR_AGR_003(1.0),7193,15,2025,1337343,
STATSNZ:AGR_AGR_003(1.0),7185,13,2025,115,
STATSNZ:AGR_AGR_003(1.0),7688,13,2025,187,
STATSNZ:AGR_AGR_003(1.0),7184,11,2025,10487,
STATSNZ:AGR_AGR_003(1.0),6702,1,2025,142226,
STATSNZ:AGR_AGR_003(1.0),6727,5,2025,,s
STATSNZ:AGR_AGR_003(1.0),6727,11,2025,791,
STATSNZ:AGR_AGR_003(1.0),7696,8,2025,,s
STATSNZ:AGR_AGR_003(1.0),6722,5,2025,18695,
STATSNZ:AGR_AGR_003(1.0),7685,1,2025,649,
STATSNZ:AGR_AGR_003(1.0),7188,5,2025,,s
STATSNZ:AGR_AGR_003(1.0),6954,18,2025,0,
STATSNZ:AGR_AGR_003(1.0),6703,10,2025,10576407,
STATSNZ:AGR_AGR_003(1.0),7067,19,2025,152587,
STATSNZ:AGR_AGR_003(1.0),6722,4,2025,,s
STATSNZ:AGR_AGR_003(1.0),7185,7,2025,,s
STATSNZ:AGR_AGR_003(1.0),7193,4,2025,290819,
STATSNZ:AGR_AGR_003(1.0),7190,11,2025,42364,
STATSNZ:AGR_AGR_003(1.0),7065,19,2025,52896,
STATSNZ:AGR_AGR_003(1.0),6738,11,2025,22347,
STATSNZ:AGR_AGR_003(1.0),7699,4,2025,14193,
STATSNZ:AGR_AGR_003(1.0),7077,17,2025,206638,
STATSNZ:AGR_AGR_003(1.0),7068,20,2025,74720,
STATSNZ:AGR_AGR_003(1.0),6724,12,2025,,s
STATSNZ:AGR_AGR_003(1.0),7685,16,2025,,s
STATSNZ:AGR_AGR_003(1.0),7190,6,2025,31816,
STATSNZ:AGR_AGR_003(1.0),7696,14,2025,,s
STATSNZ:AGR_AGR_003(1.0),7067,6,2025,40675,
STATSNZ:AGR_AGR_003(1.0),7074,14,2025,8456,
STATSNZ:AGR_AGR_003(1.0),6723,5,2025,112507,
STATSNZ:AGR_AGR_003(1.0),7067,10,2025,269747,
STATSNZ:AGR_AGR_003(1.0),6727,19,2025,188237,
STATSNZ:AGR_AGR_003(1.0),6953,11,2025,,s
STATSNZ:AGR_AGR_003(1.0),7193,5,2025,4076,
STATSNZ:AGR_AGR_003(1.0),6955,20,2025,540340,
STATSNZ:AGR_AGR_003(1.0),7058,13,2025,2120,
STATSNZ:AGR_AGR_003(1.0),7066,18,2025,,s
STATSNZ:AGR_AGR_003(1.0),7699,18,2025,0,
STATSNZ:AGR_AGR_003(1.0),6701,7,2025,31246,
STATSNZ:AGR_AGR_003(1.0),7071,19,2025,,s
STATSNZ:AGR_AGR_003(1.0),6949,7,2025,,s
STATSNZ:AGR_AGR_003(1.0),7187,4,2025,215256,
STATSNZ:AGR_AGR_003(1.0),6727,1,2025,,s
STATSNZ:AGR_AGR_003(1.0),6722,14,2025,,s
STATSNZ:AGR_AGR_003(1.0),7187,17,2025,494071,
STATSNZ:AGR_AGR_003(1.0),7072,3,2025,40116,
STATSNZ:AGR_AGR_003(1.0),7190,4,2025,187771,
STATSNZ:AGR_AGR_003(1.0),6738,4,2025,13966,
STATSNZ:AGR_AGR_003(1.0),7067,8,2025,64263,
STATSNZ:AGR_AGR_003(1.0),7066,20,2025,440236,
STATSNZ:AGR_AGR_003(1.0),6954,9,2025,6323,
STATSNZ:AGR_AGR_003(1.0),7185,18,2025,0,
STATSNZ:AGR_AGR_003(1.0),6727,2,2025,,s
STATSNZ:AGR_AGR_003(1.0),6702,4,2025,211635,
STATSNZ:AGR_AGR_003(1.0),7810,16,2025,,s
STATSNZ:AGR_AGR_003(1.0),7077,11,2025,36872,
STATSNZ:AGR_AGR_003(1.0),6720,13,2025,3469,
STATSNZ:AGR_AGR_003(1.0),7188,14,2025,,s
STATSNZ:AGR_AGR_003(1.0),7074,18,2025,2802,
STATSNZ:AGR_AGR_003(1.0),6702,19,2025,9845858,
STATSNZ:AGR_AGR_003(1.0),7057,15,2025,,s
STATSNZ:AGR_AGR_003(1.0),7188,7,2025,22926,
STATSNZ:AGR_AGR_003(1.0),7058,2,2025,6243,
STATSNZ:AGR_AGR_003(1.0),7190,10,2025,2250960,
STATSNZ:AGR_AGR_003(1.0),6727,15,2025,73920,
STATSNZ:AGR_AGR_003(1.0),7810,20,2025,,s
STATSNZ:AGR_AGR_003(1.0),7810,14,2025,,s
STATSNZ:AGR_AGR_003(1.0),7696,12,2025,,s
STATSNZ:AGR_AGR_003(1.0),6701,8,2025,241849,
STATSNZ:AGR_AGR_003(1.0),7066,19,2025,134535,
STATSNZ:AGR_AGR_003(1.0),7074,3,2025,100078,
STATSNZ:AGR_AGR_003(1.0),7699,10,2025,190285,
STATSNZ:AGR_AGR_003(1.0),7187,20,2025,4546098,
STATSNZ:AGR_AGR_003(1.0),7184,5,2025,834,
STATSNZ:AGR_AGR_003(1.0),6951,2,2025,,s
STATSNZ:AGR_AGR_003(1.0),6721,17,2025,2196360,
STATSNZ:AGR_AGR_003(1.0),7057,12,2025,,s
STATSNZ:AGR_AGR_003(1.0),7184,10,2025,459204,
STATSNZ:AGR_AGR_003(1.0),6720,11,2025,2153,
STATSNZ:AGR_AGR_003(1.0),7186,16,2025,3560,
STATSNZ:AGR_AGR_003(1.0),7688,2,2025,1151,
STATSNZ:AGR_AGR_003(1.0),6701,2,2025,,s
STATSNZ:AGR_AGR_003(1.0),6703,18,2025,,s
STATSNZ:AGR_AGR_003(1.0),7185,15,2025,,s
STATSNZ:AGR_AGR_003(1.0),6724,18,2025,,s
STATSNZ:AGR_AGR_003(1.0),6949,17,2025,,s
STATSNZ:AGR_AGR_003(1.0),7699,13,2025,1350,
STATSNZ:AGR_AGR_003(1.0),6738,18,2025,,s
STATSNZ:AGR_AGR_003(1.0),7688,14,2025,,s
STATSNZ:AGR_AGR_003(1.0),6724,2,2025,62039,
STATSNZ:AGR_AGR_003(1.0),7186,5,2025,,s
STATSNZ:AGR_AGR_003(1.0),7058,12,2025,,s
STATSNZ:AGR_AGR_003(1.0),6955,18,2025,0,
STATSNZ:AGR_AGR_003(1.0),6703,1,2025,155172,
STATSNZ:AGR_AGR_003(1.0),7699,5,2025,13781,
STATSNZ:AGR_AGR_003(1.0),6702,6,2025,1948302,
STATSNZ:AGR_AGR_003(1.0),6949,13,2025,,s
STATSNZ:AGR_AGR_003(1.0),6727,14,2025,,s
STATSNZ:AGR_AGR_003(1.0),6951,4,2025,,s
STATSNZ:AGR_AGR_003(1.0),7071,1,2025,11452,
STATSNZ:AGR_AGR_003(1.0),6738,7,2025,,s
STATSNZ:AGR_AGR_003(1.0),6949,2,2025,917,
STATSNZ:AGR_AGR_003(1.0),7067,1,2025,26003,
STATSNZ:AGR_AGR_003(1.0),7056,15,2025,134926,
STATSNZ:AGR_AGR_003(1.0),6731,20,2025,23252463,
STATSNZ:AGR_AGR_003(1.0),7071,20,2025,,s
STATSNZ:AGR_AGR_003(1.0),7058,7,2025,4747,
STATSNZ:AGR_AGR_003(1.0),7066,11,2025,4913,
STATSNZ:AGR_AGR_003(1.0),7685,18,2025,0,
STATSNZ:AGR_AGR_003(1.0),7067,11,2025,4025,
STATSNZ:AGR_AGR_003(1.0),6723,15,2025,251181,
STATSNZ:AGR_AGR_003(1.0),7064,11,2025,4960,
STATSNZ:AGR_AGR_003(1.0),6720,14,2025,,s
STATSNZ:AGR_AGR_003(1.0),7057,19,2025,69834,
STATSNZ:AGR_AGR_003(1.0),6701,17,2025,178419,
STATSNZ:AGR_AGR_003(1.0),7687,3,2025,15951,
STATSNZ:AGR_AGR_003(1.0),7686,14,2025,,s
STATSNZ:AGR_AGR_003(1.0),6953,16,2025,5742,
STATSNZ:AGR_AGR_003(1.0),7193,1,2025,274619,
STATSNZ:AGR_AGR_003(1.0),6702,11,2025,171927,
STATSNZ:AGR_AGR_003(1.0),6953,3,2025,23647,
STATSNZ:AGR_AGR_003(1.0),7073,8,2025,41285,
STATSNZ:AGR_AGR_003(1.0),7066,14,2025,2238,
STATSNZ:AGR_AGR_003(1.0),7059,16,2025,24418,
STATSNZ:AGR_AGR_003(1.0),6720,20,2025,219007,
STATSNZ:AGR_AGR_003(1.0),7057,18,2025,,s
STATSNZ:AGR_AGR_003(1.0),7066,15,2025,75566,
STATSNZ:AGR_AGR_003(1.0),7071,7,2025,1038,
STATSNZ:AGR_AGR_003(1.0),7058,15,2025,,s
STATSNZ:AGR_AGR_003(1.0),6951,8,2025,314,
STATSNZ:AGR_AGR_003(1.0),7185,8,2025,4712,
STATSNZ:AGR_AGR_003(1.0),7687,7,2025,,s
STATSNZ:AGR_AGR_003(1.0),7185,10,2025,35761,
STATSNZ:AGR_AGR_003(1.0),7059,2,2025,16386,
STATSNZ:AGR_AGR_003(1.0),7058,8,2025,19906,
STATSNZ:AGR_AGR_003(1.0),7067,17,2025,27898,
STATSNZ:AGR_AGR_003(1.0),7064,8,2025,75667,
STATSNZ:AGR_AGR_003(1.0),6738,9,2025,157754,
STATSNZ:AGR_AGR_003(1.0),6723,11,2025,13950,
STATSNZ:AGR_AGR_003(1.0),7065,9,2025,7029,
STATSNZ:AGR_AGR_003(1.0),7074,9,2025,42869,
STATSNZ:AGR_AGR_003(1.0),6723,9,2025,86520,
STATSNZ:AGR_AGR_003(1.0),7184,16,2025,41121,
STATSNZ:AGR_AGR_003(1.0),7185,12,2025,,s
STATSNZ:AGR_AGR_003(1.0),7068,1,2025,4779,
STATSNZ:AGR_AGR_003(1.0),7056,4,2025,,s
STATSNZ:AGR_AGR_003(1.0),7066,17,2025,20312,
STATSNZ:AGR_AGR_003(1.0),6738,5,2025,,s
STATSNZ:AGR_AGR_003(1.0),7699,3,2025,41558,
STATSNZ:AGR_AGR_003(1.0),6955,16,2025,23219,
STATSNZ:AGR_AGR_003(1.0),6951,10,2025,1100,
STATSNZ:AGR_AGR_003(1.0),7064,20,2025,515071,
STATSNZ:AGR_AGR_003(1.0),7058,20,2025,154338,
STATSNZ:AGR_AGR_003(1.0),7057,5,2025,7593,
STATSNZ:AGR_AGR_003(1.0),6951,20,2025,5216,
STATSNZ:AGR_AGR_003(1.0),7057,4,2025,3319,
STATSNZ:AGR_AGR_003(1.0),6720,8,2025,44624,
STATSNZ:AGR_AGR_003(1.0),7686,17,2025,30365,
STATSNZ:AGR_AGR_003(1.0),7184,9,2025,,s
STATSNZ:AGR_AGR_003(1.0),7071,17,2025,,s
STATSNZ:AGR_AGR_003(1.0),6724,3,2025,170950,
STATSNZ:AGR_AGR_003(1.0),7057,1,2025,,s
STATSNZ:AGR_AGR_003(1.0),7067,12,2025,,s
STATSNZ:AGR_AGR_003(1.0),7696,16,2025,39591,
STATSNZ:AGR_AGR_003(1.0),6701,14,2025,,s
STATSNZ:AGR_AGR_003(1.0),7065,18,2025,,s
STATSNZ:AGR_AGR_003(1.0),7067,4,2025,11030,
STATSNZ:AGR_AGR_003(1.0),6720,6,2025,21838,
STATSNZ:AGR_AGR_003(1.0),7064,13,2025,6662,
STATSNZ:AGR_AGR_003(1.0),7188,20,2025,250690,
STATSNZ:AGR_AGR_003(1.0),7074,7,2025,29781,
STATSNZ:AGR_AGR_003(1.0),7065,7,2025,8116,
STATSNZ:AGR_AGR_003(1.0),7056,1,2025,46093,
STATSNZ:AGR_AGR_003(1.0),7184,13,2025,1294,
STATSNZ:AGR_AGR_003(1.0),7685,3,2025,9743,
STATSNZ:AGR_AGR_003(1.0),7056,9,2025,36136,
STATSNZ:AGR_AGR_003(1.0),7685,9,2025,,s
STATSNZ:AGR_AGR_003(1.0),7064,10,2025,338467,
STATSNZ:AGR_AGR_003(1.0),7686,16,2025,18813,
STATSNZ:AGR_AGR_003(1.0),7064,7,2025,16570,
STATSNZ:AGR_AGR_003(1.0),7058,19,2025,48811,
STATSNZ:AGR_AGR_003(1.0),7064,12,2025,,s
STATSNZ:AGR_AGR_003(1.0),7186,13,2025,6,
STATSNZ:AGR_AGR_003(1.0),6949,16,2025,1017,
STATSNZ:AGR_AGR_003(1.0),6954,3,2025,26491,
STATSNZ:AGR_AGR_003(1.0),7687,8,2025,,s
STATSNZ:AGR_AGR_003(1.0),6724,11,2025,32000,
STATSNZ:AGR_AGR_003(1.0),7696,17,2025,53853,
STATSNZ:AGR_AGR_003(1.0),7190,18,2025,0,
STATSNZ:AGR_AGR_003(1.0),7059,20,2025,354803,
STATSNZ:AGR_AGR_003(1.0),7696,19,2025,186264,
STATSNZ:AGR_AGR_003(1.0),7699,15,2025,247718,
STATSNZ:AGR_AGR_003(1.0),6720,2,2025,,s
STATSNZ:AGR_AGR_003(1.0),6703,2,2025,,s
STATSNZ:AGR_AGR_003(1.0),7187,6,2025,44874,
STATSNZ:AGR_AGR_003(1.0),6703,6,2025,2058101,
STATSNZ:AGR_AGR_003(1.0),7186,7,2025,4576,
STATSNZ:AGR_AGR_003(1.0),6721,9,2025,699810,
STATSNZ:AGR_AGR_003(1.0),6701,19,2025,524388,
STATSNZ:AGR_AGR_003(1.0),7067,14,2025,4358,
STATSNZ:AGR_AGR_003(1.0),7057,17,2025,16130,
STATSNZ:AGR_AGR_003(1.0),6721,20,2025,14422213,
STATSNZ:AGR_AGR_003(1.0),6702,2,2025,,s
STATSNZ:AGR_AGR_003(1.0),6951,15,2025,3881,
STATSNZ:AGR_AGR_003(1.0),7058,1,2025,15890,
STATSNZ:AGR_AGR_003(1.0),6724,5,2025,161807,
STATSNZ:AGR_AGR_003(1.0),7696,3,2025,13858,
STATSNZ:AGR_AGR_003(1.0),7065,11,2025,1588,
STATSNZ:AGR_AGR_003(1.0),7072,6,2025,,s
STATSNZ:AGR_AGR_003(1.0),7686,8,2025,10036,
STATSNZ:AGR_AGR_003(1.0),7686,6,2025,8484,
STATSNZ:AGR_AGR_003(1.0),7067,2,2025,,s
STATSNZ:AGR_AGR_003(1.0),7077,9,2025,144086,
STATSNZ:AGR_AGR_003(1.0),7072,13,2025,711,
STATSNZ:AGR_AGR_003(1.0),7077,3,2025,558418,
STATSNZ:AGR_AGR_003(1.0),7699,17,2025,143606,
STATSNZ:AGR_AGR_003(1.0),7072,18,2025,440,
STATSNZ:AGR_AGR_003(1.0),7688,3,2025,6999,
STATSNZ:AGR_AGR_003(1.0),6951,11,2025,0,
STATSNZ:AGR_AGR_003(1.0),7190,7,2025,360366,
STATSNZ:AGR_AGR_003(1.0),7072,9,2025,7762,
STATSNZ:AGR_AGR_003(1.0),6703,17,2025,3356578,
STATSNZ:AGR_AGR_003(1.0),6949,12,2025,,s
STATSNZ:AGR_AGR_003(1.0),7073,13,2025,,s
STATSNZ:AGR_AGR_003(1.0),6703,8,2025,4024372,
STATSNZ:AGR_AGR_003(1.0),6953,6,2025,3406,
STATSNZ:AGR_AGR_003(1.0),7066,10,2025,305702,
STATSNZ:AGR_AGR_003(1.0),6721,14,2025,30664,
STATSNZ:AGR_AGR_003(1.0),7074,10,2025,592794,
STATSNZ:AGR_AGR_003(1.0),7687,17,2025,67648,
STATSNZ:AGR_AGR_003(1.0),7068,16,2025,,s
STATSNZ:AGR_AGR_003(1.0),7187,15,2025,1071933,
STATSNZ:AGR_AGR_003(1.0),7688,20,2025,118318,
STATSNZ:AGR_AGR_003(1.0),7688,9,2025,703,
STATSNZ:AGR_AGR_003(1.0),6723,13,2025,12856,
STATSNZ:AGR_AGR_003(1.0),7186,9,2025,,s
STATSNZ:AGR_AGR_003(1.0),7187,8,2025,337861,
STATSNZ:AGR_AGR_003(1.0),7071,2,2025,2278,
STATSNZ:AGR_AGR_003(1.0),6702,17,2025,3178159,
STATSNZ:AGR_AGR_003(1.0),7059,14,2025,2143,
STATSNZ:AGR_AGR_003(1.0),6723,16,2025,192659,
STATSNZ:AGR_AGR_003(1.0),7188,18,2025,0,
STATSNZ:AGR_AGR_003(1.0),7190,5,2025,2410,
STATSNZ:AGR_AGR_003(1.0),6722,1,2025,4238,
STATSNZ:AGR_AGR_003(1.0),7686,5,2025,2721,
STATSNZ:AGR_AGR_003(1.0),7073,18,2025,51,
STATSNZ:AGR_AGR_003(1.0),6702,14,2025,,s
STATSNZ:AGR_AGR_003(1.0),7184,18,2025,0,
STATSNZ:AGR_AGR_003(1.0),7184,7,2025,67071,
STATSNZ:AGR_AGR_003(1.0),6949,20,2025,19840,
STATSNZ:AGR_AGR_003(1.0),7193,8,2025,436024,
STATSNZ:AGR_AGR_003(1.0),7064,17,2025,31402,
STATSNZ:AGR_AGR_003(1.0),7073,3,2025,41637,
STATSNZ:AGR_AGR_003(1.0),7077,13,2025,47081,
STATSNZ:AGR_AGR_003(1.0),7187,19,2025,1968676,
STATSNZ:AGR_AGR_003(1.0),7064,15,2025,82954,
STATSNZ:AGR_AGR_003(1.0),6703,12,2025,,s
STATSNZ:AGR_AGR_003(1.0),6723,4,2025,24330,
STATSNZ:AGR_AGR_003(1.0),7065,5,2025,,s
STATSNZ:AGR_AGR_003(1.0),7072,2,2025,,s
STATSNZ:AGR_AGR_003(1.0),7072,7,2025,4145,
STATSNZ:AGR_AGR_003(1.0),6955,14,2025,30,
STATSNZ:AGR_AGR_003(1.0),7067,9,2025,14980,
STATSNZ:AGR_AGR_003(1.0),7186,3,2025,20986,
STATSNZ:AGR_AGR_003(1.0),7072,12,2025,,s
STATSNZ:AGR_AGR_003(1.0),7071,16,2025,8962,
STATSNZ:AGR_AGR_003(1.0),6951,17,2025,,s
STATSNZ:AGR_AGR_003(1.0),7074,2,2025,17053,
STATSNZ:AGR_AGR_003(1.0),6953,19,2025,145652,
STATSNZ:AGR_AGR_003(1.0),7068,17,2025,6561,
STATSNZ:AGR_AGR_003(1.0),7073,1,2025,35428,
STATSNZ:AGR_AGR_003(1.0),7699,19,2025,521880,
STATSNZ:AGR_AGR_003(1.0),6701,12,2025,,s
STATSNZ:AGR_AGR_003(1.0),6731,10,2025,11487659,
STATSNZ:AGR_AGR_003(1.0),6724,10,2025,1800207,
STATSNZ:AGR_AGR_003(1.0),7074,15,2025,156726,
STATSNZ:AGR_AGR_003(1.0),7056,19,2025,318598,
STATSNZ:AGR_AGR_003(1.0),7810,17,2025,1961,
STATSNZ:AGR_AGR_003(1.0),7810,10,2025,21504,
STATSNZ:AGR_AGR_003(1.0),6731,11,2025,194237,
STATSNZ:AGR_AGR_003(1.0),7187,11,2025,51891,
STATSNZ:AGR_AGR_003(1.0),6731,9,2025,1165154,
STATSNZ:AGR_AGR_003(1.0),7186,10,2025,43798,
STATSNZ:AGR_AGR_003(1.0),6721,18,2025,,s
STATSNZ:AGR_AGR_003(1.0),6949,18,2025,0,
STATSNZ:AGR_AGR_003(1.0),6951,13,2025,,s
STATSNZ:AGR_AGR_003(1.0),7074,20,2025,948253,
STATSNZ:AGR_AGR_003(1.0),7686,19,2025,106619,
STATSNZ:AGR_AGR_003(1.0),7696,18,2025,0,
STATSNZ:AGR_AGR_003(1.0),7073,16,2025,13908,
STATSNZ:AGR_AGR_003(1.0),6721,19,2025,7290425,
STATSNZ:AGR_AGR_003(1.0),7058,18,2025,,s
STATSNZ:AGR_AGR_003(1.0),7068,13,2025,924,
STATSNZ:AGR_AGR_003(1.0),6731,8,2025,4309252,
STATSNZ:AGR_AGR_003(1.0),7696,2,2025,2047,
STATSNZ:AGR_AGR_003(1.0),7071,6,2025,,s
STATSNZ:AGR_AGR_003(1.0),6722,16,2025,,s
STATSNZ:AGR_AGR_003(1.0),7068,15,2025,10525,
